domain,count
,41290
www.bbc.co.uk,14510
cy.wikipedia.org,12139
golwg360.cymru,11207
cy.m.wikipedia.org,8166
llyw.cymru,7628
www.bbc.com,7343
www.bangor.ac.uk,7100
cy.martech.zone,6604
www.cardiff.ac.uk,6534
cy.eureporter.co,6262
golwg.360.cymru,5533
www.swansea.ac.uk,4895
newspapers.library.wales,4838
testunau.org,4617
www.aber.ac.uk,4003
cy.hiloved.com,3912
cy.wondershare.com,2736
businesswales.gov.wales,2667
lleol.cymru,2632
wales.gov.uk,2457
www.lleol.cymru,2360
cy.powys.gov.uk,2069
newyddion.wrecsam.gov.uk,2065
cy.tierient.com,2065
www.rctcbc.gov.uk,1942
www.soydemac.com,1929
www.biblesociety.org.uk,1905
cy.chatroulette20.com,1890
www.bridgend.gov.uk,1860
uwtsd.ac.uk,1794
www.amgueddfacymru.ac.uk,1694
cy.geofumadas.com,1472
amgueddfa.cymru,1461
selar.cymru,1451
naturalresources.wales,1441
www.abertawe.gov.uk,1433
www.ceredigion.gov.uk,1374
www.valeofglamorgan.gov.uk,1368
www.s4c.cymru,1339
rexonline.co.uk,1334
blogs.cardiff.ac.uk,1317
www.caerdydd.ac.uk,1307
news.bbc.co.uk,1229
oclmenai.blogspot.com,1185
www.sir-benfro.gov.uk,1185
bywgraffiadur.cymru,1183
newyddion.s4c.cymru,1139
www.glyndwr.ac.uk,1101
newyddioncaerdydd.co.uk,1096
papuraunewydd.llyfrgell.cymru,1078
www.siryfflint.gov.uk,1064
gov.wales,1063
www.uwtsd.ac.uk,1056
www.ylolfa.com,1020
www.biblegateway.com,1018
journals.library.wales,996
www.sirgar.llyw.cymru,986
www.plaid.cymru,975
cymru.assemblies.org.uk,953
cymdeithas.cymru,937
www.actualidadgadget.com,935
www.nationaltrust.org.uk,933
www.gwynedd.llyw.cymru,931
asturiasyngymraeg.wordpress.com,929
www.meteorologiaenred.com,913
new.wales.gov.uk,894
www.open.edu,887
www.southwalesbusiness.co.uk,860
www.conwy.gov.uk,855
www.poblcaerdydd.com,849
www.southwales.ac.uk,846
hombresconestilo.com,842
www.dyfed-powys.police.uk,822
busnes.senedd.cymru,820
www.legislation.gov.uk,787
seneddymchwil.blog,785
www.food.gov.uk,778
www.actualidadiphone.com,778
cyfarfodyddpwyllgor.siryfflint.gov.uk,778
www.ofcom.org.uk,777
www.moneyadviceservice.org.uk,762
cy.pacificrimstreetfest.com,756
cristnogaeth21.cymru,751
cy.everydayprayerguide.com,750
www.internetmatters.org,746
www.mudiad-efengylaidd.org,740
www.cymraeg.traveline.cymru,727
aber.ac.uk,726
www.nptcgroup.ac.uk,723
www.dailypost.co.uk,721
senedd.cymru,719
www.coleggwent.ac.uk,717
cadw.gov.wales,699
www.moneyhelper.org.uk,694
www.cymoedd.ac.uk,690
www.torfaen.gov.uk,682
www.llyfrgell.cymru,653
help.blackboard.com,652
cy.extendoffice.com,649
www.saveatrain.com,646
www.actualidadliteratura.com,617
www.jw.org,614
cy.slots4play.com,609
walesnewsonline.com,603
www.chwaraeon.cymru,602
naturalresourceswales.gov.uk,601
cymru1914.org,598
images-1.swan.ac.uk,597
wcva.cymru,596
www.s4c.co.uk,594
cymraeg.cambria.ac.uk,591
cyfryngau.gwasanaeth.llyw.cymru,585
www.arfordirpenfro.cymru,581
cy.broadcastbeat.com,579
www.blogiadur.com,576
www.wmc.org.uk,576
icc.gig.cymru,572
www.llenyddiaethcymru.org,572
www.colegsirgar.ac.uk,553
aagic.gig.cymru,553
cy.flatpyramid.com,551
democratiaeth.ynysmon.gov.uk,549
www.powys.gov.uk,549
www.careerswales.com,540
complexfluids.swansea.ac.uk,536
maes-e.com,536
extraoglasi.com,532
www.goconstruct.org,532
www.wlga.cymru,531
abertawe.gov.uk,530
www.south-wales.police.uk,530
developmentbank.wales,527
www.audit.wales,516
bipba.gig.cymru,515
emmareese.blogspot.com,513
www.exchangewales.org,512
bipbc.gig.cymru,511
cy.rayhaber.com,509
democratiaeth.sirgar.llyw.cymru,507
cy.suenee.cz,503
cy.planetlibre.es,502
old.assemblies.org.uk,502
meddwl.org,501
www.caerffili.gov.uk,496
cof.uwchgwyrfai.cymru,496
tiktak-exlusives.news,493
cy.wevino.store,488
www.stepbible.org,484
pigion.wordpress.com,480
prnewslink.net,476
stokepic.com,475
garddfotaneg.cymru,474
www.ferryto.com,472
broaber.360.cymru,472
rhysllwyd.com,471
www.scarlets.wales,466
www.cambria.ac.uk,466
clonc360.cymru,463
www.siopyfelin.co.uk,462
cy.wkg-ch.org,459
www.gcs.ac.uk,459
www.gllm.ac.uk,458
comme-un-pro.fr,452
www.monmouthshire.gov.uk,450
www.snowdonia-society.org.uk,447
www.walesonline.co.uk,443
www.newport.gov.uk,443
cavc.ac.uk,443
cy.realtyww.info,440
www.ombwdsmon.cymru,440
gronyn.wordpress.com,439
cbhc.gov.uk,432
www.ambiwlansawyrcymru.com,432
awenteifi.com,429
www.casgliadywerin.cymru,426
www.npt.gov.uk,424
www.rikoooo.com,420
apkoll.com,416
www.businesslanguageservices.co.uk,416
www.blaenau-gwent.gov.uk,413
www.colegcymraeg.ac.uk,413
cy.nabzeshahr.org,411
ymchwil.senedd.cymru,404
www.equalityhumanrights.com,403
www.eventbrite.co.uk,399
www.abbreviationfinder.org,398
www.denbighshire.gov.uk,398
www.shermantheatre.co.uk,397
cy.video-chat.love,396
www.metcaerdydd.ac.uk,395
www.wales.ac.uk,393
cy.tonic-studios.co.uk,392
beta.conwy.gov.uk,391
haciaith.cymru,382
issuu.com,380
infini-wiki.org,379
www.wicid.tv,378
cy.pastureone.com,377
www.gov.uk,377
glyndwr.ac.uk,370
international-eisteddfod.co.uk,368
www.assembly.wales,365
atebol-siop.com,365
www.eryri.llyw.cymru,365
blogmawrcymru.org.uk,364
cy.eferrit.com,363
cymru.coop,361
www.rhunapiorwerth.cymru,355
www.gwent.police.uk,353
eisteddfod.cymru,352
cy.bestofwales.co.uk,351
dyfedarchaeology.org.uk,350
cy.onestu.com,348
cy.videochat.life,343
llafar-bro.blogspot.com,342
bipcaf.gig.cymru,341
lowrihafcooke.wordpress.com,340
clonc.360.cymru,338
m.cy.hanse-tile.com,337
www.croesocaerdydd.com,337
www.theatre-wales.co.uk,337
m.cy.xhpharm.net,335
moderngov.denbighshire.gov.uk,335
www.bannaubrycheiniog.org,335
cyfoethnaturiol.cymru,332
www.ynysmon.gov.uk,332
cadw.llyw.cymru,331
www.ggat.org.uk,328
www.electoralcommission.org.uk,328
www.leannerhondda.cymru,325
history.powys.org.uk,323
wici.porth.ac.uk,321
newyddion.sirgar.llyw.cymru,320
casglwr.org,320
www.nationaltheatrewales.org,320
cardiffstudentmedia.co.uk,319
cymru-wales.tal.net,318
www.bezzia.com,318
pcgc.gig.cymru,318
www.dewis.cymru,317
democratiaeth.gwynedd.llyw.cymru,316
www.wrexham.gov.uk,315
dysgucymraeg.cymru,314
www.tangogleddcymru.llyw.cymru,314
pedwargwynt.cymru,311
cyrsiau.aber.ac.uk,310
www.inyourarea.co.uk,309
einpobl.sirgar.llyw.cymru,309
www.estyn.llyw.cymru,308
mentrauiaith.cymru,306
llanellionline.news,305
annibynwyr.org,305
cy.video-chat.cn,303
www.plaidcymruarfon.org,300
www.caerphilly.gov.uk,300
www.forestry.gov.uk,299
www.cardiff.gov.uk,298
cy.teles-relay.com,298
gloman.blogspot.com,298
bipab.gig.cymru,297
www.heritagefund.org.uk,297
biphdd.gig.cymru,296
newyddion.sirgar.gov.uk,293
www.clwbmynyddacymru.com,292
pembrokeshire-herald.com,291
archive.thesprout.co.uk,290
www.tnlcommunityfund.org.uk,289
gofalcymdeithasol.cymru,288
www.flintshire.gov.uk,287
cy.almancax.com,283
www.btp.police.uk,279
www.citb.co.uk,278
www.turas.tv,277
chcymru.org.uk,277
cy.info-4all.ru,275
lshubwales.com,272
acronyms.thefreedictionary.com,269
sites.cardiff.ac.uk,267
www.absolutviajes.com,267
www.sefydliaddysguagwaith.cymru,265
cy.videochat.cafe,265
www.carreg-gwalch.com,264
www2.plaid.cymru,264
welsh.hccmpw.org.uk,263
www.northwaleswildlifetrust.org.uk,262
anffyddiaeth.blogspot.com,261
www.croeso.cymru,261
rctcbc.gov.uk,259
www.umaber.co.uk,259
www.recursosdeautoayuda.com,259
irc.swansea.ac.uk,259
www.principality.co.uk,257
cy.visitconwy.org.uk,257
glynadda.wordpress.com,256
historypoints.org,256
deisebau.senedd.cymru,254
www.gomer.co.uk,254
monfm.net,254
cy.gamegame24.com,250
www.cymdeithasddysgedig.cymru,250
www.cynulliad.cymru,250
www.eteach.com,250
www.mind.org.uk,249
cy.vacances-promo-tunisie.com,248
cy.aasraw.com,248
cy.buy-us.net,248
wales.lovefoodhatewaste.com,247
leadlearners.org,247
arts.wales,245
archifaumorgannwg.wordpress.com,245
www.meithrin.cymru,245
www.dyfedarchaeology.org.uk,244
aura.cymru,242
www.cafc.cymru,242
www.cardiffcapitalregion.wales,242
cyfoethnaturiolcymru.gov.uk,241
alcoholchange.org.uk,241
www.complantcymru.org.uk,241
www.engineering.swan.ac.uk,240
www.newydd.co.uk,240
www.pembrokeshirecoast.wales,240
fideowyth.com,240
wordpress.aber.ac.uk,239
www.merthyr.gov.uk,239
www.ewc.wales,237
wno.org.uk,237
lifebogger.com,236
www.wowowfaucet.com,236
eatwelshlambandwelshbeef.com,235
www.grwpcynefin.org,235
www.colegau.cymru,235
findajob.dwp.gov.uk,233
na-nog.com,233
archif.abertawe.gov.uk,233
www.extendoffice.com,233
content.govdelivery.com,233
llyfrgelloedd.cymru,231
www.heneb.co.uk,231
arolygiaethgofal.cymru,231
theatr.cymru,231
eglwysibroaled.com,230
studentnewsletter.swan.ac.uk,230
www.visitpembrokeshire.com,230
www.breconbeacons.org,229
waleslitexchange.org,228
www.cpat.org.uk,228
gwenudanfysiau.blogspot.com,227
cymru.gov.uk,227
rhagolwg.gwynedd.llyw.cymru,226
gwanas.wordpress.com,226
www.gobaith.cymru,225
www.cambriantraining.com,224
www.sgilcymru.com,223
libguides.swansea.ac.uk,222
cy.video-chat.in,222
m.cy.keylux-ledlights.com,221
www.swan.ac.uk,221
www.cantonfair.net,220
www.gwent.pcc.police.uk,220
www.ystamp.cymru,219
www.gwynedd.gov.uk,218
cy.videochat.sx,218
m.cy.cardboarddisplay8.com,218
cjdropshipping.com,216
www.celfcymru.org.uk,216
wales.britishcouncil.org,215
cleciaucilgwri.blogspot.com,215
www.twinkl.co.uk,214
cyfnewidfaarferda.cymru,214
www.chapter.org,214
morris.cymru,213
www.darganfodsirgar.com,213
www.technocamps.com,212
www.keepwalestidy.cymru,211
www.bitbybitbook.com,210
ytwll.cymru,208
sizeofwales.org.uk,208
cdn.naturalresources.wales,208
webarchive.nationalarchives.gov.uk,208
ceredigionherald.com,207
pwyntteulu.cymru,204
www.datemypet.com,203
www.olderpeoplewales.com,203
henrechflin.blogspot.com,202
cantamil.com,201
www.futuregenerations.wales,201
www.wrecsam.gov.uk,201
www.citizensadvice.org.uk,201
www.uniswales.ac.uk,201
gpcpd.heiw.wales,200
m.cy.derflex-sign.com,199
www.safleswyddi.co.uk,199
cy.exospecial.com,199
www.ntfw.org,197
www.dyfedpowys-pcc.org.uk,197
fishingwales.net,196
newyddion.trc.cymru,196
communityfoundationwales.org.uk,195
fuw.org.uk,194
myuni.swansea.ac.uk,191
www.wcpp.org.uk,191
www.edenprojectcommunities.com,191
www.tynewydd.cymru,191
www.ebcpcw.cymru,191
www.welshfarmer.com,190
hwb.gov.wales,190
www.swanseascrutiny.co.uk,190
www.meiccymru.org,189
countyvoice.denbighshire.gov.uk,189
www.thefreelibrary.com,189
www.croesobaeabertawe.com,189
curiad.co.uk,188
www.sirddinbych.gov.uk,188
cy.dementia.stir.ac.uk,187
www.newyddioncaerdydd.co.uk,186
ubc.cymru,186
cy.isearch.de,185
www.renovablesverdes.com,185
avow.org,184
www.ceredigion.ac.uk,183
democratiaeth.cyngor.gwynedd.gov.uk,183
blog.llyfrgell.cymru,182
cy.sgames.org,182
www.cydweithredfagogleddcymru.cymru,181
www.gwastan-gogcymru.org.uk,181
finaig.org,181
www.aberystwythartscentre.co.uk,181
paulpesda.blogspot.com,181
www.urdd.cymru,180
www.wcva.org.uk,180
adultlearnersweek.wales,179
cymruncofio.org,179
www.elanvalley.org.uk,179
gwent.pcc.police.uk,179
llyfrau.cymru,178
www.fuw.org.uk,177
business.nptcgroup.ac.uk,176
rhysllwyd.blogspot.com,176
gofalwn.cymru,175
yba2-prawf.llgc.org.uk,175
www.senedd.cynulliad.cymru,174
kess2.ac.uk,174
www.adultlearning.wales,173
www.dylanthomas.com,173
blog.colegcymraeg.cymru,172
www.beibl.net,171
cy.playgame24.com,171
nael.cymru,171
wiserd.ac.uk,171
blog.cymru-llydaw.org.uk,170
parallel.cymru,170
www.decymru-tan.gov.uk,169
www.enjoyswanseabay.com,169
www.stonewallcymru.org.uk,168
mamcymru.wales,168
moderngov.wrecsam.gov.uk,167
cymraeg.aandbcymru.org.uk,167
www.franwen.com,167
www.wales-rfca.org,167
senedd.cynulliad.cymru,166
www.tancgc.gov.uk,166
www.theatrclwyd.com,166
neuadddewisantcaerdydd.co.uk,166
www.wao.gov.uk,165
da.fydd.org,164
www.cbac.co.uk,163
eryri.llyw.cymru,163
www.neuadddewisantcaerdydd.co.uk,163
m.cy.inocfiltration.com,162
thecomplaintbook.com,162
cym.eglwysyngnghymru.org.uk,162
cy.lawyers.cafe,162
businessnewswales.com,161
y-cymro.com,161
deritomos.cymru,161
law.gov.wales,161
careers.southwales.ac.uk,160
cy.videochat.world,160
www.churchinwales.org.uk,160
www.northeastwales.wales,159
wrexham.gov.uk,158
cy.visitbridgend.co.uk,158
cgwm.org.uk,158
llwybrarfordircymru.gov.uk,158
thesprout.co.uk,158
undod.cymru,157
aildysgu.blogspot.com,157
www.cymraeg.stdavidscollege.ac.uk,157
www.mietspiegelnews.com,157
www.melinhomes.co.uk,157
www.halenmon.com,157
partneriaeth-awyr-agored.co.uk,157
www.tuc.org.uk,156
cy.professionalsoccercoaching.com,156
www.peace-ed-campaign.org,156
ypapurgwyrdd.com,156
tipsavenue.com,155
www.gardenofwales.org.uk,155
trctrenau.cymru,155
cy.birmiss.com,155
www.wcia.org.uk,155
www.hefcw.ac.uk,154
cy.lsherb.com,154
m.cy.chinacouch.com,154
cy.itsmygame.org,154
www.thisisblythe.com,154
ycymro.cymru,153
angelblinds.co.uk,153
www.dwrcymru.com,153
www.lysh.cymru,153
www.hafal.org,153
www.iechydmeddwlcymru.net,152
cy.bengoshi.live,152
www.glynnvivian.co.uk,151
www.newportlive.co.uk,151
www.llaissirgar.org.uk,150
www.digitalcommunities.gov.wales,150
rct-theatres.co.uk,150
www.snowdoniaheritage.info,150
cwricwlwmigymru.llyw.cymru,150
carreg-gwalch.cymru,150
siop.llyfrgell.cymru,150
www.plantyngnghymru.org.uk,150
www.acouplefortheroad.com,149
chwaraecymru.org.uk,149
hanesdyffrynogwen.wordpress.com,148
www.cyllidmyfyrwyrcymru.co.uk,148
www.orieldavies.org,148
www.carmarthenshire.gov.uk,148
cy.gem.agency,148
cy.guides.instructure.com,147
www.barn.cymru,147
www.mawwfire.gov.uk,147
www.open.ac.uk,147
corporate.dwrcymru.com,147
thetesto.com,146
renewwales.org.uk,146
www.anturcymru.org.uk,145
sport.wales,145
www.visitblaenavon.co.uk,145
employability.gcs.ac.uk,145
help.swansea.ac.uk,145
www.comisiynyddygymraeg.cymru,145
www.ygbm.co.uk,145
gweld-gwyddoniaeth.co.uk,144
foe.cymru,144
swyddi.360.cymru,144
www.publichealthnetwork.cymru,144
cy.videochat.date,143
www.markdrakeford.com,142
traynews.com,142
www.jcpsolicitors.cymru,142
cy.ihorror.com,142
newsrule.com,142
www.stdavidshallcardiff.co.uk,141
cms.cyfoethnaturiol.cymru,141
www.ydds.ac.uk,141
keepingmewell.com,141
stdavidshospice.org.uk,140
rachub.blogspot.com,139
trc.cymru,138
dogfael.blogspot.com,138
gogosmart.ru,138
www.eryri-npa.gov.uk,138
bipctm.gig.cymru,138
mwldan.co.uk,138
www-2018.swansea.ac.uk,137
www.loveyourclothes.org.uk,137
ak4.co.uk,137
www.timetochangewales.org.uk,137
cylchgrawndylunio.com,136
www.cteg.org.uk,136
democratic.bridgend.gov.uk,136
bangor.eglwysyngnghymru.org.uk,136
www.cynnalcymru.com,135
stdavids.churchinwales.org.uk,135
www.southwales-fire.gov.uk,135
arasgwrnygraig.blogspot.com,135
www.organiccentrewales.org.uk,135
www.ucac.cymru,134
qualificationswales.org,133
gwallter.com,133
itstechschool.com,133
www.nwales-fireservice.org.uk,132
m.cy.yunchtitanium.com,132
www.rwcmd.ac.uk,132
penycymoeddcic.cymru,132
equalityhumanrights.com,132
www.childreninwales.org.uk,132
seneddieuenctid.senedd.cymru,131
www.wwha.co.uk,131
www.cronfabensiwndyfed.org.uk,131
www.hwlibre.com,130
ensemble.cymru,130
www.y-selar.co.uk,130
cy.potatosystem.ru,130
www.getsafeonline.org,129
www.caerdydd.gov.uk,129
ak3.co.uk,128
www.visitsnowdonia.info,128
athrofa.cymru,128
archifau.cymru,127
www.freedom-leisure.co.uk,127
cdn.cyfoethnaturiol.cymru,127
s4c.co.uk,127
www.atebionclwb.cymru,127
addysgwyr.cymru,127
www.golau.org,127
www.dyfodol.net,127
www.promo.cymru,127
www.creativecardiff.org.uk,127
cy.shopconwy.wales,127
digidoladata.blog.llyw.cymru,126
cy.visitllandudno.org.uk,126
cyfraith.llyw.cymru,126
cy.wikisource.org,125
cy.vootours.com,125
keepwalestidy.cymru,125
www.sainwales.com,125
wrapcymru.org.uk,124
senedd.wales,124
www.ofgem.gov.uk,124
cy.usa-casino-online.com,124
www.llgc.org.uk,124
actions-fuites-piscines.fr,123
www.engagetochange.org.uk,123
www.stpadarns.ac.uk,123
prosiectllongauu.cymru,123
www.felinfach.com,123
www.visitwales.com,123
chwaraeteg.com,122
www.pavo.org.uk,122
www.ldw.org.uk,122
www.dsbc.eu,122
thinkorchard.com,121
cy.byeonhosa.online,121
www.cavs.org.uk,121
www.nusconnect.org.uk,121
xn--lainformacin-bib.com,121
ymweldageryri.wordpress.com,120
www.demrhyddcymru.cymru,120
gogosmart.pro,120
www.ambulance.wales.nhs.uk,120
www.celf.cymru,120
cy.woopshop.com,120
www.maesawyr-caerdydd.com,119
www.rnib.org.uk,119
gyrfacymru.llyw.cymru,119
www.martinvrijland.nl,118
www.welsh-blood.org.uk,118
mabonapgwynfor.com,118
tafwyl.org,118
cy.top10supps.com,118
www.arferda.cymru,118
cambrianweb.com,118
www.actualidadviajes.com,118
community.nationaltheatrewales.org,117
www.anturwaunfawr.org,117
cy.bikeparkwales.com,117
www.plasmenai.co.uk,117
cy.mynaturalhairextensions.com,117
www.dredge.com,117
swanseaherald.com,117
creusbarc.cymru,117
alwaysaimhighevents.com,116
www.genuki.org.uk,115
www.tyfucymru.co.uk,115
en.sonamlyfra.cymru,114
kimkat.org,114
agic.org.uk,114
www.clwydianrangeanddeevalleyaonb.org.uk,114
www.peatonet.com,114
www.plentyndodchwareus.cymru,114
www.swyddle.com,113
ffynhonnaucymru.org.uk,113
cy.siopypethe.cymru,113
cy.real-estate.org.uk,113
cy.gov-civil-viseu.pt,112
newyddiontreftadaethcymru.blogspot.com,112
www.jardineriaon.com,112
www.assemblies.org.uk,112
cafc.cymru,112
bro.360.cymru,111
ffilmcymruwales.com,111
cymraeg.ncmh.info,111
sonamsin.cymru,111
ylolfa.wordpress.com,110
www.sirgaerfyrddin.gov.uk,110
www.sircaerffili.plaidcymru.org,110
www.rhiannon.co.uk,110
memphislacrosse.com,110
wales.getsafeonline.org,110
cy.dw-inductionheater.com,110
cy.phcoker.com,109
www.scarlets.co.uk,109
www.llanellionline.news,109
www.mobilecasinofreebonus.com,109
www.canolfangrefftrhuthun.org.uk,109
bloggarddiobethan.wordpress.com,109
jobs.theguardian.com,109
theparishtrust.org.uk,109
gamepron.com,108
merchedywawr.cymru,108
comoquiero.net,108
www.annibynwyr.org,108
aberconwy.conwy.sch.uk,108
www.packagingofchina.com,108
www.rspb.org.uk,107
www.rhiw.com,107
cy.yes.cymru,107
community.canvaslms.com,107
www.bubbleteapowderb2b.com,106
www.plaidgwynedd.cymru,106
audit.wales,106
www.erw.cymru,106
nantgwrtheyrn.cymru,106
gggc.gig.cymru,106
www.visitcaerphilly.com,106
biap.gig.cymru,105
www.snapcymru.org,105
www.careandrepair.org.uk,105
community.rspb.org.uk,105
cymunedaudigidol.llyw.cymru,105
www.welshwomensaid.org.uk,105
cy.bitcoinethereumnews.com,105
c3sc.org.uk,105
www.gwales.com,105
sportwales.org.uk,105
canolfanffilmcymru.org,104
www.allingtonhughes.co.uk,104
www.gweiddi.org,104
www.ymchwiliechydagofal.llyw.cymru,104
seguidores.online,104
www.wales.com,104
www.bargenddinesigbaeabertawe.cymru,104
www.pdr-consultancy.com,104
jobs.pembrokeshire.gov.uk,103
palasprint.com,103
www.dygynulliad.org,103
www.swyddle.cymru,103
cy.vessoft.com,103
clwbmynyddacymru.com,103
democracy.swansea.gov.uk,103
wales247.co.uk,103
orieldavies.org,102
cy.zxplay.net,102
afrikhepri.org,102
www.gwegogledd.cymru,102
smallworld.org.uk,102
online.glyndwr.ac.uk,102
phwwhocc.co.uk,102
colwynbayheritage.org.uk,102
www.janetfinchsaunders.org.uk,102
hanesceredigion.cymru,102
www.mentalhealthandmoneyadvice.org,102
ogwen.360.cymru,102
addysgynsirddinbych.wordpress.com,102
jobhelp.campaign.gov.uk,101
www.srs.wales,101
edit.citizensadvice.org.uk,101
blogcynulliad.com,100
educationbro.com,100
www.north-wales.police.uk,100
humanrightstracker.com,100
archwilio.cymru,100
hubcymruafrica.cymru,100
websetnet.net,100
www.carmarthenshiresvoice.org.uk,99
croeso.cymru,99
www.renewableuk-cymru.com,99
www.cwvys.org.uk,99
ytiwtor.org,99
cy.zxgame24.com,98
www.discoverceredigion.co.uk,98
news.tfwrail.wales,98
www.castell-caerdydd.com,98
tattoosartideas.com,98
business.bridgend.gov.uk,98
www.plaidifanc.org,98
cy.slaapschepen.nl,97
creativecardiff.org.uk,97
ncphwr.org.uk,97
blog.senedd.cymru,97
www.stemcymru.org.uk,97
lle.gov.wales,97
newsatw.com,96
cy.rhydywaun.org,96
articulture-wales.co.uk,96
www.lefelaubyw.co.uk,96
www.herald.wales,96
mietspiegelnews.com,96
walescoastpath.gov.uk,96
www.midwalesopera.co.uk,95
www.tycerdd.org,95
cy.tree-pictures.com,95
www.cwmnida.cymru,95
cynllunyfory.com,95
www.permacultureeden.com,94
jamiecarragher23.co.uk,94
kayswinburne.co.uk,94
www.yddwyolwyn.cymru,94
thedianabol.com,94
cy.intokildare.ie,94
www.achievingintourism.cymru,94
ifanmj.blogspot.com,94
www.llanelliherald.com,94
www.coinfalls.com,94
www.gweld-gwyddoniaeth.co.uk,94
trac.cymru,94
www.geoparcyfforestfawr.org.uk,93
wordsimilarity.com,93
cyfranddaliadaucymunedol.cymru.coop,93
m.cy.waverubber.com,93
ndcwales.co.uk,93
fairtradewales.com,93
www.sscecymru.co.uk,93
cy.advokater.live,93
democracy.monmouthshire.gov.uk,93
www.bafta.org,93
libguides.aber.ac.uk,93
www.ymweldageryri.info,93
www.wai.org.uk,93
ofunnygames.com,93
www.cytun.co.uk,92
www.linguashop.com,92
article.wn.com,92
cpat.org.uk,92
adogstrail.org.uk,92
www.darganfodceredigion.cymru,92
gosafe.org,91
www.rcpsych.ac.uk,91
homestartbb.co.uk,91
www.oriel.org.uk,91
www.taliesinartscentre.co.uk,91
www.cymru.ac.uk,91
www.financewales.co.uk,90
wai.org.uk,90
qualifications.wales,90
onestu.com,90
cy.videochat.mx,90
www.bwrdddiogelugogleddcymru.cymru,90
www.planed.org.uk,89
cy.jurister.live,89
www.coetiranian.org,89
www.barddas.cymru,89
www.ysgolglanmorfa.co.uk,89
cy.theworldmarch.org,89
www.actif.cymru,89
adroddiadblynyddolgwasanaethaucymdeithasolconwy.org.uk,89
www.adra.co.uk,89
gwyneddgreadigol.com,88
wales.business-events.org.uk,88
cyfrifiad.gov.uk,88
cy.ccsticker.com,88
ww.rct-theatres.co.uk,88
www.buw.org.uk,87
archives.library.wales,87
cy.videochat.tv.br,87
decipher.uk.net,87
a2connect.org,87
www.llwybrau.org,87
www.volunteercardiff.co.uk,87
www.printpeppermint.com,87
www.livemusicnow.org.uk,86
www.markedbyteachers.com,86
www.chwaraeonanableddcymru.com,86
ylab.wales,86
www.seneddieuenctid.cymru,86
www.denbighshirefreepress.co.uk,86
phenworld.com,86
www.cymraeg.acttraining.org.uk,86
cy.urbanaccessregulations.eu,86
caernarfon.360.cymru,86
www.booktrust.org.uk,86
ange-et-beaute.fr,85
nnl.cymru,85
cy.videochat.ph,85
osian.cymru,85
gwasanaethaucyhoeddusdigidol.llyw.cymru,85
www.rfconnectorsupplier.com,85
dyffrynnantlle.360.cymru,84
nantlle.com,84
ourbrightfuture.co.uk,84
eincartrefarlein.cymru,84
www.businessinfocus.co.uk,84
salt.swan.ac.uk,84
cy.npoat.com,84
taccle2.eu,84
cy.hothbricks.com,84
www.cardiffmet.ac.uk,84
www.meddal.com,84
cy.hanse-tile.com,84
www.tastewales.com,83
www.asiw.co.uk,83
rhysmwyn.blogspot.com,83
www.lotterygoodcauses.org.uk,83
www.treftadaetheryri.info,83
www.labc.co.uk,82
yba.llgc.org.uk,82
www.hanesplaidcymru.org,82
cpelaber.blogspot.com,82
haciaith.com,82
llawndaioni.cymru,82
www.outlookimport.com,82
www.agriadvisor.co.uk,82
www.slotfruity.com,82
www.laboratoryequipment.com.tw,82
www.conwyvalleyrailway.co.uk,81
www.nwha.org.uk,81
www.gwerthwchigymru.llyw.cymru,81
cy.pamperedpeopleny.com,81
ffrwti.com,81
www.biglotteryfund.org.uk,81
www.cavo.org.uk,81
oclmenai.blogspot.co.uk,81
www.typawb.cymru,81
www.plaidbg.cymru,81
images.newport.gov.uk,81
www.qualificationswales.org,80
commissioner.south-wales.police.uk,80
cy.eturbonews.com,80
cy.videochat.bz,80
adenyddceltaidd.wordpress.com,80
www.brucelipton.com,80
cymrungweithio.llyw.cymru,79
www.metalfurniture.com.tw,79
celf.cymru,79
www.wno.org.uk,79
www.dental-implants.com.tw,79
studentblogs.cardiffmet.ac.uk,79
llyrgruffydd.cymru,79
www.monfis.org.uk,79
www.discoverdenbighshire.wales,78
www.ccwater.org.uk,78
pencader.org.uk,78
stage.ffotogallery.org,78
www.sociolingo.com,78
www.uwp.co.uk,78
southwalesliterature.co.uk,77
www.whatdotheyknow.com,77
mpct.co.uk,77
webapps.rctcbc.gov.uk,77
dan247.org.uk,77
thisishousing.wales,77
conwycymraeg.devplan.org.uk,76
www.strictlyslots.eu,76
gwyneddmon.jdi-consult.net,76
www.cymrudrosheddwch.org,76
www.ffolio.cymru,76
menterabusnes.co.uk,76
cy.andywasserman.com,76
www.thelabhaverfordwest.org,76
routesintolanguagescymru.co.uk,75
ymgynghori.cyfoethnaturiol.cymru,75
www.chwaraecymru.org.uk,75
bibles.org,75
digitalhealth.wales,75
panedachacen.wordpress.com,75
www.cadeiriau.cymru,75
descubrir.online,75
cy.livingwateradoptachild.org,75
m.cy.chandeliersupplier.com,74
thewallich.com,74
www.eurig.cymru,74
cofnod.senedd.cymru,74
machealthcare.org,74
www.morehacks.net,74
www.juanherranz.com,74
www.adamynyrardd.cymru,74
www.aberystwyth.ac.uk,74
www.regionalprintcentre.co.uk,74
schoolbeat.cymru,73
cy.alinks.org,73
anws.llgc.org.uk,73
www.meshfabric.org,73
gwynllyw.weebly.com,73
beyondtheborder.com,73
victor-mochere.com,73
planet.cymru,73
www.ourbrightfuture.co.uk,73
dw-inductionheater.com,72
northwaleseab.co.uk,72
www.100menywodcymreig.cymru,72
www.tivysideadvertiser.co.uk,72
cymraeg.chriscope.co.uk,72
ytwll.com,72
malvorlagen-seite.de,72
libguides.southwales.ac.uk,72
emulador.online,72
infrastructure.planninginspectorate.gov.uk,72
www.gurkhajustice.org.uk,72
cy.jiayu-equipment.com,72
www.coastalha.co.uk,71
www.astutewales.com,71
www.was-tr.wales.nhs.uk,71
www.carmarthenshireherald.com,71
cy.natvisa.com,71
youngwrexham.co.uk,71
www.fish4.co.uk,71
shop.library.wales,71
lusogamer.com,71
builttobrag.com,71
www.kidwelly.gov.uk,71
www.sewing-buttons.com,71
www.dgrhc.com,71
www.tnutssupplier.com,71
www.pontypridd-plaid.cymru,70
cascadewales.org,70
conwyanddenbighshirelsb.org.uk,70
www.welshmountainzoo.org,70
www.visitmerthyr.co.uk,70
cy.eo-carpet.com,70
www.menterabusnes.co.uk,70
nps.gov.wales,70
www.v2c.cymru,70
unboxed2022.uk,70
buyphenqonline.com,69
www.handyfaucet.com,69
clwstwr.org.uk,69
cy.wikiquote.org,69
cy.quotespedia.org,69
www.wales.nhs.uk,69
whq.org.uk,69
our-food.org,69
milanogoods-online.com,69
www.christmasdecoration.com.tw,68
portmeirion.cymru,68
www.filmhubwales.org,68
www.tools-set.com,68
m.cy.tmagneticflowmeter.com,68
www.ccatproject.eu,68
cymwysteraucymru.org,68
m.cy.agronaturetech.com,68
www.sustrans.org.uk,68
cy.zazagame.com,67
cy.game24.ru,67
cy.argentinaxp.com,67
ffotogallery.org,67
www.qaa.ac.uk,67
vqday.wales,67
www.arsyllfa.cymru,67
ybont.co.uk,67
www.nantgwrtheyrn.org,67
miriamelinjones.cymru,67
www.gowales.co.uk,67
careers.ceredigion.gov.uk,67
www.disabilityartscymru.co.uk,67
www.gutorglyn.net,67
fashionyc.com,67
teamwales.cymru,66
www.black-boy-inn.com,66
head4arts.org.uk,66
www.simon-thomas.cymru,66
www.siopypentan.co.uk,66
labcfrontdoor.co.uk,66
cy.flashgames312.com,66
m.cy.intpkg-packaging.com,66
cy.rihooindustry.com,66
www.beblia.com,66
anerchiadanarchaidd.wordpress.com,66
www.bywniach.cymru,66
www.wisenetwork.org,66
m.cy.fdsp-cn.com,66
hedyn.net,66
cy.lushi.live,66
www.addoldaicymru.org,65
ffoto-story.ffotogallery.org,65
cylchgronau.llyfrgell.cymru,65
sccwales.co.uk,65
www.centerforecotechnology.org,65
www.venuecymru.co.uk,65
cvsc.org.uk,65
www.powysmentalhealth.org.uk,65
www.abersu.co.uk,65
www.theuniguide.co.uk,65
www.gwylfwydcaernarfon.cymru,65
cy.hiraethog.org.uk,65
clybiaugwawr.cymru,65
cy.ok-biotech.com,65
traffig.cymru,65
archif.rhwyd.org,65
www.pembrokeshire.ac.uk,65
artsconnection.org.uk,64
www.datanumen.com,64
keepingcardiffmoving.co.uk,64
www.cbwac.com,64
www.sewales-ret.co.uk,64
wrecsam.gov.uk,64
cy.slotgamemachine.com,64
pindwrtrefor.blogspot.com,64
cy.tedforging.com,64
www.swanseabay10k.com,64
nation.cymru,64
phdcymru.ac.uk,64
www.canada-visa-online.org,64
www.alternativmedicin.se,64
www.bestergonomicfurniture.com,64
www.swansea-union.co.uk,64
www.mozilla.org,64
www.snowdonia-npa.gov.uk,64
www.iwa.wales,63
www.manualidadeson.com,63
genetherapy.isth.org,63
insidehmcts.blog.gov.uk,63
whelf.ac.uk,63
bute-park.com,63
cy.ucloths.com,63
www.northwales.police.uk,63
cy.undebbangor.com,63
buywinstrolnow.com,63
cy.fmuser.org,63
www.transformativeworks.org,63
tantrwm.co.uk,62
www.ygmg.com,62
goodpracticeexchange.wales,62
www.tarianarlein.co.uk,62
www.addysg-grefyddol-cymru.org,62
www.jillevans.net,62
archifau.llyfrgell.cymru,62
einbyd.cymru,62
www.mentermon.com,62
www.keepcardifftidy.com,62
hanesmenywod.cymru,62
www.yfc-wales.org.uk,62
sheltercymru.org.uk,62
www.bwrddtaliadau.cymru,62
cy.aollasercnc.es,62
m.cy.cmm-nano.com,62
cffi.cymru,62
www.northwales-pcc.gov.uk,62
m.cy.delicoil.com,61
www.communityenergywales.org.uk,61
www.canesugarsyrup.com,61
diffusionfestival.org,61
www.aberystwyth.gov.uk,61
governors.cymru,61
welshballet.co.uk,61
www.workways.wales,61
www.bethaniarhuthun.org.uk,61
www.walescoastpath.gov.uk,61
cynnalycardi.org.uk,61
agendaarlein.co.uk,61
fis.carmarthenshire.gov.wales,61
qualityservices.swansea.ac.uk,61
www.cleanroomsupplies.com.tw,61
cy.topfillers.com,61
www.gwynedd-ni.org.uk,61
cy.jmglaze.com,61
caron.360.cymru,61
omg-solutions.com,61
buyanavaronline.com,61
www.apg29.nu,61
denbighshireleisure.co.uk,60
www.planningportal.co.uk,60
www.cps.gov.uk,60
www.hebergementwebs.com,60
www.bestfoodsauce.com,60
cwps.aber.ac.uk,60
cy.tastycareerswales.org.uk,60
www.healthycookingoil.com.tw,60
commissionerwebsite2019.azurewebsites.net,60
www.literaturewales.org,60
infoengine.cymru,60
www.ysgolbrynonnen.com,60
healthtechnology.wales,60
www.lhphillips.com,59
keto-mojo.com,59
cy.wavehill.com,59
www.hijinx.org.uk,59
www.paul-davies.cymru,59
cy.holylandvietnamstudies.com,59
menter.aber.ac.uk,59
bloganswyddogol.blogspot.com,59
thirdsectorsupport.wales,59
erw.cymru,59
sayheyhey.com,59
cy.anavarbulks.com,59
www.vbenterprisetranslator.com,59
planningaidwales.org.uk,59
www.pontcysyllte-aqueduct.co.uk,58
21stcenturyschools.org,58
medium.com,58
aromaeasy.com,58
www.sentencingcouncil.org.uk,58
www.samaritans.org,58
shitclic.blogspot.com,58
cy.astroshopee.com,58
hyfforddigweithiobyw.cymru,58
www.mindofb.com,58
www.internetages.com,58
cynnal.co.uk,58
www.xhc-heater.com,58
uwchgwyrfai.cymru,58
orielmyrddingallery.co.uk,57
www.carwheelrim.com,57
browyddfa.360.cymru,57
walescooperative.wordpress.com,57
www.denbighshirecountryside.org.uk,57
www.gwasgprifysgolcymru.org,57
www.childfriendlycardiff.co.uk,57
castell-tywod.blogspot.com,57
www.bestmetalparts.com,57
porcblasus.cymru,57
transposh.org,57
bywydpreswyl.caerdydd.ac.uk,57
www.improvementcymru.net,57
cy.wiktionary.org,57
a-day-in-the-life.powys.org.uk,57
futuregenerations.wales,56
airquality.gov.wales,56
rhag.net,56
111.wales.nhs.uk,56
www.telemat.co.uk,56
www.herbalmedicine.com.tw,56
www.mobilecasinoplex.com,56
primarylibrary.crestawards.org,56
franwen.com,56
parcrhanbartholycymoedd.cymru,56
www.archwilio.cymru,56
masnachdeg.cymru,56
www.atari-gamer.de,56
autismwales.org,56
cartreficonwy.org,56
www.hairtreatmentb2b.com,56
artsactive.org.uk,55
m.cy.puhua-machinery.com,55
cymraeg.hlf.org.uk,55
incrediblemag.com,55
igdc.gig.cymru,55
howlingpixel.com,55
www.memorycard.com.tw,55
ceriwyn.blogspot.com,55
cy.hemspharm.com,55
www.cynnalycardi.org.uk,55
denbighshire.gov.uk,55
www.coronationcasino.com,55
documents.newport.gov.uk,55
m.cy.caimeiprinter.com,55
artesmundi.org,55
www.cy.pxjxslitter.com,54
barddplantcymru.co.uk,54
cy.hcmvp.com,54
walesrecycles.org.uk,54
tocyn.cymru,54
www.collegeswales.ac.uk,54
cy.e-hokkaido.in,54
cy.mycarimport.co.uk,54
cy.china-nanomaterial.com,54
www.aelodaethcadw.gwasanaeth.llyw.cymru,54
papurdre.net,54
adenyddceltaidd.com,54
www.handtoolsets.com.tw,54
www.sortingoutseparation.org.uk,54
www.northwaleschoralfestival.com,54
cymraeg.gov.wales,54
www.stationery-products.com,54
cyfranogaethcymru.wordpress.com,54
www.portmeirion.cymru,54
www.surveymonkey.co.uk,54
horticulturewales.co.uk,53
wefo.wales.gov.uk,53
billlentis.com,53
www.sicceramics.com.tw,53
www.cymdeithas.org,53
www.mentalhealth.org.uk,53
www.nujtrainingwales.org,53
www.reallyschool.com,53
www.madecymru.co.uk,53
www.m-sparc.com,53
www.fejobs.com,53
menaibridges.co.uk,53
gofalsylfaenolun.gig.cymru,53
www.arwainsirbenfro.cymru,53
dramaticheart.wales,53
cardiff.moderngov.co.uk,52
www.run4wales.org,52
harlequin-agency.co.uk,52
corporate.gwent.police.uk,52
www.yggpontybrenin.com,52
www.bestgrowthsupplements.com,52
cy.werprinters.com,52
www.contemporaryresearchindia.com,52
coolsocialgravitysummit.com,52
www.atebgroup.co.uk,52
walesairambulance.com,52
spark.adobe.com,52
bropedr.ceredigion.sch.uk,52
www.dffgwyneddmon.net,52
lletygarwchadigwyddiadau.cymru,52
swanseabayhealthcharity.wales,52
statscymru.llyw.cymru,52
www.adss.cymru,52
cy.zxgame9.com,52
glamarchives.gov.uk,51
talsarnau.com,51
moma.cymru,51
punic.co.uk,51
dawnsio.cymru,51
greenspacescaerphilly.co.uk,51
www.plasticfileholders.com,51
www.fleischbranche.de,51
www.dwyformeirionnydd.cymru,51
epwales.org.uk,51
techiaith.cymru,51
cy.hermj.com,51
digital.ucas.com,51
encyclopedia2.thefreedictionary.com,51
cy.gelkengelatin.com,51
curiad.org,51
www.rhentudoeth.llyw.cymru,51
www.tynpanama.com,51
cy.hijinx.org.uk,51
www.foundation-system.com,51
cy.yjkitchenware.org,51
www.storiel.cymru,51
cymraeg.llyw.cymru,51
www.cardigancastle.com,51
www.walesharpfestival.co.uk,51
cy.101-prototype-ja.com,50
cy.buyaas.com,50
www.ffynhonnaucymru.org.uk,50
www.rhyd-y-grug.cymru,50
cy.tjliesiherb.com,50
www.gutobebb.org.uk,50
blog.rhysllwyd.com,50
www.electoral-reform.org.uk,50
cffdl.llyw.cymru,50
www.hwbmenter.cymru,50
collegeswales.ac.uk,50
cy.chromiumsalts.com,50
carers.org,50
rhedeg.wordpress.com,50
baecoprabertawe.com,50
m.cy.jsbaileybridge.com,50
celfadd.cymru,50
www.tyhafan.org,50
cymru.ac.uk,50
www.sionedwilliams.cymru,50
cardiffcommitment.co.uk,50
www.aloud.cymru,50
www.recycleforwales.org.uk,50
walesatwar.org,50
childrenslegalcentre.wales,50
cy.investcolwynbay.co.uk,50
www.misirddinbych.cymru,49
www.gas-torch.com,49
beta.llyw.cymru,49
ypod.cymru,49
cy.sandpebblestours.com,49
www.dubaicitycompany.com,49
cy.chinadyeingmachine.com,49
www.maxlawa.com,49
harvardcymraeg.blogspot.com,49
www.journal-bearing.com,49
peak.cymru,49
www.plaidcymru.org,49
www.bavo.org.uk,49
wmcblog.com,49
cy.wrpsa.com,49
uchelgaisgogledd.cymru,49
cy.gam9.com,49
bwytaynybrifddinas.blogspot.com,49
colegaucymru.ac.uk,49
prp.gov.wales,49
www.undebbangor.com,49
www.llaisymaes.com,48
participation.cymru,48
coflein.gov.uk,48
www.stamp.cymru,48
www.ergonomic-furniture.com,48
www.fenews.co.uk,48
www.cymwysteraucymru.org,48
www.stonewall.org.uk,48
www.tac.cymru,48
awyrlas.org.uk,48
cy.sjjgifts.com,48
www.ffotogallery.org,48
www.llanelli-rural.gov.uk,48
www.woodlandtrust.org.uk,48
www.actualidadecommerce.com,48
www.mvhomes.org.uk,48
www.agored.cymru,48
youthcymru.org.uk,48
doctorwho.fandom.com,48
www.northwalesfire.gov.wales,48
www.kitchengadget.com.tw,48
beta.south-wales.police.uk,48
www.walesnationalairshow.com,48
www.lawcom.gov.uk,48
cy.creoars.com,48
graffeg.com,48
buyphen24online.com,48
bwrdddiogelu.cymru,47
cogitamus.co.uk,47
www.ygorauogymru.co.uk,47
www.thefreedictionary.com,47
www.merthyr.ac.uk,47
cy.tyblodauflorist.com,47
cy.igames7.com,47
record.assembly.wales,47
eltecnoanalista.com,47
www.bestrubberseals.com,47
cy.ota-bunka.or.jp,47
exactspy.com,47
xylahealthsocial.wales,47
blogbjmock.wordpress.com,47
cy.soukelbarghout.com,47
hwylafflag.cymru,47
yfc-ceredigion.org.uk,47
cy.getpregnantfaq.com,47
sioden.blogspot.com,47
www.rhylpavilion.co.uk,47
www.wysluxury.com,47
cy.cantorion.org,47
old.wrexham.gov.uk,47
aradgoch.cymru,47
walesinternational.cymru,47
slogancymru.co.uk,47
www.garden-stones.com,47
cynulliadcenedlaetholcymru.wordpress.com,46
powysw.moderngov.co.uk,46
cy.laser-cutter-machine.com,46
www.arrivatrainswales.co.uk,46
cy.medicalvideo.store,46
tabernaclcaerdydd.org.uk,46
plaidsirgaerfyrddin.blogspot.com,46
cy.freecomiconline.me,46
www.cymraeg.missiongallery.co.uk,46
messupthemess.co.uk,46
cy.chinakitchencabinets.net,46
www.disabilitywales.org,46
www.bobomachine.com,46
independentjobs.independent.co.uk,46
www.wikiplanet.click,46
cy.fmuser.net,46
www.beautyproductstw.com,46
cy.evaporimeter.com,46
nawr.cymru,46
cy.ico.org.uk,46
www.todoereaders.com,46
m.cy.china-nanomaterial.com,46
www.firstcampus.org,46
nursesvoices.org.uk,46
www.theatrausirgar.co.uk,46
wetlands.bangor.ac.uk,46
www.southwalesargus.co.uk,45
www.tsd.ac.uk,45
ceredigiononline.com,45
www.leisurecentre.com,45
cy.jingbangllc.com,45
www.timeshighereducation.com,45
gofod3.cymru,45
rhaglendorcas.com,45
nationaltheatrewales.org,45
m-sparc.com,45
www.bestsyntheticleather.com,45
www.cyfieithwyr.cymru,45
www.swanseamuseum.co.uk,45
cy.franchiseek.com,45
cy.eo-cables.com,45
books.google.pl,45
csad.online,45
www.bysabawd.cymru,45
faydayarar.com,45
canolbarth.blogspot.com,45
foodcardiff.com,45
venuecymru.co.uk,45
cy.mastarsgroups.com,45
www.teachingpersonnel.com,45
video.keyceo.com,45
www.1dauto.com,45
www.cliconline.co.uk,45
cy.unansea.com,45
cy.cnsourcelights.com,45
www.gwerddon.cymru,45
barn.cymru,45
meithrin.cymru,45
www.neilmcevoy.cymru,45
cy.unistica.com,44
www.ffilmcymruwales.com,44
www.aledroberts.cymru,44
www.cymraeg.walescancerresearchcentre.org,44
diogelu.cymru,44
cy.hysave.com,44
www.canolfantywi.org.uk,44
www.bestimagescanner.com,44
archifausirddinbych.wordpress.com,44
fis.ceredigion.gov.uk,44
footsteps.bangor.ac.uk,44
www.iaith.cymru,44
musictheatre.wales,44
www.calandvs.org.uk,44
politicoacademic.blogspot.com,44
www.bevancommission.org,44
www.seedadvisor.eu,44
www.porth.ac.uk,44
cy.traasgpu.com,44
cy.cat.org.uk,44
popdatasci.swan.ac.uk,44
cy.accurllaser.com,44
llwybrauceltaidd.cymru,43
www.fabricbackpacks.com,43
cvihsc.co.uk,43
www.bestsportssocks.com,43
college.jobs.ac.uk,43
www.bestlaboratoryequipment.com,43
www.governorswales.org.uk,43
www.hopehouse.org.uk,43
www.ctpower.com.tw,43
m.cy.safetylockey.com,43
www.tafodelai.cymru,43
cy.precisaofabricacao.com,43
rhysmwyn.blogspot.co.uk,43
nwtraining.co.uk,43
www.gisda.org,43
swyddi.caerdydd.gov.uk,43
www.fxcc.com,43
www.wovensack.com.tw,43
hamddensirbenfro.co.uk,43
dsdc.bangor.ac.uk,43
www.topslotsite.com,43
irelandwales.eu,43
www.ysgolystrade.cymru,43
www.metalaccessories.com.tw,43
cy.king-tire.com,43
www.adviceguide.org.uk,43
aderyncan.blogspot.com,43
cy.qiconsultant.com,43
www.mountain-hill-courses.co.uk,43
cy.videochat.si,43
www.slotsltd.com,43
tircoed.org.uk,43
www.llyrgruffydd.cymru,42
celfcymru.org.uk,42
pasomorado.es,42
www.deganwyhistory.co.uk,42
cy.downloadro.com,42
ygc.cymru,42
www.communityjournalism.co.uk,42
m.cy.usattmotor.com,42
welsh.hlf.org.uk,42
www.glantaf.cymru,42
www.ignitioncoil.com.tw,42
www.gvs.cymru,42
sla-europe.org,42
parc-bute.com,42
cy.qualityinncameronpark.com,42
www.caerdyddgyfoes.co.uk,42
footprintfutures.org.uk,42
www.flvc.org.uk,42
boomcymru.co.uk,42
www.ysgolmorganllwyd.cymru,42
eifl.blogspot.com,42
www.mozocare.com,42
festivalofvoice.wales,42
www.synnwyrbwydcymru.org.uk,42
www.fflgettogethers.org,42
youthsirgar.org.uk,42
dll-repair.com,41
www.dalennewydd.cymru,41
cy.sparelaxhottub.com,41
www.wiringharness.org,41
celc.celf.cymru,41
loderi.com,41
cy.homelydeko.com,41
niagriffith.org.uk,41
www.artesmundi.org,41
www.cofrestrfatir.gov.uk,41
www.india-visa-online.com,41
www.cysylltiadaugwyrdd.org.uk,41
menterfflintwrecsam.cymru,41
cy.potatoes.news,41
www.hyfforddigweithiobywgogledd.cymru,41
earlyyears.wales,41
www.yddraig.cymru,41
www.uwchgyfrifiadura.cymru,41
cy.uncyclopedia.org.uk,41
cy.hanyin-christmastree.com,41
www.lotteryfunding.org.uk,41
www.walesgenepark.cardiff.ac.uk,41
cyfieithiadau.wordpress.com,41
your.caerphilly.gov.uk,41
winterfair.royalwelsh.digital,41
www.llanellitowncouncil.gov.uk,41
iss-www-00.swansea.ac.uk,41
www.blog-cscjes.org.uk,41
www.ballinagree.freeservers.com,41
www.taccle3.eu,41
www.gwentsafeguarding.org.uk,41
mabwysiaducgcymru.org.uk,40
cadwynclwyd.co.uk,40
www.replica-watches.is,40
www.swanseacitycentre.com,40
www.cardiffpartnership.co.uk,40
www.cylchgrawndylunio.com,40
myfyrwyr.pcydds.ac.uk,40
www.funneloftheday.com,40
gorillagroup.tv,40
www.heleddfychan.cymru,40
anni.cymru,40
www.stainlesssteelwireb2b.com,40
www.agorip.com,40
biblics.com,40
www.anthem.wales,40
www.llechicymru.info,40
www.southwalesguardian.co.uk,40
m.cy.ydget.com,40
cy.caerphillyminerscentre.co.uk,40
business.senedd.wales,40
cy.industrial-seals.com,40
cymraeg.railombudsman.org,40
www.holmbygden.se,40
ash.wales,40
2015.diffusionfestival.org,40
www.new-directions.co.uk,40
cy.apexnature.com,40
www.borthcommunity.info,40
waleshelpline@equalityhumanrights.com,40
www.croesomon.co.uk,40
www.slideserve.com,40
www.understandinguniversalcredit.gov.uk,40
bestappsformobiles.com,40
www.horizonnuclearpower.com,40
www.nhsdirect.wales.nhs.uk,40
cy.fastenerscrews.com,40
www.pla-biodegradable.com,40
tastenortheastwales.org,40
www.nationaltrail.co.uk,39
www.wildlifewatch.org.uk,39
www.welshathletics.org,39
www.eincwmtaf.cymru,39
www.llesiantdelta.org.uk,39
cy.hundeshagen.org,39
www.urdd.org,39
www.newyddsbon.com,39
www.wcpcswansea.com,39
www.propel.cymru,39
www.northerneyefestival.co.uk,39
gwobrauchwaraeoncymru.co.uk,39
volcanotheatre.wales,39
collections.europarchive.org,39
walesweek.london,39
www.groundwork.org.uk,39
wbc.org.uk,39
nrwcms002.azurewebsites.net,39
cy.buyhghthailand.com,39
cy.doctorwho.wikia.com,39
www.smartenergygb.org,39
www.milling-head.com,39
www.swaynejohnson.com,39
fis.carmarthenshire.gov.uk,39
cy.petrpikora.com,39
www.textileauxiliaries.com.tw,39
www.pobolyport.cymru,39
caerphilly.gov.uk,39
www.designwatches.com.tw,39
wenwales.org.uk,39
cy.ouzhansh.com,39
symudmwybwytaniach.co.uk,39
www.frozenfoodsb2b.com,39
www.ogwen.cymru,39
macmillancymruwales.wordpress.com,39
www.monlife.co.uk,38
www.oxfam.org.uk,38
valeofglamorgan.gov.uk,38
pachinko-impressions.com,38
farmwell.cymru,38
outdoornorthwales.com,38
careerssearch.bbc.co.uk,38
www.ageuk.org.uk,38
www.brakedrum.com.tw,38
www.northwalesyoungcarers.org,38
www.iicsa.org.uk,38
carmarthenshireleisure.briefyourmarket.com,38
www.army.mod.uk,38
m.cy.shew-esteelpipe.com,38
www.croesocynnes.com,38
www.biosfferdyfi.cymru,38
www.everyonesbusiness.coop,38
www.rain-clothing.com,38
www.zdgov.com,38
cy.bywiki.com,38
technocamps.com,38
www.thepensionsregulator.gov.uk,38
www.theatr-nanog.co.uk,38
www.plasticmouldingmachine.org,38
cy.scmtscnc.com,38
www.sonamlyfra.cymru,38
cy.futuretalent.org,38
cy.blacklionparkrides.com,38
cy.pharmacyrxs.com,38
wearetempo.org,38
barcelino.es,38
mental-health-matters.org.uk,38
spp.conwy.gov.uk,38
galericaernarfon.com,38
taiteg.org.uk,38
www.notigatos.es,37
speculoos.world,37
uat.bridgend.gov.uk,37
www.candymakingmachines.com,37
welsh.newtheatrecardiff.co.uk,37
staging.gofalcymdeithasol.cymru,37
www.charity-commission.gov.uk,37
cy.bambeocnc.com,37
www.cadwyngifts.com,37
98edb3ee-9736-4e00-ae02-3822ecbfe04e.azurewebsites.net,37
emwbooks.com,37
www.vocre.com,37
charityjobfinder.co.uk,37
tyddewi.eglwysyngnghymru.org.uk,37
www.copacymru.com,37
www.bestbusinessprinting.com,37
www.pdr-research.com,37
culturecolony.com,37
www.specific.eu.com,37
arad.wales,37
www.summit2sea.wales,37
llandeilolitfest.org,37
cymru.mosonline.uk,37
research.bangor.ac.uk,37
www.haftkomputerowy.com.pl,37
cy.xttraffic.com,37
cynnalcymru.com,37
sirddinbych.gov.uk,37
ysgolgyfunemlyn.org.uk,37
cadw.wales.gov.uk,37
cy.mestechmfg.com,37
www.internationalceramicsfestival.org,37
reportharmfulcontent.com,37
www.futurefoods.cymru,37
ysgolystrade.cymru,37
www.healthtechnology.wales,37
cynnwys.gofalcymdeithasol.cymru,37
cy.sxmwchem.com,37
mecc.publichealthnetwork.cymru,37
mail.studentspace.org.uk,37
cy.vmsworks.com,37
llandrillo.org,36
cy.psychicbonus.com,36
planning.newport.gov.uk,36
www.ysgoltreganna.cymru,36
www.foodskills.cymru,36
www.clybiauplantcymru.org,36
wales.thisisdairyfarming.com,36
www.chinarancho.com,36
www.faw.cymru,36
www.patrobasband.cymru,36
dacw.co.uk,36
www.wwf.org.uk,36
www.mentrauiaith.cymru,36
www.mundoperros.es,36
cyngorcymru.org.uk,36
allwalesconvention.org,36
irun.wales,36
cy.caimeiprinter.com,36
cy.kitchenfurniture-cn.com,36
www.tenovuscancercare.org.uk,36
cy.yjcompany.com,36
revalidation.heiw.wales,36
www.holi-cymru.org,36
www.autosunsoul.com,36
www.heattransferpaper.co,36
www.wavehill.com,36
www.antiagingproducts.com.tw,36
www.betterjobsbetterfutures.wales,36
cartrefu.org.uk,36
artwales.com,36
cy.perfectdescent.com,36
cy.ironychina.com,36
studentspace.org.uk,36
www.cymdeithasenwaulleoedd.cymru,36
m.cy.gpsnavibox.com,36
www.cy.photycast.com,36
moneyformadagascar.org,36
collymore.forumotion.co.uk,35
cy.cryptoratesxe.com,35
cy.covidografia.pt,35
cy.mzballs.com,35
www.thebeacheshotel.com,35
www.ceidwadwyr.cymru,35
www.cy.fzbiotech.com,35
www.injectionmolding.com.tw,35
furthermaths.wales,35
keycareandsupport.com,35
university.which.co.uk,35
www.plaidcymruclwyd.cymru,35
www.sinocareintl.com,35
llanaelhaearn.com,35
coedyglyn.cymru,35
anndraobell.wordpress.com,35
seneddtest.assemblywales.org,35
cy.jyhotelfurniture-ar.com,35
cy.agronaturetech.com,35
www.vondt.net,35
politicoacademic.wordpress.com,35
giveittime.gov.wales,35
cy.biaslighting.com,35
www.nantlle.com,35
grangepavilion.wales,35
www.southwalescommissioner.org.uk,35
www.llawn.org,35
www.bridgendbusinessforum.co.uk,35
2017.diffusionfestival.org,35
dianabolbulks.com,35
www.cronfabensiwngwynedd.cymru,35
www.glaslynwildlife.co.uk,35
www.llyscennen.co.uk,35
groundworkpro.com,35
cy.ghpaperfactory.com,34
criticsaber.com,34
www.tgpcymru.org.uk,34
cristnogaeth.cymru,34
www.cherishproject.eu,34
cy.wisepowder.com,34
blaenau-gwent.gov.uk,34
droidlawn.com,34
pure.aber.ac.uk,34
www.pontcymru.org,34
arcadecardiff.co.uk,34
buyanadrolin.com,34
cy.epsmachinecn.com,34
www.haymax.us,34
wbo.llgc.org.uk,34
egefaber.org,34
study.metcaerdydd.ac.uk,34
cy.colddrawntubelw.com,34
sinfonia.cymru,34
www.dwrcymru.co.uk,34
www.ysgolmynyddbychan.cymru,34
brodinefwr.org.uk,34
www.machineryparts.com.tw,34
southwest.wales,34
cy.tesanandum.com,34
www.gwleidyddiaeth.cymru,34
npttheatres.co.uk,34
blogclwstwrbroedern.wordpress.com,34
cardiff.ac.uk,34
www.swanseapensionfund.org.uk,34
cy.china-parktec.com,34
cy.karmanhealthcare.com,34
parselcanol.blogspot.com,34
cy.xzsvr.com,34
w3.mawwfire.gov.uk,34
cat.org.uk,34
ysgolsul.com,33
mentercaerdydd.cymru,33
ymddiriedolaetharfordirpenfro.cymru,33
www.rubberseal.com.tw,33
www.pentir.org.uk,33
cy.icoolscissors.com,33
www.musicmagpie.co.uk,33
swyddfaarchwiliocymru.wordpress.com,33
www.pcs.org.uk,33
www.christianaid.org.uk,33
www.wildelements.org.uk,33
www.ascymru.org.uk,33
www.outdoorcardiff.com,33
wrecsamplaid.blogspot.com,33
gutorglyn.net,33
8cosmos.com,33
www.get-cracked.com,33
communications@equalityhumanrights.com,33
www.swanseabaysportspark.wales,33
www.gamingpcaccessories.com,33
mennaelfyn.co.uk,33
www.danielowenfestival.com,33
www.wolfestone.co.uk,33
carmarthenshirenewsonline.com,33
cyflogbyw.cymru,33
www.taipawb.org,33
cy.processing-packaging.com,33
caruffotos.co.uk,33
jestynmeddwl.blogspot.com,33
penllynarsarnau.co.uk,33
www.bridgendreach.org.uk,33
www.heattransferpaperb2b.com,33
cy.conceptfe-china.com,33
evi.cymru,33
maesrhosrhyfel.wordpress.com,33
ystamp.cymru,33
aweninstitute.com,33
cristnogblog.blogspot.com,33
www.ogi.cymru,33
cy.fdsp-cn.com,33
www.merchedywawr.cymru,33
www.farmgarden.org.uk,33
anarchwaethus.wordpress.com,33
www.toysforkids.com.tw,33
1000lives.net,32
johnsonindustries.com,32
escolhasegura.com,32
www.wallpro.com.tw,32
heneb.co.uk,32
www.southernwales.com,32
www.boglyn.com,32
www.meatslicermachine.com,32
cy.yahualighting.com,32
blogarweinyddcaerdydd.wordpress.com,32
awel.coop,32
lacomparacion.com,32
www.careinhand.co.uk,32
catrinwilliams.co.uk,32
gwobrau.gllm.ac.uk,32
www.mentercaerdydd.org,32
canalrivertrust.org.uk,32
www.stampingparts.org,32
adroddiadblynyddol.gyrfacymru.com,32
cavcforbusiness.co.uk,32
epiuat-app.citizensadvice.org.uk,32
apg29.nu,32
www.environment-agency.gov.uk,32
english-language-tesol.swan.ac.uk,32
www.drivetech.co.uk,32
ashwales.org.uk,32
cy.newstar-led.com,32
trafodaeth.wordpress.com,32
cynlluniauyfory.com,32
zxzgames.com,32
theatrcolwyn.co.uk,32
cy.info-all.com,32
smoothforextrading.com,32
www.yac.cymru,32
rondo.cymru,32
cy.eugeniaeyewear.com,32
www.llechi.cymru,32
robrattray.co.uk,32
www.walesatwar.org,32
cy.st-brigids.co.uk,32
dinesydd.cymru,32
www.bbcchildreninneed.co.uk,32
www.cavc.ac.uk,32
www.nofitstate.org,32
cy.ptfishmeal.com,31
saildatabank.com,31
biodiversitywales.org.uk,31
rachub.blogspot.com.es,31
saralouisewheeler.wordpress.com,31
www.cerddiaith.com,31
hanesmerchedcymru.merchedywawr.com,31
www.thinkorchard.com,31
mytikaspeak.com,31
www.adoptionwales.org,31
parentpartnership.pembsinclusionservice.wales,31
cy.bkherb.com,31
siopypethe.cymru,31
www.cggsdd.co.uk,31
www.alzheimers.org.uk,31
cy.china-geosynthetics.com,31
www.gorsedd.cymru,31
ogopamoelfaban.com,31
www.e-activo.org,31
www.venturewales.org,31
shop.mostyn.org,31
cy.prettechtank.com,31
www.sterilizationautoclaves.com,31
rily.co.uk,31
cy.thespeedcube.com,31
medieval-wales.com,31
www.toolsettaiwan.com,31
clwb.net,31
m.cy.fanxi-packaging.com,31
strainandco.co.uk,31
moodle.cynnal.co.uk,31
www.womensarchivewales.org,31
www.soldering-station.com,31
www.robin-millar.org.uk,31
wlga.cymru,31
cipolwgarc308.blogspot.com,31
www.bike-bell.com,31
fbaps-outreach-hub.dcs.aber.ac.uk,31
www.arloesigwyneddwledig.cymru,31
www.nutridieta.com,31
www.smore.com,31
wellbeing.southwales.ac.uk,31
www.discoveryinthedark.wales,31
www.ysgolgynraddaberaeron.cymru,31
www.cymorthcymru.org.uk,31
www.slideshare.net,30
communityenergywales.org.uk,30
cy.oraldianabol.com,30
www.sffiltech.com,30
maesb.com,30
m.cy.asuwantpackaging.com,30
www.socialfirmswales.co.uk,30
cavs.org.uk,30
fynhaithiechyd.traveline.cymru,30
www.swyddicyfrifiad.cymru,30
treborth.bangor.ac.uk,30
cy.kkinflatablea.net,30
snowdonia-360.staging.brew-systems.co.uk,30
span-arts.org.uk,30
www.diversecymru.org.uk,30
www.earthfall.org.uk,30
cy.molto-engineering.nl,30
tywigateway.org.uk,30
dancehouse.wales,30
friendsmuseumwales.org.uk,30
www.sport.wales,30
www.llanddewibrefi.org,30
meigwil.blogspot.com,30
inspiringskills.gov.wales,30
recetasdecocinafaciles.net,30
energylocal.org.uk,30
blog.archif.com,30
dyddlyfr-y-bachan-main.blogspot.com,30
www.pembrokeshireyouthzone.co.uk,30
everettking.co.uk,30
cwrddcaerdydd.com,30
library.southwales.ac.uk,30
cy.eyewated.com,30
www.gowercollegeswansea.ac.uk,30
gwentprepared.org.uk,30
cy.dcfw.org,30
r17.cymru,30
companiesinc.com,30
pollwatchdaily.com,30
cefnogaeth.gwegogledd.cymru,30
cy.risinenergy.com,30
cy.safetylockey.com,30
www.goweractivitycentres.co.uk,30
www.gwanwyn.org.uk,30
www.mermaidquay.co.uk,30
www.menterbroogwr.cymru,30
mid-walesha.co.uk,29
nativehq.com,29
www.fuwinsurance.co.uk,29
www.tidallagoonpower.cymru,29
cy.kinderbetreuung-kaernten.at,29
www.silwli.cymru,29
www.maskingtapesuppliers.com,29
www.capelynant.org,29
www.capitalfm.com,29
www.duncanfoulkespr.com,29
statiaith.com,29
www.data.cymru,29
boroughtheatreabergavenny.co.uk,29
cy.bestbathvanity.com,29
www.annibyniaeth.net,29
cy.nyecountdown.com,29
www.caerdydd-plaid.cymru,29
discoveruni.gov.uk,29
skillsup.co.uk,29
bacpacio.blogspot.com,29
angelchambers.co.uk,29
archifdyceredigion.wordpress.com,29
advice.southwales.ac.uk,29
cy.nationaltrail.co.uk,29
cy.cannabisindustrylawyer.com,29
magurplantgydangilydd.llyw.cymru,29
www.aberinnovation.com,29
lnp.cymru,29
m.cy.finotekpower.com,29
www.celfadylunio.cymru,29
www.senedd.assembly.wales,29
cy.vfrhub.com,29
zeroracismwales.co.uk,29
www.cymraeg.9parkplace.co.uk,29
www.snack-chips.com,29
www.snowdonrace.co.uk,29
mentrauiaith.org,29
m.cy.c6th.com,29
www.wrapcymru.org.uk,29
www.ledceilinglights.com.tw,29
www.koowheel.com,29
rhondda-cynon-taf.tal.net,29
cy.nextmapping.com,29
llioangharad.cymru,29
ukwells.org,29
meta.wikimedia.org,29
www.equinox.cymru,29
cy.hongsbelt.com,29
cy.zazaplay.com,29
ysgolglanclwyd.co.uk,29
www.welshsociety.ie,29
www.cndcymru.org,28
dysgu.llyw.cymru,28
www.taisirddinbych.co.uk,28
creditunionsofwales.co.uk,28
globalburns.org,28
www.rheidolrailway.co.uk,28
www.sohologistics.com,28
funpalaces.co.uk,28
www.ysgolcynwydsant.co.uk,28
afallen.cymru,28
materials-academy.co.uk,28
platfform.org,28
www.societasmanagement.com,28
walesforeurope.org,28
cy.herbpillchina.com,28
students.uwtsd.ac.uk,28
cy.cbd-hemp-oil-drops.com,28
www.snowdonia360.com,28
cy.fumaxtech.com,28
cy.cgwm.org.uk,28
www.morlaisenergy.com,28
www.emltopst.com,28
www.tpas.cymru,28
cy.pv-feeo.com,28
www.dysgu.com,28
llanfaircommunitycouncil.co.uk,28
cy.on1.click,28
cy.techplugged.com,28
www.dathlu.cymru,28
cy.jf-alcantarilha.pt,28
thebyg.co.uk,28
www.takingflighttheatre.org.uk,28
colleges.wales,28
cy.sogears.com,28
www.psba.llyw.cymru,28
www.ytraethodydd.cymru,28
www.politicscymru.com,28
www.water-mbr.com,28
iolomorganwg.cymru.ac.uk,28
www.prudenthealthcare.org.uk,28
cadets.gwent.police.uk,28
www.baecolwyn.com,28
siantirdu.wordpress.com,28
ionleadership.co.uk,28
www.smartsurvey.co.uk,28
cy.acp-manufacturer.com,28
www.cncmachine-parts.com,28
www.sewingmachineaccessories.com.tw,27
www.minnystreet.org,27
www.allflor.com,27
aberteifidrwyrcanrifoedd.wordpress.com,27
rachub.blogspot.co.uk,27
culture.cymru,27
www.wwbic.org.uk,27
www.nawryrarwr.cymru,27
sgorio.cymru,27
www.moonstats.com,27
www.ffolio.wales,27
recordiau.home.blog,27
cy.kot-i-pios.com,27
cherishproject.eu,27
www.severnwye.org.uk,27
www.wtbf.co.uk,27
adventureparcsnowdonia.com,27
wicked.bangor.ac.uk,27
www.archaeology.lk,27
arddunrhiannon.com,27
www.ledlightfixtures.org,27
www.smallairpurifier.co,27
www.elysiumgallery.com,27
cy.eatingout.ws,27
cy.breeze-accessories.com,27
www.wlga.cymru:443,27
www.mwldan.co.uk,27
museums.wales,27
lgac.org.uk,27
www.mysupportteam.org.uk,27
www.amnesty.org.uk,27
learning.parliament.uk,27
swanseacollegeofartsummershows.org,27
courses.aber.ac.uk,27
echoesproj.eu,27
www.carmsyfc.org.uk,27
cym.bronygarnsurgery.com,27
www.cardiffhalfmarathon.co.uk,27
www.growwilduk.com,27
www.jobsinnorthwales.co.uk,27
cy.delachieve.com,27
www.cy.liyurubbersole.com,27
focusedlaw.com,27
www.car-lighter.com,27
cy.zhpulpmoldingmachine.com,27
www.yggbrynymor.co.uk,27
cy.abogadoph.com,27
cycaonline.org,27
cymraeg.bronafon.org.uk,27
dance.wales,27
www.creucymru.com,27
cy.dientech.com,27
estate-building.global-article.ws,27
www.cartogold.co.uk,27
cllc.org.uk,27
mabwysiadugogleddcymru.co.uk,27
www.geiriadur.ac.uk,27
m.cy.chinapolyimide.com,27
www.papyrus-uk.org,27
genomicspartnership.wales,27
newsroom.bt.com,27
cy.rewardfoundation.org,27
www.cardiffdigs.co.uk,27
hadau.wordpress.com,27
commonwealththeatre.co.uk,27
democratiaeth.newport.gov.uk,27
www.bestscissorlifttable.com,27
www.tylerskateplex.com,27
we-cair.com,27
socialhub.freshstudentliving.co.uk,27
arad.cymru,26
cy.52degrees.uk,26
cy.pxjxslitter.com,26
cy.pandawillcircuit.com,26
llynbrenig.com,26
ygaberaeron.org.uk,26
cy.ever-power.net,26
dinasyrarced.com,26
www.ramblers.org.uk,26
thewaterfrontgallery.co.uk,26
dateconcsdd.blog,26
heleddfychan.blogspot.com,26
www.melo.cymru,26
www.pembrokeshire.gov.uk,26
amgueddfacorwen.org.uk,26
www.yfasnachlyfrau.org.uk,26
www.memoartscentre.co.uk,26
cimbakery.com,26
brohyddgen.cymru,26
www.treftadaethwrecsam.cymru,26
www.sceneandword.org,26
allingtonhughes.co.uk,26
cy.ru-thread.com,26
pti.cymru,26
cy.kdpdequipment.com,26
www.cultureactionllandudno.co.uk,26
cy.cofttek.com,26
cult.cymru,26
valeofglamorganfestival.org.uk,26
www.heddlu-gogledd-cymru.police.uk,26
cy.sino-tops.net,26
live.wcva.sequence.co.uk,26
menteriaithmon.cymru,26
www.ecoamgueddfa.org,26
www.hcctrade.co.uk,26
cydweithrediad.gig.cymru,26
e-sgol.cymru,26
www.tatuantes.com,26
cy.jtaluminumcircle.com,26
cy.almuhamin.online,26
cy.jmhex.com,26
cy.vipcasting.cz,26
www.bryntawe.swansea.sch.uk,26
checkyourspeed.org.uk,26
cy.ysgoluwchraddcaergybi.com,26
www.biodiversitywales.org.uk,26
www.cardiffblues.com,26
walesnicaragua.wordpress.com,26
www.bestindustrialbelt.com,26
www.cmoptions.org,26
fflurdafydd.com,26
cy.taakthreshermachine.com,26
ysgolpenybryntywyn.org,26
www.jobsinwales.com,26
cy.funding.cymru,26
cymru.drinkwiseagewell.org.uk,26
cymraeg.stdavidscollege.ac.uk,26
www.probe-needles.com,26
www.gofalcymru.org.uk,26
www.formacionyestudios.com,26
www.bodoli.co.uk,26
cymruifanc.cymru,26
www.bryngarwcountrypark.co.uk,25
www.nosonallan.org.uk,25
www.cnclathemachine.com.tw,25
www.grandpavilion.co.uk,25
m.cy.chinesecuttingmachine.com,25
www.siopcwlwm.co.uk,25
cy.jinbeiextruder.com,25
m.cy.socreatled.com,25
www.babyactivitytoy.com,25
www.toeictw.com,25
www.internationalchoralfestival.wales,25
www.orielbrondanw.org,25
www.internationalegg.com,25
equinox.cymru,25
enjoy.pembrokeshirecoast.org.uk,25
www.facetres.com,25
archifau.sirddinbych.gov.uk,25
www.sex-lubricants.com,25
www.gweini.org.uk,25
www.communitymusicwales.co.uk,25
www.wheelbarrow-tire.com,25
users.aber.ac.uk,25
oursam.org.uk,25
ffotoview.org,25
www.castingparts.org,25
2fish.co,25
darllenyddcwesiynau.beibl.cymru,25
www.crpowys.co.uk,25
www.cropprotectionmachinery.com,25
m.cy.cnstreetlight.com,25
cowbridgemusicfestival.co.uk,25
llanddaniel.co.uk,25
www.aloeverajuicedrink.com,25
cy.nfextract.com,25
www.jintalog.wales,25
www.pslegal.org,25
pixelhelper.org,25
cy.giftbagpacking.com,25
bottle-filling-machines.com,25
www.swanseaindoormarket.co.uk,25
cy.wordpress.org,25
www.cymmrodorion.org,25
www.sla-europe.org,25
www.freepressseries.co.uk,25
cy.hsdprefabcontainerhouse.com,25
museum.wales,25
cy.ecomuseumlive.eu,25
moreuknews.net,25
carmarthenshirehalls.org.uk,25
w001.benade.co.uk,25
ancientconnections.org,25
cy.ncgce.com,25
www.daearyddiaethynynewyddion.org.uk,25
www.irrigationsystemssupplier.com,25
cy.inocfiltration.com,25
ashwales.org,25
cy.trainingcognitivo.it,25
cy.chinahengzesteel.com,25
www.calonwen-cymru.com,25
www.arts.wales,25
www.newportcityhomes.com,25
www.highereducationroadshow.co.uk,25
dinns.org.uk,24
cym.hwbiechyd.co.uk,24
cy.kawahdinosaur.com,24
wames.org.uk,24
www.northwalesjazz.org.uk,24
readingwales.org.uk,24
www.datrys.net,24
www.ynysmon.llyw.cymru,24
www.abergwyngregyn.org.uk,24
www.cyngorharlech.co.uk,24
www.penmaenmawrmuseum.co.uk,24
www.professionalstandards.org.uk,24
www.mynewsdesk.com,24
cy.globe-caster.com,24
mountain-hill-courses.co.uk,24
www.brangwyn.co.uk,24
prptraining.co.uk,24
www.ysgolygogarth.co.uk,24
digital.flintshire.gov.uk,24
recordiaublinc.com,24
coreocymru.com,24
cathedraldentalclinic.com,24
www.postofficeviews.co.uk,24
www.storifawrdrefachfelindre.cymru,24
entprima.com,24
foodcentrewales.org.uk,24
yoursoulsplan.com,24
comffin-cymru.gov.uk,24
cofnod.cynulliad.cymru,24
restorativewales.org.uk,24
adyach.cymru,24
committees.parliament.uk,24
cy.shengtetransformer.com,24
cy.creationcraftprintinges.com,24
www.craffamwastraff.org.uk,24
bloghebenw.blogspot.com,24
www.cardiffandvalepensionfund.org.uk,24
www.inksplott.co.uk,24
www.dolwyddelan.org,24
cy.sbssibo.com,24
cy.bontaidiamond.com,24
cy.qwertygame.com,24
www.diabetes.org.uk,24
www.swanseacity.com,24
nwcpp.bangor.ac.uk,24
www.investindenbighshire.co.uk,24
www.sarcoidosisuk.org,24
ysgolcraigyderyn.org,24
www.foampadding.org,24
www.angleseyartsforum.org,24
www.heart.co.uk,24
nyth.llyw.cymru,24
www.visitnpt.co.uk,24
conferencevenues.glyndwr.ac.uk,24
www.bic-innovation.com,24
cy.customflagmaster.com,24
hiw.org.uk,24
m.cy.owontech.com,23
micsirgar.org,23
cy.medicinerawmaterials.com,23
cy.morphclothing.com,23
cy.nanrobotscooters.com,23
cy.dk-geosynthetics.com,23
www.trefeurig.org,23
ysgolyllys.co.uk,23
cy.otao.biz,23
celfwaith.co.uk,23
cardiffharbour.com,23
hmctsjobs.co.uk,23
cy.ons.gov.uk,23
www.cysur.cymru,23
www.audiosourcere.com,23
welsh.cbeems.org,23
cneifiwr-emlyn.blogspot.com,23
cy.power-unite.com,23
cyfeiriadur.trac.cymru,23
oilcare.org.uk,23
freegamesboom.com,23
www.yourpension.gov.uk,23
arystrydfawr.com,23
cymraeg.touchtrust.co.uk,23
www.sccwales.co.uk,23
bloc.org.uk,23
mamaclub.info,23
www.visitthevale.com,23
www.sustainableacademy.wales,23
cy.weishunfactory.com,23
www.cymdeithashanesmechell.co.uk,23
www.brycheiniog.co.uk,23
www.cambriancu.com,23
walespencymru.org,23
cpd-y-felinheli.cymru,23
www.waterpurificationsystem.com.tw,23
www.rcahmw.gov.uk,23
www.tabernacl.org,23
www.nema-plug.com,23
fcn.org.uk,23
content.yudu.com,23
fitforwork.org,23
celt.southwales.ac.uk,23
www.mbwales.com,23
c21.cymru,23
gwlad.org,23
cy.cn-zhongming.com,23
heini.gruffudd.org,23
www.iestyntyne.cymru,23
cytundebdinesigprifddinasranbarthcaerdydd.cymru,23
medical-dictionary.thefreedictionary.com,23
www.mantellgwynedd.com,23
www.crwydro.net,23
cy.qdshenxing.com,23
www.bardsey.org,23
www.parcgwledigpenbre.cymru,23
www.llaiscymru.wales,23
bangorfelin.360.cymru,23
cy.libreoffice.org,23
knowledge.groop.com,23
engage.org,23
naturiaethwr.wordpress.com,23
wrc.wales,23
brigyn.com,23
edu.rsc.org,23
rasyriaith.org,23
musicfestaberystwyth.org,23
corndolly.blogspot.com,23
www.freefromfear.cymru,23
awr.cymru,23
publichealthnetwork.cymru,23
www.timemachinewales.com,23
winchesclub.com,23
cy.everaoh.com,23
www.adcymru.org.uk,22
www.adopt4vvc.org,22
www.k9protectionltd.co.uk,22
cy.tabex.expert,22
cy.zzsteelgroup.com,22
www.unitetheunion.org,22
www.botwm-y-byd.org,22
www.museumwales.ac.uk,22
learning.gov.wales,22
llandegfedd.co.uk,22
galactig.com,22
violencepreventionwales.co.uk,22
oglieoglie.com,22
www.charityjob.co.uk,22
yregin.cymru,22
m.cy.china-creator.com,22
www.synodcymru.org.uk,22
morfablog.com,22
cy.nicefiller.com,22
cy.powysrpb.org,22
www.levercliff.co.uk,22
cy.china-ecotextile.com,22
www.dogstrustfreedomproject.org.uk,22
myhaccp.food.gov.uk,22
www.dafyddelfryn.co.uk,22
www.dysguiechydagofal.cymru,22
cy.hlsockets.com,22
www.davidjonesmp.co.uk,22
www.gwynedd.plaidcymru.org,22
www.agored.org.uk,22
easy-energy.biz,22
ebooks.mpdl.mpg.de,22
cy.zdfchipcard.com,22
egluroarian.cymru,22
www.acgc.co.uk,22
grahamedavies.com,22
www.playwales.org.uk,22
www.ukwells.org,22
www.macmillan.org.uk,22
cy.jsshape.com,22
www.cardiffrugby.wales,22
www.coedygof.co.uk,22
www.expresscasino.co.uk,22
cy.juristes.live,22
culture.research.southwales.ac.uk,22
www.tvlicensing.co.uk,22
cy.weldomachining.com,22
www.environment-agency.co.uk,22
www.composite-material.com,22
curioustravellers.ac.uk,22
cy.kingstone-glassde.com,22
www.yggwyr.org.uk,22
www.ssap.org.uk,22
www.kayakpaddling.net,22
cy.lanfanjewellery.org,22
saas.zellis.com,22
macmillan.blog,22
fareshare.cymru,22
www.suzydavies.wales,22
www.cymraeg.ysgolycastell.com,22
www.hanfodcymru.wales,22
cy.sino-stainless-steel.com,22
cy.ljpcb.com,22
www.carechoices.co.uk,22
cy.shewellhome.com,22
cy.magicshineusa.com,22
developers.dwrcymru.com,22
arylein.blogspot.com,22
freepages.rootsweb.com,22
iechyddigidol.cymru,22
claritylearningsuite.com,22
www.yfeddoethcymru.org.uk,22
getthechance.wales,22
www.crimebeatnorthwales.co.uk,22
cy.resistancecoronavirus.com,22
www.llansannan.org,22
www.awen-wales.com,22
coa-llyfrgell.bangor.ac.uk,22
www.cymrugyfan.org,22
www.cs.ox.ac.uk,22
www.demrhyddaberconwy.cymru,22
www3.uwic.ac.uk,22
theynow.net,22
penboyr.amdro.org.uk,22
cy.wzrods.com,22
teranews.net,22
www.cronfabensiwnpowys.org,22
cy.watercolorpng.com,22
www.ayopjc.icu,22
cy.pcbfuture.com,22
www.dvsc.co.uk,22
cy.yaoron.org,21
www.sirgar.gov.uk,21
www.dobsonowen.com,21
www.bromyrddin.co.uk,21
costaricascallcenter.com,21
rcs-wales.co.uk,21
www.llancaiachfawr.co.uk,21
www.freefromfear.wales,21
cy.schwob-books.eu,21
www.menterabertawe.org,21
cy.bikingconwy.ws,21
www.ecn.ac.uk,21
gafael-llaw.co.uk,21
cy.yalisdesign.com,21
cy.zlconcretetools.com,21
myuni.swan.ac.uk,21
www.welshpatagonia.com,21
theatr-nanog.co.uk,21
www.gofalynsiryfflint.co.uk,21
cy.oawedgewire.com,21
www.police.uk,21
www.cardiffcityfcfoundation.org.uk,21
claw.torfaen.gov.uk,21
cy.americantraditioncookiecutters.com,21
www.apdyfrig.com,21
www.pontardawetowncouncil.org,21
www.ysgolystrade.org,21
venuecymruprod.tincan.co.uk,21
www.bronafon.org.uk,21
mikyab.net,21
cy.chapmanmaker.com,21
www.bookstart.org.uk,21
www.llangollenfoodfestival.com,21
commons.wikimedia.org,21
www.joiningthepolice.co.uk,21
vidabytes.com,21
arwain.360.cymru,21
www.hcrlaw.com,21
m.cy.casting-steel.com,21
cerddcymru.co.uk,21
cardiganisland.com,21
watch.eventive.org,21
sfyouth.eu,21
ffit.secure.conwy.gov.uk,21
dotio.blogspot.com,21
www.ysgol-sul.penyparc.org.uk,21
cy.createproto.com,21
library.kiwix.org,21
www.rhandirmwyn.net,21
criwcelfwest.wales,21
www.dolencymru.org,21
welsh-blood.org.uk,21
technoleg-taliesin.com,21
www.tcnvend.com,21
www.tes.com,21
www.meetion.net,21
cy.a-pressure.com,21
dysgu.com,21
cy.bonovo-china.com,21
studentnews.southwales.ac.uk,21
kasyno24news.pl,21
www.snowdoniaslatetrail.org,21
menywodcymru.abertawe.ac.uk,21
mymemory.translated.net,21
cy.easy-multi-display.com,21
cy.cowinaudio.com,21
cymraeg.cambria-jobs.co.uk,21
yneuaddlesystradgynlais.cymru,21
cy.jlttg.com,21
www.costaricascallcenter.com,21
erammp.wales,21
cortytawe.org,21
www.walescooperative.org,21
cy.jrain-frp.com,21
royalwelsh.digital,21
missgwenllian.com,21
celticcongress.bangor.ac.uk,21
us7.campaign-archive.com,21
www.alunffredjones.plaidcymru.org,21
www.llew-jones.co.uk,21
cy.yongjin-loom.com,21
www.wales.probationservices.co.uk,21
www.andesceltig.com,21
www.youthworkwales.org.uk,21
adoptcymru.com,21
www.ridenorthwales.co.uk,21
cy.hxstdripgroup.com,21
cardiffmuseum.com,21
agored.cymru,20
doshfamily.com,20
www.fairdos.com,20
yllwyfan.wordpress.com,20
www.buglife.org.uk,20
capelygarn.org,20
maethu.canolbarthagorllewin.cymru,20
cy.dgcdsilicone.com,20
www.shapingfuturewales.org,20
jobs.southwales-eveningpost.co.uk,20
felindre.gig.cymru,20
cy.hopptbattery.com,20
eliant.eu,20
ymddiriedolaethbodfach.org.uk,20
cy.china-design-truss.com,20
www.bocsgolau.co.uk,20
selfbuild.wales,20
www.ysgolsul.com,20
cy.thyhmetalfab.com,20
cy.huaxiacrane.com,20
mewncymeriad.cymru,20
www.zhsydz.com,20
recycleforwales.org.uk,20
www.devandregencardiff.co.uk,20
cy.scybtea.com,20
cy.buildinglift.com,20
medwynsmuseums.co.uk,20
www.dinasbran.co.uk,20
cy.personalizarcaixas.com,20
llyfraullafarcymru.org.uk,20
glpw.globaldimension.org.uk,20
www.ygymdeithasddeintyddol.com,20
gwynorojonescymraeg.blogspot.com,20
www.dyeing-machine.com,20
snowdonia.nationalgrid.co.uk,20
www.tyhafan.cymru,20
www.culture4pembrokeshire.co.uk,20
www.asdinfowales.co.uk,20
pontyberem.amdro.org.uk,20
cy.dandelionoutdoor.com,20
taniocymru.com,20
cy.rejeedrilling.com,20
cy.wellinkhub.com,20
cy.binuopsasystem.com,20
www.dyfivalleyhealth.org,20
cfiw.org.uk,20
cy.outboard-boat-motor-repair.com,20
www.casglwr.org,20
daleneireann.com,20
dyffrynnantlle2020.wordpress.com,20
m.cy.menobeauty.net,20
lingvanex.com,20
world-casino-cy.com,20
addysgrjceducation.wordpress.com,20
www.tpu-resin.com,20
www.llwybrarfordircymru.gov.uk,20
www.waldowilliams.com,20
cy.apicmo.com,20
www.westernpower.co.uk,20
www.cemet.co.uk,20
cy.chinafiltermedia.com,20
angleseyartsforum.org,20
www.lancabletaiwan.com,20
cy.yuntiancranes.com,20
pggc-data.org.uk,20
conwybusinesscentre.com,20
proservewales.co.uk,20
cy.kaiquanglobal.com,20
prysgodyn.blogspot.com,20
llangollenfringe.co.uk,20
www.ysgolystalyferabrodur.cymru,20
caersalem.com,20
www.llennatur.com,20
www.diogelu.cymru,20
www.llanhari.com,20
cy.mamopower.com,20
www.colwyn-tc.gov.uk,20
www.our-chartist-heritage.co.uk,20
ffermioynllanllechid.com,20
gwobrauchwaraeon.cymru,20
writingcenters.org,20
www.bridgendbites.com,20
cy.hangchisolar.com,20
www.nwsfa.org.uk,20
www.gpedia.com,20
amp.aber.ac.uk,20
mathsbellach.cymru,20
www.simonthomas.plaidcymru.org,20
www.cy.chinafiltermedia.com,20
arrivatrainswales-newsroom.prgloo.com,20
www.bestknittingyarn.com,20
strataflorida.org.uk,20
conwygreatwar.org,20
www.podcastpeldroed.cymru,20
cy.eladeanode.com,20
commissionondevolutioninwales.independent.gov.uk,20
cy.songzac.com,20
www.sludgetreatment.com.tw,20
www.camgirlsemeter.com,20
internet-marketing.global-article.ws,20
www.elevator-manufacturer.com,19
www.llwyaucaru.com,19
www.cy.newsunlightrooftile.com,19
www.ecodyfi.cymru,19
cy.goodsoundproof.com,19
credu.cymru,19
cy.plaidifanc.org,19
cy.cool-di.com,19
www.gotquestions.org,19
cardiffliving.wales,19
www.btplc.com,19
addoldaicymru.cymru,19
cy.sh-jsr.com,19
cy.wanhoocomposite.com,19
henrechflin.blogspot.co.uk,19
www.banglacymru.org.uk,19
www.cropcirclesonline.com,19
artswales.org.uk,19
www.emagister.co.uk,19
cy.baggersystems.com,19
www.stepiau.org,19
virtual.coleggwent.ac.uk,19
www.firstgroup.com,19
www.hynt.co.uk,19
www.parliament.uk,19
www.thecccw.org.uk,19
www.traciaucymraeg.com,19
ruralhealth.aber.ac.uk,19
insolecourt.org,19
cy.cvgvalves.com,19
cy.bosendatools.com,19
cy.lapelpinmaker.com,19
www.walesartsreview.org,19
www.rewildingbritain.org.uk,19
cy.vmsfurniture.com,19
www.smallwoods.org.uk,19
www.swimwales.org,19
cy.lancaigarments.com,19
2013.diffusionfestival.org,19
sesiwnfawr.cymru,19
cy.totebag-factory.com,19
www.coolant-pump.com,19
cy.besen-group.com,19
www.dewchifaeabertawe.com,19
porc.wales,19
www.reesastley.co.uk,19
www.er-collets.com,19
tfw.gov.wales,19
cy.youbestwelding.com,19
cym.awyrlas.org.uk,19
siondafydd.wordpress.com,19
cy.dali-battery-de.com,19
llafargwlad.wordpress.com,19
www.aluminum-extrusion-machine.com,19
cy.tfkitchenware.com,19
welsh.deermaple.com,19
cy.titaniumtarget.com,19
www.dan247.org.uk,19
www.montwt.co.uk,19
www.walesforpeace.org,19
www.ysgolgymraegsantcurig.com,19
beta.dyfed-powys.police.uk,19
www.cardiffstudents.com,19
www.allwaleshelpline.org.uk,19
conwyartsandmusic.org.uk,19
www.smd-reels.com,19
caruconwy.com,19
itrentselfservice.cardiffmet.ac.uk,19
cy.ytygwyrdd.cymru,19
cy.yudaradiator.com,19
cy.parkingpreheater.com,19
corabc.cymru,19
ysgolgymraeg.ceredigion.sch.uk,19
www.aberaeronprimary.org.uk,19
www.cynghorwyr.plaidcymru.org,19
dyfivalleyhealth.org,19
ogarethhughes.blogspot.com,19
www.npt-business.co.uk,19
www.cllc.org.uk,19
www.companieshouse.gov.uk,19
www.rwtwales.org,19
www.unitedwelsh.com,19
www.pacey.org.uk,19
www.pianofestival.co.uk,19
arolygucymru.com,19
wales@equalityhumanrights.com,19
www.thecompleteuniversityguide.co.uk,19
cy.jhhearingaids.com,19
ohio.llgc.org.uk,19
www.cadarn.ac.uk,19
carmarthentownafc.co.uk,19
dangerpoint.org.uk,19
www.cymdeithasycymod.cymru,19
chaplaincy.cambria.ac.uk,19
duetsdancewales.com,19
cy.iven-pharma.com,19
hahav.org.uk,19
www.foton-global.com,19
parcadfer.com,19
cy.inform-international.com,19
gartholwg.co.uk,19
www.walesrecycles.org.uk,19
cazbah.biz,19
www.stop-wylfa.org,19
itresearches.com,18
dns.planninginspectorate.gov.uk,18
student-intranet.cambria.ac.uk,18
cy.ryagrimachinery.com,18
gweddill.wrecsam.gov.uk,18
www.westwaleschronicle.co.uk,18
gwent.police.uk,18
snowdoniaslatetrail.org,18
www.innovationpoint.cymru,18
www.orthios.cymru,18
nussl.ukmsl.net,18
cy.russwilliams.org,18
gweddill.llyw.cymru,18
dementiaactifgwynedd.cymru,18
www.cardiffandvalersb.co.uk,18
cy.yysensor.com,18
www.moldtowncouncil.org.uk,18
www.plaidneath.cymru,18
community.wru.wales,18
gwastan-gogcymru.org.uk,18
www.thinkmurray.com,18
www.cadr.cymru,18
cymraeg.housemate.org.uk,18
www.ywerincronfadreftadaeth.cymru,18
www.ageingwellbridgend.co.uk,18
soundlands.org,18
beta.careerswales.gov.wales,18
meta.m.wikimedia.org,18
www.guthriejj.co.uk,18
www.tafelai.com,18
athrawon.com,18
carnarvontraders.com,18
asuka-langley-sohryu.blogspot.com,18
academigyllid.gig.cymru,18
vechervkarpatah.at.ua,18
wisewales.org.uk,18
cy.clixnetwork.com,18
www.barddas.com,18
cy-ldceredigion.nationbuilder.com,18
cy.enlathermomix.com,18
cy.electricscooterhaiba.com,18
loisdafydd.blogspot.com,18
cy.gokaiplastic.com,18
m.cy.rfidcardcube.com,18
castlewales.com,18
cy.aoodtech.com,18
cy.buddhatrends.com,18
cy.drawerslideschina.com,18
m.cy.winwinchemicals.com,18
www.geographyinthenews.org.uk,18
rwgmobile.wales,18
www.prynunlleolgwynedd.co.uk,18
ruraldehesa.es,18
cy.chinesecuttingmachine.com,18
cwmtafmorgannwgsafeguardingboard.co.uk,18
trawsnewidgwasanaethaucanser.cymru,18
repository.cardiffmet.ac.uk,18
www.ofwat.gov.uk,18
www.heattransferprinting.com.tw,18
microbit.org,18
cyw.cymru,18
www.cih.org,18
cy.millionmakers.com,18
kozakfx.com,18
www.climatesunday.org,18
www.ysgolhenryrichard.cymru,18
nerthdyben.cymru,18
cymraeg.nwcrossroads.org.uk,18
www.wjec.co.uk,18
cymrudrosheddwch.org,18
agbbangorbid.co.uk,18
www.welshairquality.co.uk,18
www.accessibility-services.co.uk,18
cy.tyvekproducts.com,18
www.ironmaster-fitness.com,18
www.casino.strictlyslots.eu,18
www.zipworld.co.uk,18
sewaleseas.org.uk,18
beaufortresearch.co.uk,18
www.claw.gov.uk,18
blog.landregistry.gov.uk,18
www.learnedsociety.wales,18
www.cy.topyetlcd.com,18
cy.un383mcm.com,18
beta.wrecsam.gov.uk,18
www.dafyddelfryn.cymru,18
www.rhodwyr-llyn-ramblers.org.uk,18
www.wildinwales-cymruwyllt.com,18
cy.horizonmagnets.com,18
www.uswluminate.com,18
theatrfelinfach.cymru,18
www.eternalforest.org,18
theeyefestival.co.uk,18
www.cyngortrefcaerfyrddin.gov.uk,18
healthyprestatyniach.co.uk,18
cdps.medium.com,18
cy.samurai-mall.com,18
inthewelshwind.co.uk,18
www.estyn.gov.uk,18
equaleducationpartners.com,18
cy.molongtattoosupply.com,18
books.google.dk,18
www.egypt.swan.ac.uk,18
canolfans4cyregin.cymru,18
cy.macametalsigns.com,18
www.mewncymeriad.cymru,18
www.youthsirgar.org.uk,18
www.michaelharvey.org,18
cy.loderi.com,18
cy.wanboparking.com,18
www.cardiganbaysac.org.uk,18
peaceful-places.com,18
blackwoodminersinstitute.com,18
paulpesda.blogspot.co.uk,18
www.ambassador.wales,18
cy.kzpcba.com,18
www.bestevafoam.com,18
www.amdro.org.uk,18
cy.vrsimulador.com,18
www.skillsforwales.wales,18
cy.schmidtclothing.com,18
smartmoneycymru.co.uk,18
teithiauteifi.wordpress.com,18
www.meta.wales,17
cy.jsbaileybridge.com,17
www.recovery4all.co.uk,17
cy.finotekpower.com,17
coedwigoeddglawceltaidd.cymru,17
www.antisliptreatment.com.tw,17
twpsynyngnghaerloyw.blogspot.com,17
cy.m.wikiquote.org,17
sc2rhyl.co.uk,17
cy.eastsculpture.com,17
www.mrinsta.com,17
record.senedd.wales,17
lullar-de-2.appspot.com,17
acgc.co.uk,17
loslancio.it,17
www.focuswales.com,17
www.primecymru.co.uk,17
cy.jq-clean.com,17
ruralconwy.org.uk,17
teithiautango.co.uk,17
www.explorechurches.org,17
dysonenergyservices.co.uk,17
cardiffyouthservices.wales,17
www.tigerbaythemusical.com,17
ico.org.uk,17
www.rogersjones.co.uk,17
www.studentloanrepayment.co.uk,17
dataunitwales.gov.uk,17
fosterwales.caerphilly.gov.uk,17
cy.juyuanfitness.com,17
cy.honoroptics.com,17
www.industrial-sewingmachine.org,17
cy.molooco.com,17
drosyrhaf.blogspot.com,17
cy.fjplasticpipe.com,17
cy.droidlawn.com,17
www.joindwr.cymru,17
www.aberfallsdistillery.com,17
www.yumpu.com,17
cy.histegoogle.com,17
grrain.aber.ac.uk,17
www.gwyneddpensionfund.org.uk,17
chwaraeon.cymru,17
www.thebigmusicproject.co.uk,17
traveladventures.wales,17
h2wales.org.uk,17
cy.hebeiyifanwood.com,17
ysgoldyffrynconwy.org,17
www.llansadwrn.org.uk,17
cy.heershi.com,17
ysgoldavidhughes.org,17
techiaith.bangor.ac.uk,17
www.legalwales.org,17
cardiffandvale.art,17
healthandcareresearchwales.org,17
uat.goconstruct.org,17
cemeg.diafol.org,17
climate.cymru,17
cymraeg.mflmentoring.co.uk,17
cymraeg.tyhafan.org,17
worldthemefactory.com,17
www.weareedwards.co.uk,17
cymraeg.carmarthenshiresvoice.org.uk,17
cromen.co.uk,17
www.bible.com,17
canolfanpeniarth.org,17
cymdeithasedwardllwyd.cymru,17
arfordirpenfro.cymru,17
devid.info,17
miconwy.cymru,17
www.flexis.wales,17
cymdeithasycymod.org.uk,17
www.swbc.org.uk,17
cy.hhglassbottle.com,17
us8.campaign-archive.com,17
www.girlguidingcymru.org.uk,17
artscape.wales,17
sttewdricshouse.co.uk,17
cy.kqpump.com,17
www.partneriaethogwen.cymru,17
www.westernbayadoption.org,17
ewc.wales,17
cy.censusjobs.co.uk,17
cy.foreivd.com,17
defnyddiwcheichcymraeg.wordpress.com,17
www.ygcwmrhondda.cymru,17
canolfanglyndwr.org,17
www.acmorgannwg.org.uk,17
m.cy.flyinglighting.com,17
www.hafancymru.co.uk,17
greenlanebiketours.co.uk,17
www.casinophonebill.com,17
arfonrhys.wordpress.com,17
blog.ngfl-cymru.org.uk,17
clwbrygbi.com,17
cy.6ncu.com,17
grannellcoop.org.uk,17
stmelangell.org,17
cartrefi.org,17
www.howelfood.co.uk,17
cy.baotitanium.com,17
www.llawncariad.co.uk,17
llanhari.com,17
www.carwpiws.cymru,17
www.intofilm.org,17
www.abuhb-jobs.co.uk,17
helfagelf.co.uk,17
mapio.cymru,17
hodges.edu,17
cy.tianjinile.com,17
www.pianowithkent.com,17
www.rhyljournal.co.uk,17
tourism.powys.gov.uk,17
www.adoptcymru.com,17
steppingstonesnorthwales.co.uk,17
sites.google.com,17
brocmor.com,17
www.ipcc.gov.uk,17
www.turbomedia.io,17
www.atgof.co,17
arloesi.celf.cymru,17
www.serco-ese.com,17
sactivator.com,17
www.nea.org.uk,17
bcagogleddcymru.wordpress.com,17
cy.ljprocess.com,17
cprw.org.uk,17
movilforum.com,17
nwimf.com,17
www.partneriaethpensiwncymru.org,17
dragondriver.com,17
www.future-made.co.uk,17
ipcc.gov.uk,17
cy.electric-test.com,17
www.visitmonmouthshire.com,17
llangynfelyn.org,17
www.ons.gov.uk,17
interlinkrct.org.uk,17
cy.yamazonhome.com,17
broenlli.com,17
calendr.360.cymru,17
arthurian-studies.bangor.ac.uk,17
www.shaw-trust.org.uk,17
cpelaber.blogspot.co.uk,17
penybont.maethucymru.llyw.cymru,17
www.hayfestival.com,17
www.cy.siosunlight.com,17
cy.hzorkf.com,17
henaduriaetharfon.org,17
business.dwrcymru.com,17
adrahome.com,17
cy.buyoutdoorproduct.com,17
archifdy-ceredigion.org.uk,17
cy.jxgeqi.com,17
cy.tprefractory.com,17
www.actifsirgar.co.uk,17
www.childcomwales.org.uk,17
telecarecardiff.co.uk,17
cy.hoionlighting.com,16
www.cristnogaeth21.cymru,16
live.wcva.hosting.sequence.co.uk,16
thereaderwiki.com,16
warpresource.wordpress.com,16
westernbayadoption.org,16
visithultsfred.se,16
dyffrynteifi.ceredigion.sch.uk,16
www.paneldiogelwch.org.uk,16
llys-y-fran.co.uk,16
cwmnifranwen.wordpress.com,16
war-memorials.swan.ac.uk,16
cy.printowel.com,16
youthendowmentfund.org.uk,16
blasus.cymru,16
cy.avvocati.live,16
gsmcg.gig.cymru,16
cy.theindianface.com,16
cy.womanstouchapparel.com,16
cy.pantexchina.com,16
www.zero2050.co.uk,16
llygadddu.wordpress.com,16
www.creatingenterprise.org.uk,16
astudio.beibl.cymru,16
cy.sunleadfabric.net,16
llyn-maritime-museum.co.uk,16
cy.klrope.com,16
www.interlinkrct.org.uk,16
www.ysgoltirdeunaw.co.uk,16
cy.hongbangpacking.com,16
headoffice.mpct.co.uk,16
takemetoo.co.uk,16
www.thermorecetas.com,16
inventaire.io,16
www.longforest.cymru,16
brain.wales,16
cy.dgtctcards.com,16
cy.xytowers.com,16
ceredigionmuseum.wales,16
finance.global-article.ws,16
www.metric-conversions.org,16
www.keymachine.com.tw,16
cy.plasticmouldtools.com,16
www.meat-grinder-manufacturer.com,16
visitdenbigh.co.uk,16
www.amp-cloud.de,16
bet-wel.top,16
www.depeces.com,16
llynguides.co.uk,16
cymru.tppuk.com,16
www.gwyneddgreadigol.com,16
ymddiried.cymru,16
www.cardifftradewaste.co.uk,16
site-wru.soticcloud.net,16
cy.linyimeixu.com,16
m.cy.cxmetti.com,16
weds.heiw.wales,16
peniarth.cymru,16
www.organdonation.nhs.uk,16
trefeurig.cymru,16
panelcyfryngau.cymru,16
www.athrawon.com,16
cy.baheceiling.com,16
www.actiononhearingloss.org.uk,16
cy.shimgewaterpump.com,16
oriel.rhiannon.co.uk,16
cy.puhua-machinery.com,16
ggat.org.uk,16
brobrynach.ysgolccc.cymru,16
sbriwales.co.uk,16
tycerddshop.com,16
www.samiswansea.co.uk,16
www.gofalwyr.cymru,16
www.violencepreventionwales.co.uk,16
acen.co.uk,16
www.huwmeredyddowen.com,16
cy.jintamachinery.com,16
cy.sarmsstore.co.uk,16
www.cy.derflex-sign.com,16
principality.co.uk,16
cy.dj-metal-mesh.com,16
cy.jera-fiber.com,16
cymru.learnmyway.com,16
stecymru14.wordpress.com,16
sain.beibl.cymru,16
www.eglwysllanddarog.org,16
ceramics-aberystwyth.com,16
rhct.maethucymru.llyw.cymru,16
studentblog.uwtsd.ac.uk,16
collections.swansea.ac.uk,16
wordwall.net,16
rhwydwaithiechydcyhoeddus.cymru,16
merthyrtudful.maethucymru.llyw.cymru,16
www.thettcgroup.com,16
cy.centr-zashity.ru,16
cy.drafare.com,16
fostercarecardiff.co.uk,16
alsurtango.com,16
growinpowys.wixsite.com,16
shapingourfuturewellbeing.com,16
content.scriptureunion.org.uk,16
gogleddcreadigol.cymru,16
cy.jxplasma.com,16
cy.hefeitex.com,16
cy.luums.org,16
loginmail.online,16
cy.art-forlove.com,16
www.pedryn.cymru,16
colegau.cymru,16
www.yggllangynwyd.cymru,16
darllenydd.beibl.cymru,16
m.cy.woodenboxsupplier.com,16
www.appsinwelsh.com,16
bursacclimatizacion.es,16
jera-energy.com,16
glanfariweryddcaerdydd.co.uk,16
www.canfodygan.cymru,16
www.swanseastudentmedia.com,16
edopt.cymru,16
enwaulleoeddhanesyddol.cbhc.gov.uk,16
uggc.gig.cymru,16
cy.luxmainlifts.com,16
www.cvsclotolwcus.co.uk,16
gwleidydd.blogspot.com,16
caerdyddarwaith.co.uk,16
www.fis.carmarthenshire.gov.uk,16
www.wellbeingthroughwork.org.uk,16
m.cy.baheceiling.com,16
www.carersuk.org,16
www.ysgolywern.co.uk,16
edl.ecml.at,16
tinint.cymru,16
www.leinuotechnology.com,16
cy.kalehvls.com,16
www.capstonebiotek.com,15
technocamps.co.uk,15
wtiparcadfer.co.uk,15
www.walesadcentre.org.uk,15
clwbmalucachu.co.uk,15
cy.yongyuglass.com,15
sewales.org.uk,15
cy.asn-cn.com,15
cy.js-metals.com,15
chdauk.co.uk,15
www.friendsagainstscams.org.uk,15
cy.asiaprintec.com,15
leewayproductions.com,15
www.pro14rugby.org,15
www.grandabertawe.co.uk,15
www.adventuresmart.uk,15
shop.wales.ac.uk,15
mentrauiaith-gogledd.com,15
www.philizon.com,15
golaudrwyrffenestr.wordpress.com,15
statenislandbathroomremodel.com,15
dyfodol.org,15
iswe.bangor.ac.uk,15
cy.newsinfonia.org.uk,15
notsoglammam.com,15
www.trefriwwalkingfestival.co.uk,15
network75.southwales.ac.uk,15
enwaudyffrynogwen.org,15
discoverwater.co.uk,15
environmentwales.wordpress.com,15
walessportawards.co.uk,15
cy.actiongasdetector.com,15
cy.mricc.com,15
cy.cat6-cable.com,15
powysmoorlands.cymru,15
cy.shengsongmetal.com,15
www.ysgolbrynhyfryd.com,15
cy.angelbisshealthcare.com,15
cymru.civilservicelive.com,15
cy.yihoopolymer.com,15
www.menteriaith.cymru,15
www.orielybont.co.uk,15
chwaraeon.colegau.cymru,15
gamblingpapa.com,15
cy.yuanfang.com,15
www.airwoods.com,15
avibase.bsc-eoc.org,15
www.warmwales.org.uk,15
www.cymdeithastaitaf.co.uk,15
stgilescentre.org,15
www.lgac.org.uk,15
www.cadwchcaerdyddyndaclus.com,15
mwydro.com,15
www.aluminumalloysupplier.com,15
www.cy.macametalsigns.com,15
www.quiz.wales,15
cy.xsx-metals.com,15
wales.wwf.org.uk,15
food.blog.gov.uk,15
www.cardiffharbour.com,15
www.glynnvivian.com,15
www.cardifffamilies.co.uk,15
www.cy.mzballs.com,15
cy.google-es.info,15
cy.aligned-tec.com,15
cy.aolga-hk.com,15
cysylltiadgogleddcymru.com,15
rasyriaith.cymru,15
www.pitchero.com,15
www.gwirvol.org,15
cy.ykremote.com,15
cy.isporten.com,15
www.cy.jsbaileybridge.com,15
cy.folksoap.co.uk,15
wl.communitylandadvice.org.uk,15
www.rhydywaun.org,15
www.lawyersuae.com,15
www.reporthate.victimsupport.org.uk,15
cy.hzpmsonic-en.com,15
www.justice.gov.uk,15
clydach.cymru,15
www.fetonlight.com,15
noddfa.llyw.cymru,15
souledoutcymru.net,15
carersoutreach.org.uk,15
getinvolved.torfaen.gov.uk,15
gwylycynhaeaf.com,15
cy.shenzhenfulfillment.com,15
vamt.net,15
www.dogstrusthopeproject.org.uk,15
www.method4.co.uk,15
cy.top-ferienhaus-kroatien.de,15
www.growthtrack360.com,15
governorswales.org.uk,15
www.bookdrum.com,15
www.portal.cymru,15
nofitstate.org,15
m.cy.htongsteel.com,15
harbwrcaerdydd.com,15
www.heatherandhillforts.co.uk,15
beiciomynydddyfi.org.uk,15
regenerate.npt.gov.uk,15
cy.oemmasks.com,15
www.ikkaro.com,15
midwalesredsquirrels.org,15
ysgolydderwen.cymru,15
gwyddonias.wordpress.com,15
www.pensionwise.gov.uk,15
cy.ennyncymru.com,15
studyskills.southwales.ac.uk,15
cy.seamorkayaking.wales,15
www.goldenlaser.cc,15
www.rcplondon.ac.uk,15
newyddiontreftadaethcymru.blogspot.co.uk,15
www.ccha.org.uk,15
www.channeltalent.co.uk,15
www.ndec.org.uk,15
www.visitcardigan.com,15
cy.bsqcn.com,15
generationbeth.s4c.cymru,15
www.ysgolgymraeg.cymru,15
test.prnewslink.net,15
www.ysgoldolbadarn.org,15
www.ccrgraduatescheme.wales,15
holyhead2020.com,15
m.cy.top-display.com,15
cy.dgheatex.com,15
www.wwcp.org.uk,15
cy.wangjiecap.com,15
homelessworldcup.org,15
hafodmorfacopperworks.com,15
www.omniglot.com,15
docs.google.com,15
cy.ruishengarment.com,15
cy.vigordrilling.com,15
gisw.gig.cymru,15
www.nelzu.cz,15
www.imems.ac.uk,15
pontardulaistownband.com,15
www.antibullytorfaen.org.uk,15
www.ygglonlas.co.uk,15
www.loverhyl.co.uk,15
cy.made-in-chinna.com,15
committeemeetings.flintshire.gov.uk,15
cy.veyongpharma.com,15
xlence.co.uk,15
rhagoriaith.cymru,15
cy.pcbreverse.com,15
ceredigionactif.org.uk,15
m.cy.gatesea.org,15
www.westernbay.org.uk,15
heritagetogether.org,15
dialls2020.eu,15
cy.tapenewera.com,15
cwmnipendraw.com,15
cy.sx-lightfactory.com,15
cy.csdownload.net,15
artiscommunity.org.uk,15
newpaper24.com,15
cardiffdesignfestival.com,15
enjoy.pcnpa.org.uk,15
cy.sure-paper.com,15
www.barcud.cymru,15
www.gwefrhebwifrau.org.uk,15
www.barnardos.org.uk,15
cpe-wales.org,15
cy.cndayu.com,14
www.sputteringtarget.com.tw,14
www.colwynbaythi.co.uk,14
www.voluntaryarts.org,14
www.cardiffcouncilproperty.com,14
www.profirtywyllwch.cymru,14
www.torfaentraining.co.uk,14
www.reed.co.uk,14
beaconwales.org,14
cy.kdextrusion.com,14
gwobrauarwain.cymru,14
cy.sanolasermedical.com,14
www.cymru-ariannin.com,14
www.ysgolcilgerran.co.uk,14
www.ieuenctidsirbenfro.co.uk,14
www.laurakaradog.cymru,14
cy.family-cares.com,14
elitebytes.com,14
paramountcoaches.com,14
arwyddo.cymru,14
cysur.cymru,14
www.myglyw.org.uk,14
destektechnology.com,14
www.sustainwales.com,14
www.menywodcymrumewnstem.org,14
ygorauogymru.co.uk,14
estates.southwales.ac.uk,14
nda.blog.gov.uk,14
www.nyaw.org.uk,14
cymraegdyffrynogwen.wordpress.com,14
www.calbournewatermill.co.uk,14
www.buddhistsupplies.org,14
dragonsheart.org,14
www.forcardiff.com,14
hafancymru.co.uk,14
www.beyinpacking.com,14
felinheli.org,14
agordrysau.cymru,14
cymraeg.sfo.gov.uk,14
pcydds.ac.uk,14
cy.kfook.com,14
bioamrywiaethcymru.org.uk,14
trytranquil.net,14
cy.mesashower.com,14
www.powyslotto.com,14
ccskills.org.uk,14
safleswyddi.com,14
www.gwentpa.police.uk,14
tfwlab.wales,14
www.lasrecetascocina.com,14
www.mobilecasinofun.com,14
www.gwynedd.biz,14
dramau.cymru,14
rhagolwg.adyach.cymru,14
products.aspose.app,14
www.jiscmail.ac.uk,14
urdd.limegreentangerine.net,14
chwaraeoncymru.org.uk,14
www.cy.cxmetti.com,14
www.anturteifi.org.uk,14
mental.guide,14
www.dentalzirconiadisc.com,14
cy.cimc-enric.com,14
ahww.cymru,14
cascaderesearch.wixsite.com,14
rspca-llysnini.org.uk,14
www.cymruifanc.cymru,14
onehistoricgarden.co.uk,14
careers.btp.police.uk,14
cymru-x.blogspot.com,14
wsa.wales,14
cy.cnrockdrill.com,14
downloadfacetime.com,14
www.jcpsolicitors.co.uk,14
www.beaumarisband.org.uk,14
circulareconomy.wales,14
pollution.npt.gov.uk,14
www.weacymru.org.uk,14
www.currentschoolnews.com,14
www.apolloteaching.co.uk,14
allergytraining.food.gov.uk,14
teifiharps.com,14
www.cy.ljpcb.com,14
www.shwmae.cymru,14
www.nationalgrid.com,14
cy.dragontemperglass.com,14
financial-dictionary.thefreedictionary.com,14
www.llaethyllan.co.uk,14
www.stonewallscotland.org.uk,14
www.wru.wales,14
diffusion-zeitgeist.org,14
www.hse.gov.uk,14
mantellgwynedd.com,14
cy.naturalwindtextiles.com,14
cy.xiangfumould.com,14
www.cardifftenants.co.uk,14
www.cardiffmoneyadvice.co.uk,14
www.mentercwmgwendraeth.org.uk,14
cy.jammerwill.com,14
rhuthun-briec.moonfruit.com,14
cy.desaiglue.com,14
neuaddogwen.com,14
tritech.gig.cymru,14
ymgynghoriaith.cymru,14
fosterwales.newport.gov.uk,14
collections.storiel.cymru,14
dtawales.org.uk,14
cy.casting-steel.com,14
www.newtheatrecardiff.co.uk,14
www.companieshouse.co.uk,14
live.shaw-trust.mmtdigital.co.uk,14
www.waleslink.org,14
myf.cymru,14
panwalescymru.wordpress.com,14
stop-wylfa.org,14
www.waterpoint.pl,14
www.mailcasino.com,14
www.llanyrafonmanor.org,14
takethecovid19vaccine.com,14
camlas.cymru,14
cy.ubocnc.com,14
www.vale50plus.org,14
www.uwtsdunion.co.uk,14
theatrbaracaws.com,14
www.cynnal.co.uk,14
adnoddau.canolfanpeniarth.org,14
cy.dinglongquartz.com,14
cy.plywoodmaking.com,14
therepopulation.com,14
casnewyddfyw.co.uk,14
ysgolcaerelen.cymru,14
peoplespeakup.co.uk,14
cadair.aber.ac.uk,14
cy.baoyujiaxy.com,14
ceredigionmusicservice.org.uk,14
www.fflecsi.cymru,14
www.fostercwmtaf.co.uk,14
cadarnconsulting.co.uk,14
cy.szgooda.com,14
www.jobscardiffcouncil.co.uk,14
callthepm.com,14
www.ysgoluwchraddbodedern.org,14
einsiwrnaiuchelgeisiol.sport.wales,14
canopi.nhs.wales,14
memoartscentre.co.uk,14
cyngortrefpwllheli.cymru,14
www.fostercaerphilly.co.uk,14
hongian.cymru,14
cy.housewarevip.com,14
welsh.chinaplayground.com,14
cy.thewordfoundation.org,14
cy.icepacksupplier.com,14
rhosstreetschool.co.uk,14
cy.autistance.org,14
www.consumerfocus.org.uk,14
cy.cxmachinery.com,14
dyffrynaman.org,14
cy.cxmetti.com,14
www.awen-libraries.com,14
straeonmynwentwrecsam.com,14
www.glasu.org.uk,14
positif.cymru,14
www.cy.qingdaomachine.com,14
cy.czhfmtransmitter.com,14
cy.ctflourmill.com,14
www.snowdoniamarathon.co.uk,14
flammor.com,14
cy.drygranulating.com,13
www.cymrugreadigol.cymru,13
www.slotjar.com,13
glasdir.com,13
www.minyddol-pri.wrexham.sch.uk,13
cy.beihuafactory.com,13
www.wowfilmfestival.com,13
www.postgrad.com,13
hydrogenh2.cymru,13
cy.ec-globalinspection.com,13
www.clwydianrangeaonb.org.uk,13
www.trac-cymru.org,13
cy.kalocilsbeauty.com,13
www.tsinfa.com,13
cy.meltblown-slitter.com,13
www.gydangilydd.cymru,13
www.virtualcollege.ac.uk,13
www.brynuchel.co.uk,13
magazine.faw.cymru,13
www.thestudentsurvey.com,13
atebol.com,13
ymmd.org.uk,13
www.cwmidwal.cymru,13
cy.lcdscreenht.com,13
cy.wearccoplate.com,13
www.cy.trawscymru.info,13
cy.tkflopumps.com,13
www.survivorsuk.org,13
genome.ch.bbc.co.uk,13
images-2.swan.ac.uk,13
www.ontheland.co.uk,13
cy.jfymakeup.com,13
symud.cymru,13
www.cwlwmceltaidd.org,13
lletyarall.org,13
discoverwelshmusic.com,13
menter-aberystwyth.org.uk,13
www.bridgeinnovation.co.uk,13
gofod.space,13
recriwtio.com,13
www.cymraeg.ysgolbryntabor.co.uk,13
www.lrctraining.org.uk,13
cy.elementsociety.co.uk,13
www.nextbike.co.uk,13
cy.beulines.com,13
www.llwyddo.cymru,13
iwanbala.com,13
www.galericaernarfon.com,13
crwydropeldroed.blogspot.com,13
ankst.co.uk,13
www.bucanier.eu,13
cy.buywinstrolnow.com,13
www.radiobeca.cymru,13
cy.bhfoodadditive.com,13
www.buffoonmedia.co.uk,13
mflmentoring.co.uk,13
childhood-stories.com,13
pembrokeshireoutdoorschools.co.uk,13
cy.changyuancorp.com,13
bethespark.wales,13
www.rlp.org.uk,13
bwrddtaliadau.cymru,13
cy.touchscreen-display.net,13
www.ceredigioncoastpath.org.uk,13
jobs.telegraph.co.uk,13
www.gweiadur.com,13
www.ashmole.co.uk,13
cy.itendhygienic.com,13
www.menterbroogwr.org,13
www.menterbgtm.cymru,13
www.spanglefish.com,13
cy.boya-packing.com,13
owain-glyndwr.cymru,13
cbac.co.uk,13
cy.thedrillstore.com,13
cy.zs-express.com,13
holyheadtowncouncil.com,13
llanbedrdyffrynclwyd.org.uk,13
www.fca.org.uk,13
gradschool.southwales.ac.uk,13
www.goldmancasino.com,13
www.wrecsamynghyd.co.uk,13
mentercasnewydd.cymru,13
ymchwiliechydagofalcymru.org,13
www.adultlearningcardiff.co.uk,13
hpcwales.co.uk,13
discovercreative.careers,13
www.sewingmachinesparts.com,13
www.arwain.wales,13
cy.fujihdlift.com,13
cy.tissuepapermachinery.com,13
hotelsanvincenzoischia.it,13
ysgolabercaseg.org,13
cy.xgearsports.com,13
cy.lbpigment.com,13
www.wildflameproductions.com,13
flintshire.audio-guide.co.uk,13
cy.tobaccopackage.com,13
www.ttc-uk.com,13
bala-lake-railway.co.uk,13
cy.endgrain.org.uk,13
cy.thermal-controller.com,13
cy.etagtrontech.com,13
www.outdoorlearningwales.org,13
registry.southwales.ac.uk,13
cy.lantaisi.com,13
www.dwsoga.org.uk,13
www.hermessteel.net,13
hhpwales.nhs.wales,13
parcfelindre.co.uk,13
www.awiss.org.uk,13
cy.xmprofence.com,13
tastetrailwales.co.uk,13
cy.wuxi-innovate.com,13
www.ceramics-aberystwyth.com,13
ygcwmrhondda.cymru,13
cy.hghbangkok.com,13
www.goingitalone.co.uk,13
www.waterstones.com,13
video-file-converter.com,13
cy.photycast.com,13
cwic.wales,13
cy.shuermed.com,13
www.rasawales.org.uk,13
cy.sasitisfi.com,13
esrc.ukri.org,13
www.siryfflintgwobraubusnes.com,13
paneldyfarnu.llyw.cymru,13
nlhfproject.festrail.co.uk,13
latterdavies.co.uk,13
saw.swansea.ac.uk,13
cy.3cinnolighting.com,13
snowdonia-attractions.com,13
www.watertreatmentsystems.org,13
www.jobdescriptionsample.org,13
stpadarns-llanbadarn.org.uk,13
cy.hghphuket.com,13
www.ceh.ac.uk,13
www.cardiff-airport.com,13
cy.chinahydeglass2.com,13
www.knwautobody.com,13
newseverything.in,13
www.cy.gatesea.org,13
newsfeed.cymru,13
marshall.cymru,13
www.swanseachristmas.com,13
cy.plmen-battery.com,13
cy.cicbeauty.com,13
www.wcppe.org.uk,13
cy.huajifilter.com,13
rondomedia.co.uk,13
www.unllaiscymru.org.uk,13
welshathletics.org,13
cy.civen-inc.com,13
www.storeyarms.com,13
bodiorbydysawd.rhwyd.org,13
www.bestwaytowhitenteethguide.org,13
cymrugyfan.org,13
thehafren.co.uk,13
www.nationalchurchestrust.org,13
gwybedyn.wordpress.com,13
alcemi.org.uk,13
cy.sdgaoqiang.com,13
cy.tangjihz.com,13
cityformdesign.pl,13
cymry-casnewydd.org.uk,13
canwiohywel.blogspot.com,13
cy.gspack.cn,13
cy.cmm-nano.com,13
cleverads.com,13
qcn.stanford.edu,13
www.ggd.cymru,13
eastieoaks.com,13
yourcouncil.flintshire.gov.uk,13
www.stdavidscathedral.org.uk,13
www.ffermio.tv,13
cy.stonemakingmachine.com,13
corwendaynursery.co.uk,13
podcasts.apple.com,13
www.ysgolsyrthomasjones.cymru,13
judgeslodging.org.uk,13
www.gwladychwedlau.cymru,13
www.chesterstandard.co.uk,13
treuddyn.org.uk,13
www.valleystocoast.wales,13
jobdescriptionsample.org,13
rctpensions.org.uk,13
www.mentrauiaith.org,13
nworth-ctu.bangor.ac.uk,13
cy.jitai-electronics.com,13
www.ecwiti.cymru,13
ysgolygwernant.co.uk,13
www.cardiganbayhoney.co.uk,13
global.drfone.biz,13
ccgwynedd.org,13
colegaucymru.wordpress.com,13
cy.livestockhelper.com,13
www.visitaberystwyth.com,13
wereviewedthis.co.uk,13
www.wtwales.org,13
cy.wfmblsponge.com,13
www.ysgolcroesatti.co.uk,13
www.the-tailoress.com,13
cy.winwinchemicals.com,13
agathoscymraeg.weebly.com,13
www.theuglyhouse.co.uk,13
www.santestudful.merthyr.sch.uk,13
cy.pp-board.com,13
bikehike.org,13
www.abayoflife.com,13
www.sra.org.uk,13
cy.popular.jewelry,13
wellbeingmerthyr.co.uk,13
www.orielmon.org,13
wtsf.org.uk,13
www.swanseafestival.org,13
www.ransackdance.co.uk,13
www.telesgop.co.uk,13
gwirfoddolwyrsirddinbych.net,13
edau.cymru,13
www.geldards.com,13
growwilduk.com,13
bigsplashnewport.com,13
dysgwyraraf.wordpress.com,13
cy.honorslitter.com,13
www.honno.co.uk,13
cy.swewe.net,13
www.woodlandslimited.co.uk,13
www.ynniteg.cymru,13
www.historypoints.org,13
www.nannerch.com,13
cy.rysteelhome.com,13
caerdydddealldementia.co.uk,13
www.mencap.org.uk,12
cy.partspowergenset.com,12
cy.df-emergency.com,12
castellventures.wales,12
www.missouttohelpout.com,12
trelecharbetws.cymru,12
directgov.co.uk,12
angleseygrassland.org,12
eli.gig.cymru,12
brocwyfan.org.uk,12
www.threepeakspartnership.co.uk,12
www.nativetrees.org.uk,12
www.environment-agency.org.uk,12
cy.pinghu-hinge.com,12
llanidloeshighschool.co.uk,12
wildseas.wales,12
ygymdeithasfeddygol.cymru,12
www.charitycommission.gov.uk,12
www.exacthacks.com,12
www.bangormusicfestival.org.uk,12
www.ponty.net,12
cy.cwmpas.coop,12
www.celticleague.net,12
bromorgannwg.maethucymru.llyw.cymru,12
cy.elesun-cable.com,12
www.princeofwales.gov.uk,12
professorllusern.com,12
cy.fibcmachine.com,12
smala.net,12
www.roadsafetywales.org.uk,12
www.lc-tech.com,12
breconbeaconstourism.co.uk,12
oxfamapps.org,12
myrecyclingwales.org.uk,12
www.artthatbinds.org,12
cy.randiscn.com,12
kaleidoscope68.org,12
lookformedical.com,12
cy.newdance.org.uk,12
cy.longoucell.com,12
www.tyfuymmhowys.com,12
cy.longhuapolyol.com,12
cy.ecigarettevaporizer.net,12
archiveshub.jisc.ac.uk,12
cy.hzbxgas.com,12
www.adampriceblog.org.uk,12
cy.frtgraphite.com,12
llanllwni.cymru,12
cambrianostra.com,12
sirddinbych.maethucymru.llyw.cymru,12
www.europlasmolde.com,12
llandysul-paddlers.org.uk,12
drinkswales.com,12
llandysul-plogoneg.org,12
www.coolsocialgravitysummit.com,12
translations.launchpad.net,12
www.coffbrewing.com,12
cy.hope-shoe.com,12
ww2.rspb.org.uk,12
ctauk.org,12
cy.dredgerjulong.com,12
www.beeswaxfabricwraps.co.uk,12
www.fgi-tech.com,12
cy.resistanceband-china.com,12
cy.hexherbalmedicine.com,12
www.ybg.cymru,12
cy.nbsmpapergames.com,12
www.touchtrust.co.uk,12
www.trefonnen.powys.sch.uk,12
addysgycyfrifiad.org.uk,12
cy.glorexclamp.com,12
www.flytippingactionwales.org,12
hwbsmenterffocws.cymru,12
dylansrestaurant.co.uk,12
20twentybusinessgrowth.com,12
wrffc.wales,12
www.fhc.co.uk,12
www.gwyneddmindfulness.co.uk,12
ceidiog.com,12
cy.lvdcnc.com,12
cy.fzbiotech.com,12
www.discovercarmarthenshire.com,12
cordydd.org.uk,12
transport-goods-to-and-from-eu.dft.gov.uk,12
www.epicfishingtrips.co.uk,12
cy.dy-displays.com,12
kb.mipermit.com,12
cy.qskydental.com,12
welsh.growingheart.co.uk,12
cy.hewei-defense.com,12
annwylfyd-crazydistortion.blogspot.com,12
udfil.com,12
www.skysafety.net,12
cy.mrbretail.com,12
cy.eamachine.com,12
croniclau.bangor.ac.uk,12
www.cgcymru.org.uk,12
www.eldel-mabel.net,12
ceowatermandate.org,12
cy.marineandrvtrades.com,12
lleoli.sirgar.llyw.cymru,12
www.cdt-compound-semiconductor.org,12
www.matchedbets.com,12
www.civilservicelive.com,12
cy.meokonint.com,12
www.swanseamarina.org.uk,12
cardiffmade.com,12
csee.bangor.ac.uk,12
broardudwy.church,12
cwrwllyn.cymru,12
www.gainesvillecomputer.com,12
cy.tl-woodworking.com,12
www.bangorpier.org,12
www.canolfanpeniarth.org,12
foodinnovation.wales,12
www.ysgolpenygarth.cymru,12
modrwyoynnghymru.blogspot.com,12
www.growinpowys.com,12
www.blaenaugwentpsb.org.uk,12
cy.aksafetygloves.com,12
forexindicatorsdownload.com,12
www.cansing.org.uk,12
collectionsblueprint.wales,12
cy.surmounthat.com,12
forum.carersuk.org,12
plwm.org.uk,12
cy.taametal.com,12
de-ddwyrain.blogspot.com,12
www.dameocio.com,12
governance.beacons-npa.gov.uk,12
www.webretina.com,12
cy.theoremchem.com,12
www.shrn.org.uk,12
www.darwingray.com,12
flytippingactionwales.org,12
www.bng-intl.com,12
cy.themax-press.com,12
bishopbangor.com,12
cy.toolsfactory.net,12
northwaleschoirfestival.secure.conwy.gov.uk,12
victorpicarra.wordpress.com,12
cymru.tycymorth.org.uk,12
cy.precisepackage.com,12
cy.smartpopupyy.com,12
aplusglobalecommerce.com,12
php.org,12
ysgolllanllechid.org,12
cy.slurrypumpparts.com,12
www.carmarthenbayferries.co.uk,12
cy.bic-iwhr.com,12
canolfanbrynberian.org.uk,12
cy.xueruishajt.com,12
madreshoy.com,12
www.cardiffdogshome.co.uk,12
fforddcymru.cymru,12
templeofpeace.wales,12
www.cy.beallindustry.com,12
www.cbmcymru.co.uk,12
teachershub.educationsupport.org.uk,12
www.caerdyddplaid.cymru,12
policejobswales.tal.net,12
us12.campaign-archive.com,12
www.llanelly-house.org.uk,12
mobilecheats.edu.pl,12
saesnesyngnghymru.wordpress.com,12
www.walesdyslexia.org.uk,12
vacancies.scoutscymru.org.uk,12
www.yilinghospital.com,12
cy.thedsahub.co.uk,12
www.fpcnp.org.uk,12
www.watkinjones.com,12
cy.zeoliteperlite.com,12
cy.zeyachem.net,12
cy.zhdbag.com,12
medrwnmon.org,12
datganoli20.cymru,12
www.cymru1.net,12
www.stopia.cymru,12
broteifi.ceredigion.sch.uk,12
trefeurig.org,12
www.adlibris.com,12
church-of-christ.org,12
www.luckscasino.com,12
wellbeingsite.dns-systems.net,12
digidol2030cymru.jisc.ac.uk,12
cy.lingchendental.com,12
www.advancebrighterfutureswrexham.co.uk,12
cy.igames9.com,12
www.aspiradorasbaratas.net,12
arc-csg.cymru,12
mentalhealthtx.org,12
www.thesprout.co.uk,12
www.cy.nbsy-motorshaft-es.com,12
www.zhitov.ru,12
demo.alaveteli.org,12
cy.qdhjttower.net,12
cy.asdeu.eu,12
cy.yonwaytech.com,12
www.cromen.co.uk,12
cy.surezenmed.com,12
m.cy.globalebison.com,12
www.bridgend.ac.uk,12
www.plastic-playingcards.com,12
cy.aonetantalum.com,12
citb-constructionskills.preprod-cskills.org,12
cy.chinasteeringknuckle.com,12
cymraeg.ordnancesurvey.co.uk,12
cy.chinasteelbuilding.net,12
cy.chinascissorlift.com,12
www.yggllwynderw.co.uk,12
cy.chinasteelkd.com,12
vfcc.org.uk,12
penparcau.cymru,12
wales.camac-harps.com,12
democracy.caerphilly.gov.uk,12
www.redsquirrels.info,12
www.ysgolygraig.cymru,12
cy.sukoptfe.com,12
cy.beihaicomposite.com,12
cymraeg.cwmorthin.com,12
cy.stabapower.com,12
www.candy-crush.co,12
ancientcattleofwales.org,11
cy.rocplex.com,11
hafod.org,11
www.croesoteifi.org,11
www.renewwales.org.uk,11
web.archive.org,11
www.mankeel.com,11
www.redstartwales.com,11
www.biodegradable-plastic.com,11
www.pembrokeshirecoast.org.uk,11
www.dafyddllywelyn.cymru,11
cy.cnvimar.com,11
www.hcpc-uk.org,11
ewemanage-it.org.uk,11
www.mentercaerffili.org,11
cy.soslli.com,11
cy.torlaser.com,11
childmaintenanceservice.direct.gov.uk,11
assetsportal.dtawales.org.uk,11
redemperorcbd.com,11
thefestivalscompany.co.uk,11
cy.solvent-plotter.com,11
www.mentercaerffili.cymru,11
cy.toptionchem.com,11
cy.chinastoneworld.com,11
honno.co.uk,11
www.scvs.org.uk,11
www.halkynmountain.co.uk,11
www.delwedd.co.uk,11
softkelo.com,11
www.jobcenter-sbk.de,11
enwau.cymru,11
anffyddiaeth.blogspot.co.uk,11
www.mapiaullennatur.net,11
www.childline.org.uk,11
ceredigion.maethucymru.llyw.cymru,11
mt4indicators.com,11
www.opdsupport.com,11
www.capelyffynnon.org,11
cy.fs-runwell.net,11
cy.bainaisichem.com,11
eichcymruchi.senedd.cymru,11
dwrcymru.co.uk,11
www.childrensuniversity.co.uk,11
www.walessscr.org,11
buildingblocksfamilycentre.co.uk,11
www.walesrallygb.com,11
cy.flj-pcb.com,11
symudymlaen.cymru,11
capita-pip.co.uk,11
cy.spray-mosquito.com,11
www.advicemidwales.org.uk,11
www.cy.yahualighting.com,11
fosterwales.blaenau-gwent.gov.uk,11
ysgolmorfanefyn.org,11
cy.jjf-stainless-steel.com,11
www.canolbarthcymru.co.uk,11
cy.ywtlpress.com,11
www.arcorafaucet.com,11
grwpcynefin.org,11
disability.southwales.ac.uk,11
www.pontardawefilm.com,11
www.ysgolplantybrics.com,11
www.syniadau.cymru,11
gwennodafydd.co.uk,11
cy.szanytec.com,11
housingjobs.wales,11
engineeringimpact.co.uk,11
cy.castingcookware.com,11
www.communistparty.org.uk,11
m.cy.beallindustry.com,11
www.jobswales.co.uk,11
biglotteryfund.org.uk,11
cy.cmoapi.com,11
cy.shinvaglobal.com,11
www.groundfloor24.com,11
cy.dlcosmeticbrushes.com,11
discoverylibrary.crestawards.org,11
theatr.wordpress.com,11
sails.swan.ac.uk,11
siop.bragdylleu.cymru,11
cy.sanxinmedtec.com,11
www.gweni.co.uk,11
humanitiesblog.uwtsd.ac.uk,11
www.valley-community-council.wales,11
cy.mwirrigation.com,11
www.ysgoliforbach.co.uk,11
www.ysgolpanteg.cymru,11
cy.divenland.com,11
data.wru.co.uk,11
gwylhanes.cymru,11
browzer.co.uk,11
morgannwg.gwe.cymru,11
cy.unionlasers.com,11
cy.senwei99.com,11
cy.chinealuminium.com,11
cy.sewbc.com,11
sparc.wales,11
cy.shundaconveyorbelts.com,11
cy.choralcare.com,11
cy.muranbeauty.com,11
cy.czyldrying.com,11
slave2.omega.jstor.org,11
www.kutchibok.co.uk,11
greenspacedarkskies.uk,11
www.centrallanguageschool.com,11
cy.china-creator.com,11
coleggwentcreu.com,11
www.llandudno.gov.uk,11
www.balatownfc.co.uk,11
pathways.hodges.edu,11
portmm.org,11
cy.plas-machinery.com,11
www.baker-boutique.com,11
cy.payperclickiq.com,11
cy.chinacannedfruit.com,11
cy.primeagr.com,11
www.jobs.nhs.uk,11
www.maethusirgar.cymru,11
thecambrianline.co.uk,11
baledihuwjones.swansea.ac.uk,11
www.penrallt.org,11
cy.deep-fast.com,11
www.discovergwynedd.com,11
www.scope.org.uk,11
ysgolcornhir.org,11
rm50th.royalmintmuseum.org.uk,11
diogel.gwynedd.llyw.cymru,11
www.zfe.cn,11
cy.sweater-home.com,11
www.popethcymraeg.cymru,11
heritageofwalesnews.blogspot.com,11
cy.newhorizons.cymru,11
cy.hymold-parts.com,11
www.goraumon.cymru,11
www.lleisiaubach.org,11
factorywomensvoices.wales,11
www.virtual-wrexham.co.uk,11
www.welshbeaverproject.org,11
www.pembrokeshirestory.co.uk,11
www.ilovedrumnbass.com,11
tocynnau.pontio.co.uk,11
cy.m.wiktionary.org,11
cy.mabon.me,11
credydcynhwysol.cymru,11
www.ysgolglanrafon.co.uk,11
coeddarcy.co.uk,11
cy.vitalhelmets.com,11
morlan.cymru,11
taiceredigion.cymru,11
www.llanelli-cemetery.co.uk,11
www.carmarthenshirenewsonline.com,11
www.bumblebeeconservation.org,11
cy.adels-solar.com,11
motorpointarenacardiff.co.uk,11
www.loving-our-lake.org,11
cy.wkrack.com,11
tfw.wales,11
cy.yunishome.com,11
cy.kennede.com,11
cradur.com,11
cy.hebeiseawell.com,11
www.financial-ombudsman.org.uk,11
www.pethaubychain.co.uk,11
corddirdyfroedd.blogspot.com,11
cy.asaka-lifting.com,11
financewales.co.uk,11
cy.buyforkliftattachments.com,11
imagingacademy.wales,11
www.carbontrust.com,11
www.merseydeealliance.org.uk,11
www.carrybagmachine.com,11
cy.ergtransformer.net,11
carmarthenshire50.org.uk,11
cy.bizzoby.com,11
cy.aimsea.net,11
cy.xdnonwoven.com,11
www.nyaw.co.uk,11
www.cyngorcymunedllandwrog.cymru,11
cy.enuomold.com,11
cy.menobeauty.net,11
iolomorganwg.wales.ac.uk,11
hybiaucaerdydd.co.uk,11
inviewblog.newydd.co.uk,11
safleswyddi.co.uk,11
weststreetdental.wales,11
seasonseatery.com,11
cfmhas.org.uk,11
cy.xinyuan-hydraulic.com,11
www.gofalaethllanuwchllynarcylch.cymru,11
www.nhsconfed.org,11
www.microkeylogger.com,11
cy.cadnantplanning.co.uk,11
www.gwentiscoed.cymru,11
contentfaw.aws-skybrid.co.uk,11
www.bestradiationprotection.com,11
roveglialanguageservices.com,11
www.elevatebc.co.uk,11
tribiwnlysadolyguiechydmeddwl.llyw.cymru,11
imagine.colwynbayheritage.org.uk,11
www.microsoft.com,11
www.leonardcheshire.org,11
twt360.com,11
cy.hgrinc.com,11
nanteos.com,11
sesiwn.wordpress.com,11
cy.hcgabionbox.com,11
www.northwaleschronicle.co.uk,11
cy.apxmake.com,11
cy.heatexchanger-spl.com,11
womenandwar.wales,11
www.yrysgwrn.com,11
senedd.assembly.wales,11
cheme.bangor.ac.uk,11
cy.fencingfromchina.com,11
cy.jointevse.com,11
rts.org.uk,11
www.llangain.org,11
rsthomaspoetry.co.uk,11
www.moginiejames.co.uk,11
www.hanesywegymraeg.com,11
mail.mwldan.co.uk,11
richardnosworthy.cymru,11
cy.jumpfruits.com,11
llandudnomuseum.co.uk,11
cy.yiwusungnan.com,11
caer-hs.powys.sch.uk,11
cy.yitianglobal.com,11
cardiffoutreach.education,11
www.lloydsbankfoundation.org.uk,11
cy.jxmachinery.com,11
llanfihangelystrad-cc.org.uk,11
g2nigeria.com,11
www.seacams.ac.uk,11
penrhospark.com,11
ysgolpenybryn.org,11
wales.brynich.co.uk,11
acwbubbles.wixsite.com,11
www.cy.eamachine.com,11
bydhyfryd.blogspot.com,11
www.northwaleseab.co.uk,11
cy.higeefillingmachine.com,11
cy.highreachtorquetool.com,11
kyffinwilliams.info,11
www.gwylbiano.co.uk,11
www.wonderfulpcb.com,11
firpocarr.com,11
www.abertoir.co.uk,11
tpr-prdsitecore-uksouth-cd.azurewebsites.net,11
cy.hotmeltstyle.com,11
www.cy.lsherb.com,11
menywodarhyfel.cymru,11
www.northwalespioneer.co.uk,11
www.cy.kingstone-glassde.com,11
www.naht.org.uk,11
tywitaftogether.gpwales.com,11
cymraeg.greenawayscott.com,11
economegiechydagofal.cymru,11
letscount.org.uk,11
268317048804694142.weebly.com,11
www.opra.cymru,11
cymru.summerreadingchallenge.org.uk,11
caerdydd.maethucymru.llyw.cymru,11
cy.groupeve.com,11
www.llangunnorcommunitycouncil.co.uk,11
ysgolplascoch.cymru,11
cy.haitianamino.com,11
cy.handbagcn.com,11
www.ysgolllanfairpwll.org,10
cy.uristy.live,10
colclough.bangor.ac.uk,10
cy.medodecor.com,10
hwbcigcoch.cymru,10
privateinvestigation.org.uk,10
cy.dragonsheadshop.co.uk,10
glasflog.blogspot.com,10
lleol.net,10
www.tracc.gov.uk,10
databasic.io,10
excelhmcts.co.uk,10
employerhelp.dwp.gov.uk,10
cy.meicet.com,10
arthur.bangor.ac.uk,10
www.goconqr.com,10
cy.utienpack.com,10
cy.naturepoly.com,10
www.lampeter-tc.gov.uk,10
midwalesarts.org.uk,10
cy.esineng.com,10
www.anturnatur.cymru,10
cy.watersourcechem.com,10
swanseamumbler.com,10
plasheli.org,10
pembrokeshirecommunitytransport.org.uk,10
www.angleseyhomecare.co.uk,10
www.area43.co.uk,10
www.llanedi.org.uk,10
cy.longyuanfilterpress.com,10
www.eauk.org,10
books.wales,10
cy.ukprd.com,10
m.cy.screwjacksj.com,10
www.cymuned.org,10
notforgotten.wales,10
asdinfowales.co.uk,10
cy.towychurch.co.uk,10
www.c3sc.org.uk,10
www.plascarmel.cymru,10
www.coflein.gov.uk,10
www.siarter-dc.net,10
menter-aberteifi.co.uk,10
www.microsoftmeshpack.com,10
agilenation2.org.uk,10
cy.bridgestylefurnishings.com,10
www.greenribbonarts.cymru,10
cy.lixinbearing.com,10
infinitecosmos.info,10
www.longxin-global.com,10
www.mid-walesha.co.uk,10
www.trinitysaintdavid.ac.uk,10
dogma.swiftspirit.co.za,10
covidsupportvt.org,10
propars.net,10
cy.tj-glasslined.com,10
insurancegisthq.com,10
www.cymraeg.alstraining.org.uk,10
cy.changlinbag.com,10
www.botanix.kpr.eu,10
canolfanaddysgybont.cymru,10
instazoom.mobi,10
meysyddbrwydro.cbhc.gov.uk,10
bombayfirst.org,10
ysgolardudwy.org,10
www.cofiantdj.net,10
cy.bolokmold.com,10
cy.bodybuiltlabs.co.uk,10
www.prosperouswishes.com,10
www.niacedc.org.uk,10
www.atj.co.uk,10
www.rce.cymru,10
naturcymru.org.uk,10
www.wvn.ac.uk,10
www.darganfodaddysgu.cymru,10
adiff.cymru,10
tenniswalescoaching.org.uk,10
inunity.cymru,10
www.conwyartsandmusic.org.uk,10
cy.keylasergroup.com,10
www.nwmaternity.org.uk,10
www.partneriaeth-awyr-agored.co.uk,10
cy.keptmachine.com,10
llanfyllin.powys.sch.uk,10
gairygwalch.com,10
www.welshdeetrust.com,10
cy.akwchina.com,10
student-blog.tsd.ac.uk,10
www.ysgolcalonycymoedd.cymru,10
cy.dasautomaticlathe.com,10
meidrim.amdro.org.uk,10
cy.ordrs.co.uk,10
cy.joyelectric-china.com,10
outcomestoolkit.com,10
www.cambria-ltd.co.uk,10
www.etctoolkit.org.uk,10
llwybraudyffryndyfrdwy.com,10
stasaphparishchurch.org.uk,10
cy.kinghowoutdoors.com,10
jackpotlotteryonline.com,10
sandymounthouse.co.uk,10
www.casgliadywerincymru.co.uk,10
cy.knpcba.com,10
walktheglobalwalk.eu,10
www.owain-glyndwr.cymru,10
wikimedia.org.uk,10
cy.ytroller.com,10
maestegtownhall.com,10
futureofdoinggood.org.uk,10
www.goodcareguide.cymru,10
www.cf.ac.uk,10
caerblaidd.com,10
cy.jsnotai.com,10
www.yipengjack.com,10
secondarylibrary.crestawards.org,10
www.miriamjones.co.uk,10
www.hxwsports.com,10
llyfdin.wordpress.com,10
llanfrothenacroesor.org,10
pgiac.gig.cymru,10
cfwplustorfaen.co.uk,10
carmarthenshirecarers.org.uk,10
www.eryriharriers.org.uk,10
www.cffi-llanddeiniol.org.uk,10
www.gringodesign.co.uk,10
www.surveymonkey.com,10
swanseacollegeofartsummershows2020.org,10
drefwerdd.cymru,10
www.madryn.co.uk,10
cy.termotools.com,10
cy.jx-jerseytex.com,10
cy.yixinautowelding.com,10
cy.bgc.wales,10
cy.pathways-llwybrau.com,10
mmd.research.southwales.ac.uk,10
wicicymru.org,10
www.darganfodgwynedd.com,10
cy.dada-ele.com,10
cy.danyelaser.com,10
cy.dayapress.com,10
cy.packingproduct.com,10
swnfest.com,10
nationaleducationshow.com,10
tableconvert.com,10
cy.kd-supplychain.com,10
theatriolo.com,10
cy.rainbow-pkg.com,10
cy.winsunbrush.com,10
cy.greenhouse.news,10
www.cy.youbestwelding.com,10
msquaredvision.watch,10
jobs.bridgend.gov.uk,10
www.cy.c6th.com,10
ylolfa.co.uk,10
cy.gsmagnetics.com,10
chocolateandvodka.com,10
thegentlegood.com,10
www.ageingwellinwales.com,10
www.cwmcarnforest.co.uk,10
www.theworksebbwvale.co.uk,10
www.cy.yunchtitanium.com,10
gwylgregynogfestival.org,10
cy.greatpoolproject.com,10
americymru.net,10
trobwynt.wordpress.com,10
www.canolfanowainglyndwr.org,10
cy.zgames.ru,10
cy.chinameterbox.com,10
gwynn.co.uk,10
cyngor.ceredigion.gov.uk,10
pontardaweartscentre.com,10
www.schoolsobservatory.org,10
sergeev.org,10
www.aberconwy.conwy.sch.uk,10
cy.sparkyexpress.ca,10
www.dolauprimary.org.uk,10
gwenllianllyr.co.uk,10
cy.hznuzhuo.com,10
floristum.ru,10
www.ysgolbroingli.com,10
cy.cre-elec.com,10
growingmid.wales,10
www.ahne-llyn-aonb.org,10
www.canllawcynghorwyrclllc.cymru,10
cy.hlmetalprocessing.com,10
wrexhamcarnivalofwords.com,10
cy.sunlandwheels.com,10
www.ceilingspeakers.org,10
www.feihu-machine.com,10
storytelling.research.southwales.ac.uk,10
www.ox.ac.uk,10
cy.zsjacket.com,10
foodvale.org,10
tunein.com,10
www.rice.cymru,10
cy.survivedcorona.ch,10
gwylyllais.cymru,10
penilliondarllenydd.beibl.cymru,10
www.blaenauffestiniog.org,10
www.adsscymru.org.uk,10
www.assessmentfoundation.org,10
tyfucanolbarth.cymru,10
peopleandwork.org.uk,10
food.gov.uk,10
cy.anen-connector.com,10
cy.greenlanebiketours.co.uk,10
www.niziblian.com,10
worldvectoricon.com,10
cy.shineon-led.com,10
cy.csdfdbyq.com,10
etswales.org.uk,10
www.dofe.org,10
www.stclearstowncouncil.co.uk,10
thefoodchampions.org,10
www.opmfz.com,10
www.cy.summerlyquartzstone.com,10
cy.sichpackage.com,10
cy.ibxst-windshield.com,10
www.barry.cymru,10
www.llandegfedd.co.uk,10
fournations.bangor.ac.uk,10
www.healthchallengecardiff.co.uk,10
www.cwmnida.tv,10
cavccreativeshow.co.uk,10
cy.cnswmc.com,10
www.yrchemspec.com,10
kidsinmuseums.org.uk,10
cy.ausigntraffic.com,10
penderyn.blogspot.com,10
mynyddllwydiarth.blogspot.com,10
cy.huayancollagen.com,10
cy.rapidscafform.com,10
cy.chxfoam.com,10
cy.haofa-racing.com,10
cy.hzbetterwipes.com,10
coprbayswansea.com,10
www.cy.puhua-machinery.com,10
thefilterwales.org,10
cy.fzautoglassmc.com,10
cymryycanolbarth.blogspot.com,10
www.mountchoral.co.uk,10
jenipherscoffi.wales,10
www.thebiglunch.com,10
m.cy.kdextrusion.com,10
everychildwales.co.uk,10
sinfoniacymru.co.uk,10
www.mental-health-matters.org.uk,10
cy.longrunobc.com,10
www.stmichaelsllanfihangelararth.org,10
www.aceplace.org,10
carn.cymru,10
19216881.one,10
www.ydderi.ceredigion.sch.uk,10
cy.chinagomon.com,10
fbion.com,10
visitruthin.wales,10
nicheonlinetraffic.com,10
www.acemonmouth.org,10
www.thegreenvalleys.org,10
rabi.org.uk,10
www.dementiaactifgwynedd.cymru,10
www.cardiffandvalesocialcare.co.uk,10
cy.heechitech.com,10
cy.slsa2021.com,10
chineseinwales.org.uk,10
www.gwyntglas.com,10
www.diabeteswales.org.uk,10
www.llansawel.org.uk,10
sbwriel.blogspot.com,10
www.covidcymru.wales,10
cormeibiontaf.cymru,10
www.maxunele.com,10
www.dragonwales.co.uk,10
cyfleoedd.co.uk,10
www.ffocwsdioddefwyrdecymru.org.uk,10
www.cy.eyesmed.com,10
cardiffblues.com,10
www.chtgwyneddfhs.cymru,10
www.pacific-industrialco.com,10
waru.org.uk,10
www.hanesybont.co.uk,10
penweddig.ceredigion.sch.uk,10
capelygraig.org,10
www.countdowntothekingdom.com,10
www.llangyndeyrn.org,10
cy.alucosunacp.com,10
cymunedaumwydiogel.cymru,10
www.gwylhanes.cymru,10
cy.cnplasticboxes.com,10
cy.genuine-haarlem-oil.com,10
www.fireresistantmaterial.org,10
pdfslide.net,10
www.primecentre.wales,9
ccgwynedd.org.uk,9
nantgarwchinaworksmuseum.co.uk,9
www.albertowenmp.org,9
cy.siliketech.com,9
cy.jsnewmaterial.com,9
cy.jsshuangyang.com,9
abertoir.co.uk,9
www.hft.org.uk,9
www.alfonsomoreno.com,9
www.monlifecollections.co.uk,9
www.natureconservation.wales,9
reachingwider.ac.uk,9
cy.jmeeco.com,9
www.freethesaurus.com,9
www.rightathomeuk.co.uk,9
cy.jcledtrailer.com,9
cy.jbhhealth.com,9
llandaff.churchinwales.org.uk,9
www.betws-y-coedgolfclub.co.uk,9
cy.pvctransparent.com,9
cy.yhr-tanks.com,9
cy.bohuasafety.com,9
pisa2022.uk,9
cy.wikidark.org,9
www.how-to-spy.com,9
www.visitbetwsycoed.co.uk,9
moneyandpensionsservice.org.uk,9
www.nfer.ac.uk,9
fynghynllunydd.comisiynyddplant.cymru,9
cy.yantuocomposites.com,9
all-afloat.cymru,9
maethucymru.llyw.cymru,9
maethucymru.gwynedd.llyw.cymru,9
cy.xikooaircooler.com,9
cy.yiyuncloth.com,9
staging.madecymru.co.uk,9
gcglibrary.co.uk,9
www.cymorthllaw.org,9
cy.woodenboxsupplier.com,9
www.plascrugprimary.co.uk,9
www.cymraeg.ciltcymru.org.uk,9
cy.boyuwaterproof.com,9
cy.joopzy.com,9
www.teithiautango.co.uk,9
cy.jyxgrindingwheel.com,9
www.aluminum-industry.com,9
www.fork2fork.org.uk,9
cy.heolabs.com,9
www.75point3.co.uk,9
www.4wood.tv,9
trawslinkcymru.org.uk,9
transferservice-basel.ch,9
atkinassociates.co.uk,9
www.aberartscentreshop.co.uk,9
radioaber.cymru,9
cy.globalexplorers.org.uk,9
cy.haidabodycare.com,9
lingo.360.cymru,9
cy.guohonglaser.com,9
musicservice.amdro.org.uk,9
cy.goodlucktransmission.com,9
www.flyingstartcardiff.co.uk,9
cy.hbchuangqi.com,9
ymestyn.co.uk,9
cy.tuodaplastic.com,9
www.fictionfactoryfilms.com,9
ymgeisio.careerswales.com,9
pure.southwales.ac.uk,9
llangefni.org,9
cy.eco-hardware.com,9
www.southwales-tra.gov.uk,9
cdn.cs50.net,9
www.gadnichwarae.cymru,9
naturalneighbourhoods.com,9
cy.learn.cymru,9
cy.elle-fashion.com,9
cy.lead-mfg.com,9
www.osteopathy.org.uk,9
www.roalddahl100.cymru,9
promxtra.co.uk,9
www.erlas.org,9
tokyo.dating,9
cy.laboratorywasher.com,9
www.iaithclai.cymru,9
www.futurelearn.com,9
www.tlws.co.uk,9
cy.lasertell.com,9
cy.tubomachinery.com,9
southeastwalesadoption.co.uk,9
www.cytun.org.uk,9
wahwn.cymru,9
www.bodhyfryd-pri.wrexham.sch.uk,9
cy.strpackfiller.com,9
www.bonusslot.co.uk,9
www.uswbusinessawards.co.uk,9
cy.stratafloridatrust.org,9
gwefan.sianel62.com,9
www.parentkind.org.uk,9
www.ruthinflowershow.wales,9
www.deepcymru.org,9
resource.download.wjec.co.uk.s3-eu-west-1.amazonaws.com,9
cy.china-brewery.com,9
cy.tiangenbioem.com,9
cy.nutragreen-extracts.com,9
www.parentsprotect.co.uk,9
misirddinbych.cymru,9
cy.zhongmaohua.com,9
www.cy.yudaradiator.com,9
manuals.plus,9
www.judicialappointments.gov.uk,9
www.darevalleycountrypark.co.uk,9
www.dawnbowdenam.co.uk,9
cy.tjhonest.com,9
www.blueberrybears.co.uk,9
gwenu.com,9
cerdd.com,9
cy.chinatwinno.com,9
m.cy.kangleplastic.com,9
www.hatunejima.net,9
www.ysgolpenypil.cymru,9
www.blogwyrbro.com,9
salt.nellainanban.com,9
aeronmjones.blogspot.com,9
aberbangorstrategicalliance.ac.uk,9
www.rwanda-direct.com,9
cartreficaerdydd.cymru,9
sarvajan.ambedkar.org,9
cy.tclmdcoils.com,9
cy.sunkiamachinery.com,9
www.ysgoltreganna.co.uk,9
www.theatrfachllangefni.cymru,9
cy.chinacosmetictube.com,9
www.canllaw.co.uk,9
cy.yuanky.com,9
cy.tzsealing.com,9
walaoli.webitrent.com,9
www.yrawrgymraeg.cymru,9
www.cy.magicshineusa.com,9
cylchcatholig.co.uk,9
cy.avoeleddisplay.com,9
financewales.com,9
cy.cese2thi.com,9
stdavids.world,9
cy.yiruiunited.com,9
ysgolhenblas.org,9
getrevising.co.uk,9
cy.weiyapack.com,9
cy.weirunmanufacturing.com,9
www.cynefincommunities.org.uk,9
www.btmeac.com,9
cy.viewsheen.com,9
www.siluriansecurity.co.uk,9
cy.uugpower.com,9
www.britainfromabove.org.uk,9
www.cynulliadcymru.org,9
www.pharmacyregulation.org,9
cymdeithas.org,9
cy.asia-alu.com,9
maps.org.uk,9
perfformiomamol.com,9
www.lleisiaumenywodffatri.cymru,9
brythonicana.com,9
cy.youte1.com,9
www.nickramsay.org.uk,9
802quits.org,9
form.valeofglamorgan.gov.uk,9
cy.baote-panda.com,9
www.llawlyfrarleinargyfercp.cymru,9
visit.carmarthenshire.gov.uk,9
www.saxo.com,9
storifawrdrefachfelindre.cymru,9
cy.antelisic.com,9
www.wbuybuy.com,9
cymraeg.vcsestrengthchecker.org.uk,9
www.cardiffcityhall.com,9
ysgolpentrecelyn.cymru,9
www.placeplans.org.uk,9
cy.heyisecurity.com,9
cy.epglassware.com,9
www.feelmtech.com,9
www.ygycwm.co.uk,9
www.chorleycitizen.co.uk,9
www.crudywerin.cymru,9
environment-agency.gov.uk,9
www.cefincampbell.cymru,9
pacto.org.uk,9
www.welshbaccalaureate.org.uk,9
www.carmarthenharriers.co.uk,9
www.gylfinircymru.org,9
www.nwsb.org.uk,9
dysgubro.org.uk,9
dysgugydasam.co.uk,9
cynefin.archiveswales.org.uk,9
www.schoolbeat.org,9
www.cardiffhendrelakes.com,9
studentmoney.southwales.ac.uk,9
www.cartrefdylanthomas.com,9
www.nyeandjennie.com,9
capelmairaberteifi.org.uk,9
www.scwonline.wales,9
www.kivaprogram.net,9
www.hanes-meirionnydd.cymru,9
cy.pinyangfushi.com,9
www.landscapesoffaith.org,9
hendre.cymru,9
cy.cynllunefe.org,9
llygreddagwastraff.co.uk,9
think.aber.ac.uk,9
hhss.co.uk,9
tribiwnlysygymraeg.llyw.cymru,9
nevius.es,9
cy.dental-aircompressor.com,9
connect4success.wales,9
thisproject.co.uk,9
www.gcad.info,9
www.atfc.org.uk,9
lloydgeorge.net,9
cy.nubwaymed.com,9
siryfflint.gov.uk,9
gwybodaetha55.llyw.cymru,9
cymruww1.llgc.org.uk,9
adnoddau.trac.cymru,9
www.ynniogwen.cymru,9
www.cscjes.org.uk,9
menternet.org.uk,9
www.clicarlein.co.uk,9
us3.campaign-archive.com,9
www.comisiwnelusennau.gov.uk,9
www.penarthsociety.org.uk,9
each.education,9
www.cvsc.org.uk,9
www.welshpromscymru.com,9
www.wsspr.wales,9
canseryrysgyfaint.gig.cymru,9
memo.studiosgweb.co.uk,9
www.civicaepay.co.uk,9
www.ssdindustrial.com,9
www.seintiaucymru.ac.uk,9
cy.amchemicalcn.com,9
www.wgsb.wales,9
dashceredigion.org.uk,9
www.gwirfoddolwyrsirddinbych.net,9
www.ycautoc.com,9
etw.bangor.ac.uk,9
electricmountain.co.uk,9
www.adnabodardudwy.org,9
www.cy.amazinghope.net,9
cyrchfannau.gyrfacymru.com,9
strongertogetherbridgend.wordpress.com,9
swanseavirtualschool.org,9
events.swansea.ac.uk,9
pembroketowntrail.wales,9
taskforcecymru.wixsite.com,9
cymruybrand.com,9
partneriaethogwen.cymru,9
www.penarthtimes.co.uk,9
elinceredigion.wordpress.com,9
citb.euwest01.umbraco.io,9
www.steamtraps.com.tw,9
ubi4all.eu,9
www.peoplescollection.wales,9
dewis.aber.ac.uk,9
www.welshgymnastics.org,9
www.clwyd2020.com,9
www.wordnik.com,9
360.cymru,9
www.kwarchitects.com,9
outdoorpartnership.co.uk,9
cy.cyanpak.com,9
cryptosignals.org,9
celtic-circle.co.uk,9
cy.siliconeshapemolds.com,9
www.geraintgriff.f9.co.uk,9
cy.reginasdesire.com,9
www.bccit.co.uk,9
www.digopaul.com,9
cy.qrsonic.com,9
bangorcathedral.churchinwales.org.uk,9
www.packingmachinesuppliers.com,9
www.rsph.org.uk,9
www.iroy.in,9
www.cy.casting-steel.com,9
cy.convistafc.com,9
smwcrt.org,9
cy.copierconsumables.com,9
www.iqci.org.uk,9
www.dolan.cymru,9
heatherwilliamshmw.wordpress.com,9
cy.qianyongbearing.com,9
countyconversation.denbighshire.gov.uk,9
www.rubberproducts.org,9
cy.rektest.com,9
www.ourbobby.com,9
cy.ebuno.net,9
sfgb-cms-wp.azurewebsites.net,9
cy.frozenfoodhk.com,9
newport.gov.uk,9
www.addocreative.com,9
www.morfablog.com,9
www.horticulturewales.co.uk,9
cy.fstitanium.com,9
cy.huyssenpower.com,9
cy.hhokit.ie,9
www.theclassroom.wales,9
immerkorrektimmerdaneben.com,9
living-daylights.com,9
bridgendbusinessforum.co.uk,9
copronet.wales,9
www.abergavennymuseum.co.uk,9
www.abergavennyeisteddfod.co.uk,9
wlga.cymru:443,9
www.theatrsoar.co.uk,9
cy.htongsteel.com,9
www.mathemateg.com,9
blogygog11.blogspot.com,9
www.better.org.uk,9
cy.medrwnmon.org,9
www.posib.co.uk,9
cy.my-ip-is.com,9
cy.mujiangintl.com,9
cy.mtegg.com,9
cy.mortonknitmachine.com,9
huwrobertsaccountant.com,9
cadnantplanning.co.uk,9
sioncwilt.ceredigion.sch.uk,9
cy.drymortarmix.com,9
www.nenwell.com,9
www.artwales.com,9
cy.dswirecloth.com,9
welshforadults.cardiff.ac.uk,9
www.galwad.cymru,9
llantarnamgrange.com,9
cy.mh-chine.com,9
www.arygair.cymru,9
socialfirmswales.co.uk,9
horseridingbreconbeacons.com,9
cy.nswvalve.com,9
www.ourwales.org.uk,9
www.szklyde.com,9
www.padarnsant.cymru,9
snowdonrailway.co.uk,9
www.inventionpatenting.com,9
www.swanseabaypartnership.com,9
www.dental-referrals.nhs.wales,9
cy.sdwearpart.com,9
cy.ronlay-medical.com,9
www.spacetocreate.org.uk,9
cy.schmidtchristmasmarket.com,9
cy.cncquiltingmachine.com,9
cy.sanyingequipment.com,9
pontarddulaismalechoir.com,9
cy.cnglassbottle.com,9
www.yuriebsf.com,9
weareeffective.co.uk,9
cy.sdhcasting.com,9
compassionate.cymru,9
thesovereigner.net,9
anchor.fm,9
cy.joyboldint.com,8
collectionstrust.org.uk,8
cy.cnstreetlight.com,8
www.cwmwlclyd.com,8
cy.theparklandfederation.com,8
www.cy.chinesecuttingmachine.com,8
cy.toptiontech.com,8
cy.topticom.com,8
cy.jpradiotower.com,8
www.ribride.co.uk,8
cymraesgreadigol.blogspot.com,8
www.ysgolpentreuchaf.org,8
www.fawtrust.cymru,8
clera.org,8
cy.jjweigh.com,8
www.familyfund.org.uk,8
www.cy.aquartzstone.com,8
plantycwm.com,8
cy.huanyutex.com,8
cy.cn-industry.net,8
www.kaydelichiller.com,8
cadwpublic-api.azurewebsites.net,8
www.evaccardiff.co.uk,8
cy.jutung.com,8
data.cymru,8
cy.kingway-optical.com,8
www.recycleformerthyr.co.uk,8
danceroads.eu,8
cy.chinagolfsupplier.com,8
cy.thetesto.com,8
cy.tensilemesh.com,8
www.crossroadsmww.org.uk,8
cy.chinafortunechemical.com,8
cy.hydroponicgrow.com,8
saves.studentswitchoff.org,8
cy.tech-bio.net,8
www.ygaberporth.cymru,8
www.festival2022.uk,8
cy.karlterflooring.com,8
www.remploy.co.uk,8
cy.szpuas.net,8
www.helpafiistopio.cymru,8
www.ysgolrhydyllan.cymru,8
www.hywel-dda.co.uk,8
beibl.net,8
www.haws.org.uk,8
www.ysgolgymraegcaerffili.co.uk,8
coetirmynydd.co.uk,8
www.jointcontrols.net,8
cy.indiampopcorn.com,8
cy.sinovogroup.com,8
cy.cncmachinecenters.com,8
www.corcencc.cymru,8
www.safleswyddi.com,8
cy.bornay.net,8
www.ysgolparcytywyn.co.uk,8
cy.hjhaojing.com,8
www.scribd.com,8
www.denbighshireambassador.wales,8
www.ysirgaragarem.cymru,8
cy.hexicarbon.com,8
cy.shropshiresupportsrefugees.org,8
cy.metal-artsculpture.com,8
cy.hhsteelstructure.com,8
canolfangymorthiddioddefwyrgogleddcymru.org.uk,8
cy.sinoicemachine.com,8
cy.beallindustry.com,8
www.rhosycribed.com,8
www.cy.screwjacksj.com,8
www.yshed.org,8
www.ffrindimi.co.uk,8
www.wycliffe.org.uk,8
cy.lonovae.com,8
www.cymru1914.org,8
www.keolisamey.co.uk,8
www.recycledplasticresin.com,8
cy.blazedisplay.com,8
cy.wfsofiq.com,8
www.know.cf,8
www.perfectdisplay.com,8
cymraeg.russellgeorge.com,8
cy.cryogenicchina.com,8
www.yourgene-health.com,8
sgiliaith.llandrillo.ac.uk,8
cy.top-display.com,8
aim-museums.co.uk,8
play.google.com,8
dealseekingsource.com,8
www.yfc-montgomery.org.uk,8
deffrorddraig.cymru,8
cy.hmknmedical.com,8
cy.bestardoor.com,8
sewbrec.org.uk,8
www.cymraeg.volvooceanracecardiff.com,8
cy.solidcargocontrol.com,8
cy.lvyinturf.com,8
www.corgodrergarth.com,8
www.electronicdevicessupplier.com,8
rhod.org.uk,8
cy.honourshinegroup.com,8
www.savebronglais.co.uk,8
www.leannerhondda.wales,8
coppicewoodcollege.co.uk,8
cambrians.org.uk,8
paned-o-ge.wales,8
smartaqua.org.uk,8
cy.pairshorseschem.com,8
aromatherapywales.org,8
cy.scic-chain.com,8
cy.moelfrehomes.co.uk,8
dyslexia.bangor.ac.uk,8
cronfabensiwngwent.co.uk,8
cy.santa-brakepart.com,8
www.cityofnewport.wales,8
cy.zldoorstop.com,8
cadmhas.com,8
dolgarrogcommunitycouncil.org,8
cy.filtertechpurifier.com,8
www.quicksons.co.uk,8
www.cy.top-display.com,8
www.restorativewales.org.uk,8
xspamer.ru,8
popethcymraeg.cymru,8
xspamer.com,8
cy.nicepacker.com,8
cy.zcshopsign.com,8
cy.mixer-fillers.com,8
crogenestate.com,8
discoveringoldwelshhouses.co.uk,8
cy.miro-fuse.com,8
cy.wearemadeinspain.com,8
cy.hardwareinstore.com,8
www.writing-welsh.org,8
cy.youen-wiper.com,8
rhwydwaithanableddconwy.info,8
www.commfirstbridgend.com,8
cy.xinpaezshower.com,8
artworks.cymru,8
www.rcuk.ac.uk,8
www.pennal.gwynedd.sch.uk,8
canta.co.uk,8
creativelearning.arts.wales,8
cy.yqyanmo.com,8
slidetodoc.com,8
cy.etexblindsfabric.com,8
arch.wales,8
directory.welshports.org.uk,8
www.computingunlocked.org.uk,8
rwfmuseum.org.uk,8
cy.zx-hydraulic.com,8
www.jerkyrecipessupplier.com,8
yrhendre.blogspot.com,8
cy.qlsteelstructures.com,8
pembrokeshirehalls.org.uk,8
www.fronlas.com,8
www.dewiscil.org.uk,8
www.echoeswales.cymru,8
cy.fishlovely.com,8
cy.risunextract.com,8
siop.cbhc.gov.uk,8
rhyngwladol.colegau.cymru,8
www.folkradiocymru.com,8
cy.opskar.com,8
drefwen.com,8
www.greatlittletrainsofwales.co.uk,8
cy.hairuiessentialoil.com,8
cy.qiangshengplas.com,8
bangorcitycouncil.gov.wales,8
www.royalmailgroup.com,8
www.rcp.ac.uk,8
www.clsdirect.uk,8
cy.wilsonwsm.com,8
swanseaandbrecon.churchinwales.org.uk,8
clocaenog-rst.org,8
cope4u.org,8
sbed.cardiff.ac.uk,8
cy.jwfloorings.com,8
cy.alusun-bond.com,8
caneuongwerin.wordpress.com,8
cy.oturnmachinery.com,8
cy.felixindustry.com,8
cy.nsdropshipping.com,8
cricketwales.org.uk,8
cy.oakled.com,8
cy.218events.co.uk,8
www.gwasggwynfil.com,8
www.islandofchoice.com,8
cy.gvacpack.com,8
www.flintshirefostering.org.uk,8
cy.group-isys.com,8
cy-swvf-2019.spindogs-dev7.co.uk,8
www.workplacepensions.gov.uk,8
www.dysgugydasam.co.uk,8
raiseyourvoice.wales,8
www.graffeg.com,8
www.injectionmolds.org,8
csadshow.uk,8
cy.pnqlighting.com,8
www.intoworkcardiff.co.uk,8
www1.bridgend.ac.uk,8
cy.xnewfun.com,8
cy.amsosolar.com,8
demorgannwgcic.gig.cymru,8
flexisapp.wales,8
cy.calcprofi.com,8
www.bestaudiovisualequipment.com,8
www.tynewydd.wales,8
flintshirecab.org.uk,8
www.stroke.org.uk,8
bridgendsheritage.co.uk,8
www.teithiollesol.cymru,8
foi.cardiff.gov.uk,8
vogblog.wales,8
www.thecambrianmountains.co.uk,8
economigwynedd.info,8
livingseas.wales,8
cazoo.it,8
www.stoveandflueservices.co.uk,8
amp.cy.info-about.ru,8
alwynjones.com,8
link2wales.co.uk,8
www.soccerbetshoot.com,8
www.sioptytawe.co.uk,8
oneplanetstandard.org,8
www.1825.cymru,8
www.orchid-queen.gq,8
www.ukroed.org.uk,8
bloganswyddogol.blogspot.com.es,8
mwnai.wordpress.com,8
www.theautismdirectory.com,8
cardigan-maritime.com,8
cardiffyouthcouncil.com,8
www.bullyingcanada.ca,8
www.archiveswales.org.uk,8
m.nationaltheatrewales.org,8
morgannwg.org,8
nwaaa.wales,8
welshclubpreston.org,8
nusconnect.unioncloud.org,8
www.cfiw.org.uk,8
magnificentmeadows.org.uk,8
www.argraffcymru.com,8
www.victimsupport.org.uk,8
ceicwales.org.uk,8
hubcymru.org.uk,8
tilleryonline.myfreeforum.org,8
netwales.com,8
www.trawslake.com,8
m.cy.xinliantitanium.com,8
tribiwnlyseiddopreswyl.llyw.cymru,8
www.tremfanlodgepark.co.uk,8
taiceredigion.org.uk,8
www.cambrianmountainsdarkskies.co.uk,8
www.sports.expresscasino.co.uk,8
www.ordnancesurvey.co.uk,8
www.balaevangelicalchurch.org,8
letsgobridgend.org.uk,8
wowfilmfestival.com,8
www.technoleg-taliesin.com,8
360.citb.co.uk,8
wsac2018.com,8
vethub1.co.uk,8
northwalesbmd.org.uk,8
aberystwythcymru.com,8
metabo-eu.org,8
oneworldfilm.com,8
www.parabl.org.uk,8
www.cdwc.org,8
blogrygbi.blogspot.com,8
www.bendigedig.org,8
blog.theroyalvictoria.co.uk,8
weareunlimited.org.uk,8
win10.support,8
www.adt.ac.uk,8
www.shapemytown.org,8
www.maquinasdecoserplus.com,8
www.beilidagrc.com,8
transitiontogether.org.uk,8
cy.dingtai-shotblasting.com,8
ofcomforms.secure.force.com,8
theforexclub.eu,8
blackboardkb.swan.ac.uk,8
wikiwon.com,8
method4.co.uk,8
learning.cf.ac.uk,8
www.openreach.com,8
www.winmaxdartgame.com,8
amp.cy.google-info.org,8
www.cardiffregisteroffice.co.uk,8
www.mostyn.org,8
capelyrhos.com,8
eglwyspenygraig.com,8
meillionydd.bangor.ac.uk,8
esales.cyfoethnaturiol.cymru,8
missprydderch.wordpress.com,8
freesmokealarm.co.uk,8
www.talsarnau.com,8
www.withbadcredit.com,8
bragdyrbeirdd.com,8
www.llanfallteg.org,8
cbwac.com,8
nico.cymru,8
treftadaethddisylw.cymru,8
www.soundmemoriesradio.com,8
llysiau.wordpress.com,8
www.northwalesadoption.gov.uk,8
afaeducation.org,8
elinvaughancrowley.com,8
cy.limengmedical.com,8
www.iechydda.cymru,8
singlefinancialguidancebody.org.uk,8
cy.kejaopto.com,8
ukrainian.dating,8
advancecareplan.org.uk,8
www.barefootcomputing.org,8
www.casino.uk.com,8
www.bwrhub.ac.uk,8
gemaustryd.urdd.cymru,8
www.mikejenkins.net,8
circularrevolution.wales,8
insiders.aber.ac.uk,8
enquiries476.wixsite.com,8
www.barclays.co.uk,8
tesseractiongames.com,8
www.angleseygolfclub.co.uk,8
gentleradical.org,8
www.npc.org.uk,8
www.parcyscarlets.com,8
healthcharity.wales,8
nearmenow.eu,8
rhamagg.cymru,8
copronet.cymru,8
www.lordlieutenantofgwent.co.uk,8
cy.landpowertruck.com,8
cy.htfiberlaser.com,8
morethanaclub.ie,8
projects.imaps.aber.ac.uk,8
cy.c6th.com,8
cy.dgccpackagings.com,8
cy.carmatssupplier.com,8
cy.lcderunying.com,8
projects.swan.ac.uk,8
www.rhylmusic.com,8
cy.ccgb.net,8
cy.suyimx.com,8
www.penybrynacabercaseg.cymru,8
couchtofinancialfitness.moneyhelper.org.uk,8
agored.org.uk,8
cpdbethelfc.co.uk,8
cy.dtg-molding.com,8
cy.longbamboogroup.com,8
cy.westwalesdroneservices.co.uk,8
cy.ds-epsmachine.com,8
www.kimkat.org,8
www.pobl.tech,8
www.proservewales.co.uk,8
neathcluster.wales,8
ysgolbroalun.cymru,8
www.t2group.co.uk,8
celteco.co.uk,8
waleslocalgovernment.digital,8
www.llandysul-ponttyweli.co.uk,8
tarian.cymru,8
glyndwrensemble.com,8
holywell-town.gov.uk,8
more.sizeofwales.org.uk,8
orielmyrddinoffsite.co.uk,8
nptc.ac.uk,8
www.vagroupwales.org,8
www.cennad.cymru,8
hirael.ygc.cymru,8
harriscentermgh.org,8
ceri.ceredigion.gov.uk,8
tribiwnlystiramaethyddol.llyw.cymru,8
www.tv-cart.com,8
www.lyseconcept.fr,8
www.swtra.co.uk,8
www.littlepeoplestore.co.uk,8
www.newwelshhouseproject.co.uk,8
haveyoursay.powys.gov.uk,8
goodtogo.visitbritain.com,8
nosworthy.wordpress.com,8
engageforsuccess.org,8
www.westerntelegraph.co.uk,8
mentorsme.co.uk,8
www.llafur.org,8
blaenpennal.org.uk,8
lordsdayinwales.co.uk,8
www.onestu.com,8
elevate.bangor.ac.uk,8
henrechflin.blogspot.jp,8
wales.rightwasterightplace.com,8
issnews.swan.ac.uk,8
wecare.wales,8
www.spectacletheatre.co.uk,8
www.whizz-kidz.org.uk,8
isenselogic.com,8
www.almair.cymru,8
wibss.wales.nhs.uk,8
www.stiwt.com,8
www.smartnature.net,8
loisdafydd.blogspot.com.ar,8
northwalesruc.pitchero.com,8
www.alynfamilydoctors.co.uk,8
www.ospreysrugby.com,8
www.llanelli.town,8
orbit360faq.heiw.wales,7
elinalaw.com,7
www.coedlleol.org.uk,7
www.cardiffatmipim.co.uk,7
www.wrecsamplaid.cymru,7
outsourcingtocostarica.com,7
www.charitygovernancecode.org,7
mbka.info,7
cymraeg.nwoes.co.uk,7
cy.daxmachinery.com,7
4dim.ru,7
cy.angflowmeter.com,7
virginiacrosbie.co.uk,7
www.pbccymrydrhan.co.uk,7
www.rcs-wales.co.uk,7
swimwales.org,7
cy.cryptogator.co,7
cymraeg.dolgellaudoctors.org,7
filmhubwales.org,7
olewdrwg.wordpress.com,7
www.norwegianchurchcardiff.com,7
www.savealifecymru.wales,7
2019.diffusionfestival.org,7
www.prostarpower.com,7
www.yourvotematters.co.uk,7
chaplaincy.southwales.ac.uk,7
www.westernbaypopulationassessment.org,7
www.green-bay.tv,7
www.cwlwm.org.uk,7
madog.org,7
cy.dlsunglasses.com,7
www.shark-cartilage.com,7
bigpedal.org.uk,7
brynaman.org.uk,7
cy.dhpropolymer.com,7
talmichael.wordpress.com,7
cy.boyuelock.com,7
cy.buyanavaronline.com,7
studyabroadnations.com,7
archif.cymdeithas.cymru,7
cy.byland-can.com,7
cy.byvisiontech.com,7
www.cazbah.wales,7
www.harastuhl.de,7
m.cy.uncyclopedia.org.uk,7
m.cy.jammerwill.com,7
cy.chance-display.com,7
www.sueproof.cymru,7
cy.besttoneoutdoor.com,7
cy.bestyogasupply.com,7
www.scoop.it,7
oneyearon.wales,7
care.wales.coop,7
wales.greenparty.org.uk,7
walesrallygb.com,7
ysgolllanrug.cymru,7
cy.carliftsupplier.com,7
democracy.npt.gov.uk,7
archif.cymdeithas.org,7
ailsymudiad.co.uk,7
cy.syalaser.com,7
cy.diamondmicron.com,7
cy.ashinediamondtools.com,7
www.cy.baheceiling.com,7
ruralhealthandcare.wales,7
www.youngliberals.wales,7
datblygu.com,7
posta.crysmelyn.co.uk,7
cy.glampiocoed.com,7
cy.sundoptled.com,7
www.environment-wales.org,7
cy.lfotpp.com,7
guldportalen.dk,7
www.mamasecurity.com,7
cy.leadfluidpump.com,7
ccuhpgwneudpethauniawn.co.uk,7
sorrentotherapeutics.com,7
www.amazon.co.uk,7
www.magsells.co.uk,7
yffor.com,7
sibrwd.galactig.com,7
www.sinocleansky.com,7
www.todosobretrafico.com,7
cy.taalpaste.com,7
cy.kingmechpump.com,7
inparenthesis.org.uk,7
cy.summerlyquartzstone.com,7
www.dawnsibawb.org,7
www.ccic.org.uk,7
thedailymile.cymru,7
www.wcrcentre.co.uk,7
diversecymru.org.uk,7
storiauycymoedd.com,7
cy.comiaroma.com,7
fforddysistersiaid.cymru,7
cy.cpshower.com,7
www.cardiffcommercialwaste.co.uk,7
www.cardigan-food-festival.co.uk,7
en.ntsquare.com,7
cyngortrefpwllheli.org,7
www.cwmcoedogcottages.co.uk,7
www.westernpowercymru.co.uk,7
tyn-y-groes.org,7
www.cwmrhymni.com,7
cy.baiproav.com,7
cy.cnsh-air.com,7
swanseabaywithoutacar.co.uk,7
emyrrhys.com,7
cynefinmusic.wales,7
discoverydiaries.org,7
www.cy.agronaturetech.com,7
www.newalesheritageforum.org.uk,7
allwomenstalk.com,7
cy.coseeoptical.com,7
www.cardiffcouncilacademy.co.uk,7
www.cy.chinawaxstatue.com,7
ffermiodiogel.co.uk,7
www.wst.org.uk,7
www.community-council.org.uk,7
cy.cncmetalcutter.com,7
www.stratafloridatrust.org,7
cy.btslipring.com,7
cy.advisor.travel,7
www.ybierling.com,7
www.gwentmusic.co.uk,7
www.lledar.com,7
rcfnorthwales.com,7
www.christianaid.ie,7
cy.zailibreaker.com,7
www.gwentwildlife.org,7
crynwyr.cymru,7
cy.zhuoerchem.com,7
www.cy.zjdistillery.com,7
cy.yxygift.com,7
cy.yungongtech.com,7
www.selkie-project.eu,7
cy.froggyads.com,7
merthyrfis.org,7
chwaraesirddinbych.com,7
cy.fuzhoutextile.com,7
performance-wales.org,7
cy.fzhgcp.com,7
cy.ytcyglass.com,7
www.history-of-wales-in-stone.gardenofwales.org.uk,7
beta.gyrfacymru.llyw.cymru,7
www.nationaleducationshow.com,7
llandudno.gov.uk,7
menterbromorgannwg.org,7
dylanwadwine.blogspot.com,7
dwrcymru.com,7
www.cy.toptiontech.com,7
llangwnadl.org.uk,7
www.taluamofalyngnghymru.net,7
careersville.heiw.wales,7
beta.cyw.cymru,7
steddfota.cymru,7
cy.luyoungcncmachine.com,7
cyfochrog.beibl.cymru,7
dvlaregistrations.direct.gov.uk,7
www.justgiving.com,7
cy.advokaty-24.ru,7
ysgolbontnewydd.org,7
welshhearts.org,7
recruitment.carmarthenshire.gov.uk,7
www.capelygarn.org,7
www.herefordtimes.com,7
arflaeneithafod.blogspot.com,7
red-button.org,7
www.phulybao.com,7
www.ncub.co.uk,7
flintshirebusinessweek.co.uk,7
cyfathrebu.cymru,7
tribiwnlysanghenionaddysgolarbennig.llyw.cymru,7
cy.absmanufacturer.com,7
welshice.org,7
www.capelymorfa.cymru,7
www.yrhenlyfrgell.cymru,7
cy.actioncertification.org,7
www.nffn.org.uk,7
forexwealthstrategies.com,7
foodanddrinkskills.co.uk,7
www.naturalresources.wales,7
mentercaerdydd.org,7
cy.etitanos.com,7
foodmanifesto.wales,7
machynllethstpeters.co.uk,7
www.cartrefni.com,7
www.nightout.org.uk,7
cy.china-nuomigao.com,7
www.cronfaglyndwr.cymru,7
tariancymru.wordpress.com,7
cy.beajom.com,7
mantenimientobios.com,7
missbonus.ru,7
dcfw.org,7
www.pecyncyflogwrcp.cymru,7
www.newportlearn.net,7
cy.bcmeasuringtool.com,7
pembs-herald.co.uk,7
beeswales.co.uk,7
watkinpv.com,7
www.carfunblog.com,7
www.hanskottke.de,7
casinoble.org,7
www.conwyartstrust.org,7
www.llanfairfechantowncouncil.co.uk,7
tattoo.dating,7
1xbet-pt.xyz,7
cy.cncheertainer.com,7
www.kayswinburne.cymru,7
www.refgogleddcymru.com,7
www.hawliauplant.cymru,7
carreghirfaen.amdro.org.uk,7
tapemusicandfilm.co.uk,7
cilycwm.com,7
davidunthank.com,7
cy.123-ele.com,7
english.research.southwales.ac.uk,7
mela.cymru,7
creoars.com,7
seasidefollies.co.uk,7
peoplepluscymru.co.uk,7
pantdu.co.uk,7
cy.zongjutech.com,7
cy.eytoothbrush.com,7
swyddle.com,7
cy.zjmistfan.com,7
www.cant-a-mil-o-freuddwydion.com,7
cy.zjlmo.com,7
www.learn-ict.org.uk,7
cy.fangyong-machine.com,7
cy.faygounion.com,7
rpa.defra.gov.uk,7
cy.fceprotection.com,7
caresociety.org.uk,7
14peaks.com,7
cy.fitdancetutu.com,7
ctcww.org.uk,7
cy.eo-ptfe.com,7
www.yratom.cymru,7
meddwl.weebly.com,7
www.prosiectx.com,7
cy.chenlirigging.com,7
dawnsibawb.org,7
360safecymru.org.uk,7
ybont.org,7
cy.badalijewelry.com,7
cy.lumluxlighting.com,7
cy.xystools.com,7
cy.wanhegrass.com,7
www.acclimatize.eu,7
www.thedtgroup.org,7
cy.xzchengzhi.com,7
www.hnacglobal.com,7
www.caerphillypsb.co.uk,7
www.festivalofdiscovery.wales,7
cy.huafansmart.com,7
cy.haidanylon.com,7
gadewchinigyfrif.org.uk,7
sewscap.co.uk,7
cy.gzmserin.com,7
cy.ydget.com,7
cy.huiyupump.com,7
cy.virexhydro.com,7
cy.videochat20.com,7
tgau.co.uk,7
cy.yfml-abrasives.com,7
www.vibrantnation.co.uk,7
cy.greetech-switch.com,7
traveldocs4all.com,7
www.ysgolcwmgwyddon.cymru,7
www.snowdoniagiving.wales,7
cy.hankefiltration.com,7
www-hotmail-com.email,7
cy.hengyaoautomation.com,7
bridgendsheritage.com,7
cy.hanbocedar.com,7
giceredigionys.co.uk,7
landworkersalliance.org.uk,7
www.caerphilly10k.co.uk,7
cy.tymachining.com,7
www.educationweekjobs.co.uk,7
www.archifaumorgannwg.gov.uk,7
www.echelgais.org.uk,7
cy.ruiquntrade.com,7
cy.muxiangmachine.com,7
cardiffbereavement.co.uk,7
cy.ruiyitools.com,7
themenaiseafoodcompany.co.uk,7
huwaledaccountants.com,7
www.ecologicalland.coop,7
gwyneddmobilemilling.co.uk,7
cy.motorshockabsorber.com,7
centralwaleswaste.org.uk,7
cy.morellyclothes.com,7
gydangilydd.cymru,7
cy.sandblasting-machine.com,7
gwynthomas-co.co.uk,7
gwynorojonescymraeg.blogspot.co.uk,7
www.positiveleap.co.uk,7
huwtudor.co.uk,7
cy.rzfqfitness.com,7
www.agddc.cymru,7
www.cymdeithasaberaeron.org,7
www.simatech-silk.com,7
cy.weipuelectric.com,7
aneurinbevancic.gig.cymru,7
trafod.co,7
cobra-bodo.blogspot.com,7
ieieproductions.com,7
cy.goldenorcase.com,7
www.llesiantgwyneddamon.org,7
sgiliaumaethamoes.com,7
cy.glazzygroup.com,7
www.richard-newton.co.uk,7
plannafywd.machynlleth.cymru,7
www.thepeoplesprojects.org.uk,7
www.lliojames.com,7
www.wales-underground.org.uk,7
globalwelsh.com,7
cy.ynfiberglass.com,7
cy.ispace-group.com,7
www.lulu.com,7
cy.graduateoutcomes.ac.uk,7
www.jofong.com,7
www.hoshimoto-sh.com,7
www.ysgolbrynrefail.org,7
www.foodcentrewales.org.uk,7
cy.ynjnsunglasses.com,7
lifedesign.uwtsd.ac.uk,7
cadeiryddcyngorsirddinbych.wordpress.com,7
cara.cymru,7
the-story.org.uk,7
cy.gorgeousbike.com,7
carad.org.uk,7
cy.jf-airclean.com,7
jobs.justice.gov.uk,7
ycriwmentrus.com,7
cy.ios-data-recovery.com,7
www.johnhughesandson.co.uk,7
www.aaronwynne.cymru,7
stdyfnogswell.org.uk,7
a40lvp-publicinquiry.co.uk,7
www.plasgarnedd.co.uk,7
adnoddmyfyrdodaullywodraethwyrysgolion.wordpress.com,7
www.mwmg.org,7
autorepmans.com,7
www.2penrhiw.co.uk,7
cy.hmbhydraulicbreaker.com,7
cy.xcelfurniture.co.uk,7
www.2benterprising.co.uk,7
www.sianshakespear.co.uk,7
cy.hongzhumedical.com,7
sewced.co.uk,7
cy.hbcsbio-heparin.com,7
bcomm-wales.gov.uk,7
getblaenaugwentonline.org.uk,7
www.burum.org,7
www.cymdeithasthomaspennant.com,7
www.ysgolgyfunystalyfera.co.uk,7
www.ysgolgymraeg.ceredigion.sch.uk,7
serene.me.uk,7
cy.honrayaminoacid.com,7
cofiadurcahcymru.org.uk,7
www.theatr-cymru.co.uk,7
www.shwldimwl.cymru,7
www.adt-ltd.com,7
cy.ilookle.com,7
www.rhag.cymru,7
policeconduct.gov.uk,7
cy.xingzirain.com,7
gwladonline.org,7
cy.jnpslippers.com,7
www.smu.ac.uk,7
cy.jitobearing.com,7
www.face-cymru.org.uk,7
www.cytundebdinesigprifddinasranbarthcaerdydd.cymru,7
barod.cymru,7
cy.jschyjss.com,7
www.smtneoden.com,7
colwinstoncommunitycouncil.co.uk,7
cy.kangleplastic.com,7
greatdaysoutnorthwales.co.uk,7
playyourpart.wales,7
cy.kaihuamoulds.com,7
www.ysgolterrig.org.uk,7
islacanelaholidays.com,7
www.cyngortrefamlwch.co.uk,7
cy.thecoor.com,7
cy.jwtrubber.com,7
www.titanvalves.com,7
www.bodfeurig-pta.cymru,7
www.bodnantmedicalcentre.co.uk,7
cy.jvxingchemical.com,7
www.bont.org.uk,7
gowerma.org,7
barmouthtowncouncil.gov.uk,7
cy.judin-packing.com,7
adranffrangeg.wordpress.com,7
www.users.globalnet.co.uk,7
cy.tstinstruments.com,7
www.monagroup.wales,7
profedigaethcaerdydd.co.uk,7
sovereigngracesingles.com,7
gwentarchives.gov.uk,7
nefipaca.cymru,7
cy.loveliking.com,7
www.torfaenpublicservicesboard.co.uk,7
www.microbit.org,7
www.jobs-in-socialcare.co.uk,7
www.angleseybuilders.com,7
www.ukstandards.org.uk,7
cy.longxiangfence.com,7
proffesiynol.dgrhc.com,7
www.roadsafetywales.co.uk,7
www.angela-evans.co.uk,7
www.dcnglobal.com,7
gweddill.gov.wales,7
profion-ffitrwydd.physicalliteracy.cymru,7
softwarealliancewales.com,7
gwernllwyncarehome.co.uk,7
murmur.bangor.ac.uk,7
irisprize.org,7
www.eventbrite.com,7
collectorplan.arts.wales,7
cy.jrplas.com,7
cy.toppackcn.com,7
www.braenaruady.cymru,7
cy.joyocosmetics.com,7
www.airpullfilter.com,7
cy.tppharma.com,7
www.jobs.ac.uk,7
www.alabare.co.uk,7
cy.snopelectric.com,7
gwymon-seaweed.bangor.ac.uk,7
neverncastle.wales,7
www.domenicosanna.net,7
baileysandpartners.co.uk,7
www.zinio.com,7
thrivefreeze.com,7
www.baotian.com,7
healthyair.cymru,7
cy.onicedent.com,7
prawf.llechi.cymru,7
www.inzerce-bazar.my4u.cz,7
www.bec-vape.com,7
www.jacksoncountyin.com,7
www.beleafinnature.co.uk,7
hyfforddiantdawn.wordpress.com,7
www.owainowain.net,7
www.aquark.com.cn,7
www.denbighshirememorial.cymru,7
hywelwilliams.blogspot.com,7
www.traedfyny-feetup.co.uk,7
www.russellgeorge.com,7
gwyneddbusnes.net,7
gwylcrimecymrufestival.co.uk,7
tirionfunerals.co.uk,7
gwyb.copronet.cymru,7
cy.meikomagnets.com,7
contact.dwrcymru.com,7
thefsa.org.uk,7
www.ukparliamentweek.org,7
www.art.satto.org,7
politicscymru.blogspot.com,7
cy.plumepiano.com,7
www.beacon-enterprise.co.uk,7
www.mensshedscymru.co.uk,7
cy.qdalluniversefitness.com,7
skillsforcareanddevelopment.org.uk,7
cy.oemlock.com,7
cy.qdhaohang.com,7
cy.oem-pcb.com,7
aberdaronlink.co.uk,7
www.barddoniaeth.cymru,7
harlech-group-accommodation.com,7
neu.org.uk,7
cy.newsunlightrooftile.com,7
prifweithredwrsirddinbych.wordpress.com,7
www.inigojones.co.uk,7
www.itecwrecsam.co.uk,7
cy.owon-smart.com,7
cy.ohom-elec.com,7
cy.package-glass.com,7
newmansgarden-centre.co.uk,7
positif.wales,7
www.medicointern.com,7
www.outdoorpartnership.co.uk,7
cy.puretalgroup.com,7
www.royiartgallery.com,7
cy.retailstoredisplay.org,7
cy.rehuosport.com,7
y-ffasiwn-beth.blogspot.com,7
www.ydrindoddewisant.ac.uk,6
northwalescancerappeal.co.uk,6
cy.symedi.com,6
www.creativecasting.tv,6
www.crisis.org.uk,6
www.ysgoltryfan.org,6
www.yeps.wales,6
northwalesinternationalpoetryfestival.org,6
www.creigiauprm.cardiff.sch.uk,6
www.bluegemwind.com,6
www.dash-cam.com,6
www.parciaupettigrew.co.uk,6
www.blf.org.uk,6
barmouth.church,6
citb-uat2.stimulize.co.uk,6
cy.taileiele.com,6
griffithjones.amdro.org.uk,6
www.ybryn-windfarm.cymru,6
cerddystwyth.co.uk,6
cy.ssdmyzk.com,6
development.everychildwales.co.uk,6
cy.sundorlasercnc.com,6
cy.sunsumchina.com,6
peldroed.blog,6
www.penweddig.ceredigion.sch.uk,6
suntrustblog.com,6
cy.sunalpszl.com,6
epcbrodinbych.btck.co.uk,6
www.llanarmon.com,6
dewisant9067.swmason.com,6
ciniohaf.co.uk,6
www.ultrasonicmachine.org,6
www.dawnsio.com,6
cy.stcforcable.com,6
dewch-i-siarad.rctcbc.gov.uk,6
podpeth.com,6
nobili-interior-design.ro,6
www.welshkhasidialogues.co.uk,6
www.cy.tj-glasslined.com,6
cy.szminetech.com,6
www.cymorthcynlluniocymru.org.uk,6
cy.xcelbowl.co.uk,6
cy.zscrusher.com,6
cy.ztextruderparts.com,6
www.walestouch.co.uk,6
www.locwsinternational.com,6
nz.dating,6
www.cy.sjpgsofa.com,6
blewog.blogspot.com,6
www.cantoriongogleddcymru.co.uk,6
cyddcymru.co.uk,6
cy.xzccboli.com,6
apps.apple.com,6
cy.zhengchida.com,6
www.judgeslodging.org.uk,6
cy.suote-sewing.com,6
freshwater.eventscase.com,6
oakeleyarms.co.uk,6
perago.cymru,6
study.cardiffmet.ac.uk,6
flora.orieldavies.org,6
cy.szledstar.com,6
blog.os-store.com,6
tandance.org,6
cy.szhexstar.com,6
www.llangynfelyn.org,6
www.cy.cmm-nano.com,6
cy.sportapparels.com,6
www.volcanotheatre.co.uk,6
cy.xfsilkscreenmachine.com,6
cy.xs-zincphosphate.com,6
www.caerdyddglyfar.co.uk,6
cy.zjdistillery.com,6
forschoolseducation.cymru,6
forms.valeofglamorgan.gov.uk,6
www.llysaeron.co.uk,6
cy.zjkyyl.com,6
www.makersguildinwales.org.uk,6
cy.cnxjcm.com,6
cy.sweater365.com,6
abcofopera.com,6
www.llanfairfechan.org.uk,6
cy.theonehoseclamp.com,6
aledmissionarea.org,6
www.offshorecompany.com,6
cy.ttdingtian.com,6
www.carmarthenshireenergy.org,6
dafydd4llywydd.blogspot.com,6
cy.totallymoldvouchers.org.uk,6
cy.cnwonderfultextile.com,6
gomerprinting.co.uk,6
www.cronfagoffasaunderslewis.org,6
apg29.se,6
platfform4yp.org,6
exercise.research.southwales.ac.uk,6
cy.tigernu.com,6
colombian.dating,6
ec.acas.org.uk,6
www.hughjames.com,6
www.sinemagnetic.com,6
cy.cnkindhouseware.com,6
cy.yshistar.com,6
iww.org.uk,6
cardiffpolyphonic.org.uk,6
cy.jsbornsun.com,6
cy.cnfoodpackingmachine.com,6
www.newhomesforwrexham.co.uk,6
cy.cnhuaxiajie.com,6
camaubachdyfodoldisglair.cymru,6
bronglais.blogspot.com,6
longwood-lampeter.org.uk,6
cy.joyshingglass.com,6
cy.cnmultihead.com,6
www.getchess.com,6
truthornot.info,6
www.georgedaviesandevans.co.uk,6
www.ailsamairsong.com,6
blog.moneyhelper.org.uk,6
www.kewales.com,6
www.mail.getchess.com,6
www.cysgliad.com,6
www.yloginfach.co.uk,6
bioinnovationwales.org.uk,6
colindaimond.co.uk,6
gmep.wales,6
www.cwmdu.org,6
www.cardiffyouthservices.wales,6
www.curiad.co.uk,6
bwrddcic.gig.cymru,6
www.cy.apexnature.com,6
www.ylolfa-print.com,6
tastewales.com,6
www.criwcelf.co.uk,6
pembrokeshire-spld.co.uk,6
www.pcydds.ac.uk,6
green-city-events.eventcube.io,6
talwrn.org.uk,6
spark.iop.org,6
canllawgoroesi.hafal.org,6
goviral.ai,6
familylawkansascity.com,6
bilingualism.bangor.ac.uk,6
chaicommunity.com,6
www.ygg-gellionnen.co.uk,6
www.sinematigcymru.com,6
cy.thedianabol.com,6
de-1xbet.icu,6
cysylltu.cymru,6
cysylltu-lles.cymru,6
www.saysomethingin.com,6
cymuned.net,6
www.loyalbooks.com,6
www.lpowroof.org.uk,6
www.cy.chinapolyimide.com,6
www.lpwscheme.org.uk,6
cy.vanhecon.com,6
sports.dating,6
frenchrevolution.wales.ac.uk,6
www.leaderlive.co.uk,6
www.cambriancleaningservices.co.uk,6
gwylbangeltaidd.com,6
2017annualreport.mid-walesha.co.uk,6
elfedmuseum.co.uk,6
1xbet-de.xyz,6
www.cognation.co.uk,6
www.ceulanamaesmawr.org.uk,6
cadeirlanbangor.eglwysyngnghymru.org.uk,6
news.gwent.police.uk,6
doctor.dating,6
dyluniodydy.org,6
www.lampeterbeekeepersassociation.co.uk,6
gwynhall.celticleisure.org,6
www.pendyrus.org,6
www.ceredigion50.org.uk,6
caniad.org.uk,6
swanseabayways.co.uk,6
www.whatuni.com,6
www.leisurejobs.com,6
www.dolenteifi.org.uk,6
www.barmouthstation.com,6
www.peniarth.cymru,6
www.seashellsltd.co.uk,6
digitalunite.com,6
churchill.pw,6
cy.primes3d.com,6
www.siopypethe.cymru,6
bandiaupres.cymru,6
owainowain.net,6
dyffryntrannon.powys.sch.uk,6
cy.siammakemoneyonline.com,6
www.ciwb.org,6
cy.prostheticbest.com,6
snacswanseawelsh.wordpress.com,6
www.wrexhamitec.co.uk,6
www.lifeafterprostatecancerdiagnosis.com,6
www.lgcjobs.com,6
www.drefwen.cymru,6
dysguiechydagofal.cymru,6
organiccentrewales.org.uk,6
ellbaines.wordpress.com,6
www.learnwelshinmidwales.org,6
cy.reevoo-industrial.com,6
orca.cf.ac.uk,6
cy.sdhuashil.com,6
ecologicalland.coop,6
www.lease-advice.org,6
www.deryn.co.uk,6
cy.rdsgarment.com,6
chwaraeoncolegau.cymru,6
www.meddygfavictoriasurgery.co.uk,6
cy.sopofiber.com,6
www.world-of-digitals.com,6
cy.qualtees.com,6
snowdoniaosteo.com,6
swwcte.ac.uk,6
snowdonianordicwalking.com,6
beta.financial-ombudsman.org.uk,6
www.j2e.com,6
cy.spiruliname.com,6
cy.cnbtcbox.com,6
paned-o-ge.cymru,6
effro.org,6
cy.sosunmedical.com,6
eira.llgc.org.uk,6
cy.qazgames.com,6
swtan.cymru,6
comisiynyddsafonaucymru.org,6
bydffinc.blogspot.com,6
1xbet-fr.icu,6
eisteddfod.wales,6
www.digitaldadadigidol.co.uk,6
cy.speedyfan.com,6
www.pembrokeshire-herald.com,6
www.bestheattransferprinting.com,6
hccmpw.org.uk,6
www.kosmosvip.com,6
concerts.cardiff.ac.uk,6
beta.webarchive.org.uk,6
chwaraeon-anabledd-cymru.org,6
furnacehousesurgery.gpwales.com,6
nwales-fireservice.org.uk,6
www.bydmaryjonesworld.org.uk,6
cy.wcmc.wales,6
stopthebarrage.com,6
www.watkinsandgunn.co.uk,6
cy.wasinfujikura.com,6
www.justus.anglican.org,6
penrallt.org.uk,6
cy.vracado.com,6
penybontfawrchoir.org,6
www.cynghanedd.com,6
www.view2.be,6
cls1.claritylearningsuite.com.au,6
www.cynghoraupenllyncouncils.co.uk,6
www.cy.delicoil.com,6
coedyglynsurgery.co.uk,6
www.cardiffanimation.com,6
cofiorobin.co.uk,6
sscl-innovation.com,6
cy.visiongarment.com,6
cy.yz-greenenergy.com,6
www.jsbotanics.com,6
caban.ac.uk,6
www.walesdeanery.org,6
83.222.249.226,6
cy.ywchejiang.com,6
frankfurtrights.com,6
beca.amdro.org.uk,6
1xbet-de.icu,6
www.plaidcaerdydd.cymru,6
four.cymru,6
www.jpslurrypump.com,6
cncdev.net,6
5050by2020.org.uk,6
cy.zenotvmount.com,6
fosteringrct.co.uk,6
blackmountainscollege.uk,6
chateau-bellefond.com,6
www.cardiffcity-mad.co.uk,6
cy.precisechem.com,6
olew.shop,6
cy.winclanmachine.com,6
pitchforkandprovision.wales,6
www.buysalesteroids.com,6
cy.wilkchina.com,6
gerddibroddyfigardens.co.uk,6
www.ysgolglanymor.cymru,6
www.justiceinspectorates.gov.uk,6
firstgive.co.uk,6
nwren.org,6
spynjbob.fandom.com,6
www.maps.org.uk,6
friends.cymru,6
dynamic-dudes.bangor.ac.uk,6
disabilitywalescouk.creo.co.uk,6
cy.radiantbong.com,6
www.wheelerprimary.org,6
cymdeithas.blogspot.com,6
www.yrorsaf.cymru,6
cy.videosbrochure.com,6
cylchmeithrintyrcymry.org,6
fframwaithsefydlu.cymru,6
nujtrainingwales.org,6
cymraeg.rhoslansurgery.co.uk,6
www.silin.co.uk,6
cy.wefoamyoga.com,6
www.petrescuesaga.co,6
stopclimatechaos.cymru,6
clybiauplantcymru.org,6
stiwdioowens.co.uk,6
www.byddwchyngynghorydd.cymru,6
pilgrims-way-north-wales.org,6
www.bwyd-da-mon.org.uk,6
cy.wn.com,6
cyfraith-hywel.org.uk,6
squiduniverse.com,6
www.cy.moelyriwrch.co.uk,6
cy.jtsteelgrating.com,6
nscc.cymru,6
www.tidal.cymru,6
welsh.goalongliquor.com,6
threshold-das.org.uk,6
www.merthyrtudful.com,6
cy.nitel-motors.com,6
siop.canolfanpeniarth.org,6
valeofglamorgan.oc2.uk,6
cy.metslurry.com,6
ysgoltheatrmaldwyn.co.uk,6
cy.bdxhpcsheet.com,6
antena.co.uk,6
criminology.research.southwales.ac.uk,6
missingpersons.police.uk,6
www.egino.org.uk,6
www.arrivabus.co.uk,6
www.arloesigwyneddwledig.com,6
cy.myandeli.com,6
www.inspiredbyhistory.cymru,6
cy.bar-grating.com,6
cy.aluminum-artist.com,6
cufflink.io,6
www.merthyrlibraries.co.uk,6
www.e-gymraeg.org,6
ti.to,6
huwnant.wixsite.com,6
ucheldre.org,6
huwrobertsaccountant.co.uk,6
cy.aroma-diffuse.com,6
cy.24genetics.es,6
cy.asnmed.com,6
mindaberystwyth.org,6
cy.mhthread.com,6
uwtsdlibraryblog.blogspot.com,6
consult.justice.gov.uk,6
rspb.org.uk,6
cy.mofolomed.com,6
www.ecodyfi.org.uk,6
archive.wikiwix.com,6
cwmtafsafeguarding.org,6
tirdewi.co.uk,6
rmjones-bobijones.net,6
wyngarthdaynursery.com,6
www.filmagencywales.com,6
cy.electricpowertek.com,6
quixoticquisling.com,6
cy.emategroup.com,6
www.herffilmfer.cymru,6
www.aberaeron.info,6
cy.eswingscooter.com,6
able-futures.co.uk,6
www.theaa.com,6
questionbank.wjec.co.uk,6
languagecommissioners.org,6
ysgol-llandygai.co.uk,6
cy.hebeitech.com,6
cy.hebeimeiben.com,6
www.4cg.cymru,6
www.thebigword.com,6
cy.dsworkfit.org.uk,6
www.abercyclefest.co.uk,6
cy.hlcryo.com,6
mapdata.llyw.cymru,6
hitachi-hgne-uk-abwr.co.uk,6
www.merthyrfis.org,6
meatandeducation.redmeatinfo.com,6
cy.niziblian.com,6
arloesiadur.org,6
www.sps-squeegee.com,6
votefornursing.cymru,6
album.zewan.com,6
cy.ghorit-elec.com,6
alunmichael.net,6
cy.liveeventstream.online,6
www.fushimc.com,6
llanw.org,6
cy.eaglepowermachine.com,6
sd-commission.org.uk,6
www.rhwydwaithcelfacaddysgdddcymru.org,6
www.galeribetwsycoed.co.uk,6
cy.arextecn.com,6
www.halopharm.com,6
manifesto.wwf.org.uk,6
cy.nbyycasting.com,6
cy.opticcolors.com,6
www.menaibridgetowncouncil.co.uk,6
crushtheinfosecexams.com,6
cy.alietc.com,6
1xbet-ci.xyz,6
www.goldenfiberlaser.com,6
siop.peniarth.cymru,6
www.dwrcymrupanel.com,6
archiveofourown.org,6
merthyrww1.llgc.org.uk,6
cy.nbchangliang.com,6
ridenorthwales.co.uk,6
postgradsteps.officeforstudents.org.uk,6
www.babiactif.co.uk,6
www.babibw.co.uk,6
adamcymraeg1-plaidcarmarthenshire.nationbuilder.com,6
idioms.thefreedictionary.com,6
www.infogovernancesolutions.co.uk,6
meta-translations.co.uk,6
www.anturnantlle.com,6
www.newdance.org.uk,6
bolycs.cymru,6
cy.benyutools.com,6
cy.lzyglass.com,6
cy.marblesources.com,6
cy.macpexmixplant.com,6
www.goriad.com,6
wales-tourist-information.co.uk,6
rhondda.typepad.com,6
cy.lymeshfabric.com,6
www.eiriol.org.uk,6
meddygfavictoriasurgery.co.uk,6
wai.hoffi.work,6
cy.mayraincoat.com,6
cy.orielscience.co.uk,6
hiraeth.me,6
www.nfu-cymru.org.uk,6
www.outreach.co.uk,6
prison.inmate.dating,6
us16.campaign-archive.com,6
cy.mygamemachine.com,6
cy.avivafactory.com,6
russelltodd.cymru,6
cedar.gig.cymru,6
cy.aotianpaper.com,6
www.reachnorthwales.org,6
cy.offertargets.com,6
www.grwp.wales,6
crysmelyn.co.uk,6
www.arbedambyth.wales,6
www.troedio.cymru,6
cy.andy-machinery.com,6
creuddyn.cymru,6
www.gosafe.org,6
tir-na-nog.bangor.ac.uk,6
minesto.com,6
meithrin.creo.dev,6
www.mickantoniw.wales,6
cy.locksmithobd2.com,6
crushthecpaexam.com,6
cy.blaze-sportsapparel.com,6
cy.nbacemach.com,6
professionalacademy.southwales.ac.uk,6
www.gwyrddach.com,6
mentoraffiseg.co.uk,6
criwcelf.co.uk,6
magsells.co.uk,6
cy.ourladylowestoft.com,6
www.gwyr-plaid.cymru,6
ambiwlans.gig.cymru,6
mndnorthwestwales.org,6
crefftau.rhiannon.co.uk,6
consortiwmol16.cymru,6
rheoli.isys.pl,6
www.angleseyshow.org.uk,6
cy.ainbattery.com,6
cy.dricklab.com,6
cwtchy-covers.co.uk,6
cy.decordoor.net,6
progression.southwales.ac.uk,6
conwy.maethucymru.llyw.cymru,6
www.hzzjair.com,6
www.powyswellbeing.wales,6
siluriansecurity.co.uk,6
www.nfa.co.uk,6
brynaman.amdro.org.uk,6
cy.lingzemedical.com,6
www.slotvault.com,6
www.healforceglobal.com,6
www.speakeasy.cymru,6
www.amgueddfagwyneddmuseum.org,6
cy.ca-longglobal.com,6
www.harlech.ac.uk,6
ysgolgymraegcwmderwen.co.uk,6
www.epilepsi.cymru,6
www.powyswarmemorials.co.uk,6
m.cy.3cinnolighting.com,6
cy.chinawasteheatboiler.com,6
m.cy.toexpet.com,6
irm.cymru,6
ipep.bangor.ac.uk,6
www.eurborn.com,6
carrogfarm.co.uk,6
cy.kcobled.com,6
www.ormynyddirmor.cymru,6
www.tirdewi.co.uk,6
www.glasdirskillsacademy.co.uk,6
www.glaniad.com,6
www.missiongallery.co.uk,6
cy.kalimbaforum.com,6
cy.ggltlaser.com,6
www.girlguidinganglesey.cymru,6
shopgiejo.com,6
cy.chinaironoxidered.com,6
www.psychosis.wales,6
cy.chinavacuumcleaner.com,6
m.cy.top-umbrella.com,6
www.gobaithmon.org.uk,6
ip.e-paycapita.com,6
www.sww-ahdtp.ac.uk,6
cy.cxjsmart.com,6
cy.inspiretraining.wales,6
cy.cyber365.co,6
ysgolbroplenydd.org,6
cy.dandeliontarp.com,6
scarletfever.org,6
josefhermanfoundation.org,6
pwerdypowerhouse.co.uk,6
tronaldo.blogspot.com,6
jucelinoluz.news,6
pwllhelisailingclub.co.uk,6
llyfrauplant.org,6
adoptwithus.co.uk,6
cy.cnyurun.com,6
cy.hyperbaric-chamber.com,6
cy.jiashengpetroleum.com,6
llywelynwind.co.uk,6
www.howelljoneslaw.co.uk,6
www.smallscreenbigdebate.co.uk,6
www.gdchuanghe.com,6
cy.catrinfinch.com,6
cy.landsign.com,6
www.gnollestatecountrypark.co.uk,6
sibrydion.blogspot.com,6
www.gmc-uk.org,6
cy.classicledlighting.com,6
cy.clipartsfree.de,6
www.swanseacanalsociety.com,6
brondanw.org,6
london.dating,6
www.orielwynmel.co.uk,6
bronderw.co.uk,6
cy.jdlglobalwater.com,6
cy.jdkiln.com,6
cy.comwales.co.uk,6
cy.jcutatcrouter.com,6
cy.key-locksmith.com,6
cy.lastone-cn.com,6
m.cy.ialucard.com,6
www.operasonic.co.uk,6
corygleision.cardiffblueschoir.co.uk,6
www.findamasters.com,6
www.snowdoniadonkeys.com,6
www.holywell-town.gov.uk,6
www.procurexcymru.co.uk,6
wrexham-power.com,6
british-dragonflies.org.uk,6
cy.freerunbearing.com,6
llaisygoedwig.org.uk,6
cy.gracepm.com,6
rainbows-dragons.co.uk,6
winterofwellbeing.readingagency.org.uk,6
cy.frenchartemiacysts.com,6
www.hmrc.gov.uk,6
cy.friendsofstourconnect.org,6
cy.goldsteelballs.com,6
cy.funlandia.com,6
recvetphysio.co.uk,6
www.hootonshomegrown.co.uk,6
cy.hoyerglass.com,6
ardal-wales.co.uk,6
cardiffswinterwonderland.com,6
www.protecphysio.co.uk,6
waynfo.com,6
llwyn-yr-eos.ceredigion.sch.uk,6
www.fengqiupumps.com,6
ynniamgen.com,6
sfs.moneyadviceservice.org.uk,6
katemercer.co.uk,6
www.festrail.co.uk,6
www.sylfaencymunedol.org,6
llefenni.wordpress.com,6
moodmwd.com,6
cy.huabangjck.com,6
www.snowdoniapass.co.uk,6
scolarcardiff.wordpress.com,6
scoutsmon.wales,6
www.nationalarchives.gov.uk,6
kinship.org.uk,6
cy.galofame.com,6
travelbreconbeacons.info,6
leewayproductions.wordpress.com,6
legal-dictionary.thefreedictionary.com,6
serc.research.southwales.ac.uk,6
bumblebeeconservation.org,6
cy.fithem.com,6
seec.bangor.ac.uk,6
cy.haidarilaser.com,6
travelchallenge.cym.getmeactive-cymru.org.uk,6
cy.haosiroomfurniture.com,6
llandre.tth3.co.uk,6
cy.florescencetube.com,6
cy.folohrmed.com,6
www.foodtech-llangefni.co.uk,6
junioreurovision.cymru,6
www.morfafarm.co.uk,6
madarch.cymru,6
cy.hanlidatools.com,6
www.taldraeth.com,6
cy.guanlang-group.com,6
cy.gdplasticmold.com,6
trearddurcommunitycouncil.co.uk,6
cy.gentolexgroup.com,6
cy.glassmachine-sunkon.com,6
cy.genzonnmbopet.com,6
sensingself.org,6
cy.genesis-ivd.com,6
www.mynyddoeddcambrian.com,6
academicsuccessblog.wordpress.com,6
cy.hbjydgrass.com,6
cy.hbforrest.com,6
whittle.woodlandtrust.org.uk,6
www.123passportphoto.com,6
learnliveuk.com,6
www.tenniswalesinthepark.co.uk,6
readingfriends.org.uk,6
cy.plasticmetalmold.com,5
www.droverholidays.co.uk,5
cy.protuneoutdoor.com,5
www.poppit-sands.co.uk,5
www.diffusionfestival.org,5
www.royalmintmuseum.org.uk,5
www.atebcymru.wales,5
hendywindfarm.co.uk,5
hoverhelicopters.co.uk,5
www.duhoctrungquoc.vn,5
www.melin.cymru,5
cy.pdcoiltool.com,5
cy.pasoundsystem-ru.com,5
slebog.net,5
www.skillsactive.com,5
cy.panasystech.com,5
cy.picvalue.com,5
www.bailixin.com,5
conglmeinciau.org.uk,5
www.digitaldesk.org,5
cadwaladers.co.uk,5
bangorcitycouncil.com,5
cy.nbworldfire.com,5
www.cilcennin.wales,5
www.inpnurseryproducts.com,5
www.bandkwilliams.co.uk,5
hollingsworthgroup.co.uk,5
xenos.co.uk,5
cy.nutravalleybiotech.com,5
aldi-newtown.consultationonline.co.uk,5
cy.qomo-odm.com,5
cy.norwal.co.uk,5
prerelease.barnesandnoble.com,5
www.skillsforindustry.co.uk,5
www.mentergorllewinsirgar.cymru,5
present5.com,5
cy.ngjccarbon.com,5
cy.rdflexitank.com,5
www.polishhousingsociety.co.uk,5
cy.newkye.com,5
hanesybont.uk,5
theoneplanetlife.com,5
celyn.wales,5
cy.ncccarbide.com,5
www.balalakerailwaytrust.org.uk,5
cy.sizeofwales.org.uk,5
www.zwooky.com,5
socialenterprise.academy,5
gwylcerdddantystradfflur.wordpress.com,5
cy.shuangxingseeds.com,5
gwyl-digidol.co.uk,5
icelandic.dating,5
cy.mfmining.com,5
cy.shundacrafts.com,5
consultation.horizonnuclearpower.com,5
cy.mesonmedicalscience.com,5
cy.sincerelymachinery.com,5
www.margamcountrypark.co.uk,5
cy.siosunlight.com,5
cy.sjcryos.com,5
www.transformativeworks.com,5
abergelepensarn.co.uk,5
hr.housing.org.uk,5
www.educationsupport.org.uk,5
www.informswansea.co.uk,5
www.bevanfoundation.org,5
www.menteriaithcnpt.cymru,5
cy.shanyilehman.com,5
www.aquafix.wales,5
cy.orn-sewing.com,5
hywelddacic.gig.cymru,5
sme.financial-ombudsman.org.uk,5
cy.optoedumicroscope.com,5
www.attractionsofsnowdonia.com,5
www.twtlol.com,5
www.bangorfirst.co.uk,5
sites.rootsweb.com,5
portaltraining.co.uk,5
www.digidolsirddinbych.co.uk,5
cy.nb-tinxelectrical.com,5
www.tpsonline.org.uk,5
cy.sdsg.org.uk,5
www.jeremymiles.cymru,5
cy.miq-solarcharger.com,5
soccerbetshoot.com,5
www.aquagem.com.cn,5
hyperlocalwalesonline.com,5
hypermedia.research.southwales.ac.uk,5
socialbean.shop,5
www.trailbetws.com,5
cy.pulo-fitness.com,5
cy.sofinegnp.com,5
cy.sjzchem-pharm.com,5
cy.lqshjtools.com,5
cy.loveofqueen.com,5
www.jiraffgwyrdd.co.uk,5
www.ysgolypreseli.cymru,5
www.jisc.ac.uk,5
includeproject.org.uk,5
www.angleseyboattrips.com,5
cy.longjieplastics.com,5
yganolfan10.org.uk,5
ioanhefin.wordpress.com,5
cy.taifoongfoods.com,5
cy.jsxyly.com,5
ceredigionlscb.org.uk,5
southwaleslife.com,5
gooseinternet.co.uk,5
www.uswsufreshers.com,5
torf.llyfrgell.cymru,5
www.thousandvoices.co.uk,5
ygoedeneirin.co.uk,5
cy.toywindmills.com,5
cy.lovetwohands.com,5
www.elfairgrugharpist.com,5
www.daerwynno.org,5
www.ankaicnc.com,5
www.trcgyrfaoeddcynnar.cymru,5
www.smartkidparenting.com,5
cy.stamgon.com,5
indiupdates.com,5
www.angharadharrop.com,5
comisiynyddph.cymru,5
cy.smtneoden.com,5
www.eisteddfodycymoedd.cymru,5
www.delwyngriffiths.co.uk,5
gwestyseren.co.uk,5
ce0278li.webitrent.com,5
cy.mankaleilabauto.com,5
sional.co.uk,5
www.bhf.org.uk,5
1xbet-br.xyz,5
cy.solarmt.com,5
ninjatag-rhyl.co.uk,5
cy.somose.com,5
cy.luxury-light.com,5
www.braveeip.org.uk,5
www.ahww.cymru,5
www.democratiaetharwaith.org,5
www.alpha.cymru,5
cy.tauraspower.com,5
www.plgh.org,5
cy.kaxhelmet.com,5
irish.dating,5
www.maesygwendraeth.org,5
greatormetramway.co.uk,5
www.unlockingthesevern.co.uk,5
www.forexlens.com,5
ygg-rhosafan.j2bloggy.com,5
topsearches.in,5
www.bodalwyn.co.uk,5
cy.jxbrakehose.com,5
cy.thekdom.com,5
natcen.ac.uk,5
aber-gag.org.uk,5
cy.junyacasting.com,5
www.eurozine.com,5
torchtheatre.co.uk,5
governorsforschools.org.uk,5
cy.kcbottle.com,5
showtop.info,5
sovereignwales.com,5
www.hyperion-records.co.uk,5
www.ex-caelo.com,5
jeremymiles.wales,5
cy.jklmetalwork.com,5
www.ah-plant.co.uk,5
ceredrotian.com,5
theatrderekwilliams.cymru,5
cy.jiyidajj.com,5
www.moneyandpensionsservice.org.uk,5
www.experimentrics.co.uk,5
npas.police.uk,5
pubscymru.co.uk,5
www.bridgat.com,5
plas-isaf.co.uk,5
www.evenbreak.co.uk,5
www.bookie.best,5
b2b.bridgat.com,5
itunes.apple.com,5
greenrocketcourses.com,5
prysg.com,5
www.artandsoultribe.co.uk,5
www.rgrl.co.uk,5
aberconwy.blogspot.com,5
toriadauiysgolion.cymru,5
www.thefestivalscompany.co.uk,5
www.lliodaviesdesignermaker.com,5
www.bright-sky.org.uk,5
cy.globalstoragesolution.com,5
www.johnmuirtrust.org,5
adolygu-lefel-a.wikia.com,5
www.broadenergywales.co.uk,5
cy.yojiuelec.com,5
www.tearfund.org,5
cy.induction-duolin.com,5
newtown.rfc.wales,5
gmcommon.org,5
jonesandgraham.co.uk,5
breesegwyndaf.co.uk,5
totallymold.org.uk,5
www.adeiladuarlwyddiant.cymru,5
cy.illuminetheatre.org,5
ntgwales.com,5
ymgyngoriadau.llyw.cymru,5
cy.ylyfitness.com,5
cy.hbmsmetal.com,5
www.brysonrecycling.org,5
mwnaimwnai.org,5
www.homecarewales.co.uk,5
gemaucymru.urdd.cymru,5
cy.hefeng-quartz.com,5
letscount.hocext.co.uk,5
cy.hermesandhestia.com,5
www.londonwelsh.org,5
gafaeltir.cymru,5
www.ysgoldyffrynconwy.org,5
app.webrecruit.co,5
gair.cymru,5
www.telecarecardiff.co.uk,5
cy.handdryer-china.com,5
landregistry.data.gov.uk,5
www.hnnanbeiwang.com,5
cy.xyjytec.com,5
cy.xuxiangbike.com,5
gallery.southwales.ac.uk,5
gcc.llyw.cymru,5
www.telerilea.com,5
serencyf.org,5
coleridgeinwales.cymru,5
cy.ivisionshade.com,5
linc-cymru.co.uk,5
www.lloydevanshughes.com,5
www.versusarthritis.org,5
www.ribbon-shredder.com,5
cy.iapack.com,5
www.adamsemergency.co.uk,5
www.calonweddingplanning.com,5
becster.com,5
www.ysgolgymraegcwmbran.co.uk,5
fyngherdynteithio.llyw.cymru,5
cy.idealarts-statue.com,5
cy.greenplains.net,5
library.villanova.edu,5
www.ysgolgymraegtrelyn.co.uk,5
cy.hwelmaywipes.com,5
cy.hunterbags.com,5
www.vickyjones.org,5
cy.yinghecolor.com,5
cy.hym-led.com,5
future-energy.wales,5
www.cylchcatholig.co.uk,5
www.morganevans.com,5
britainfromabove.org.uk,5
cy.jdglasstrade.com,5
www.thejigsawgroup.org.uk,5
cy.jialongcaiyi.com,5
cy.jialirazor.com,5
www.cyfieithuamnis.cymru,5
www.tcc-wales.org.uk,5
frongoch-gardencentre.co.uk,5
www.ysgolomedwards.co.uk,5
jobs.dwrcymru.com,5
www.silwlicymru.co.uk,5
ofaesifaes.wordpress.com,5
cy.yongjiealuminum.com,5
cy.uncyclopedia.info,5
butterfly-conservation.org,5
www.thestudentroom.co.uk,5
www.princessroyaltheatre.com,5
carct.org.uk,5
www.fanernewydd.net,5
cy.jahoopack.com,5
www.adventuremap.co.uk,5
cy.varlotplc.com,5
www.a-m-a.co.uk,5
www.mvhannualreport1718.org.uk,5
www.cabgwynedd.cymru,5
cy.hengshunglove.com,5
atprestatyn.co.uk,5
telelingua.co.uk,5
cy.weibo-sensor.com,5
www.jomec.co.uk,5
cy.hopesame.com,5
www.calin.wales,5
tr.opentran.net,5
cy.honrayco.com,5
www.aberunidegreeshow.com,5
cy.wikibooks.org,5
www.acornpeople.com,5
wsa-ondisplay.co.uk,5
www.ernw.ac.uk,5
cy.gwpvc.com,5
www.plasheli.org,5
cy.hongshidaindustry.com,5
cy.haichenghealth.com,5
www.theatrsoar.cymru,5
cy.winwinceramics.com,5
www.visainforservices.com,5
cy.njhydraulic.net,5
www.cymraeg.green-bay.tv,5
cy.tyrelinerfabric.com,5
www.dft.gov.uk,5
cy.rmapack.com,5
www.armati.biz,5
www.mentrauiaith-gogledd.com,5
www.bendigeidfran.cymru,5
cegrecords.com,5
hunaniaith.cymru,5
cy.ronghuayxf.com,5
cy.ruiwophytochem.com,5
cy.runya01.com,5
www.masnachdegaberystwyth.org.uk,5
www.arfonphysiotherapy.co.uk,5
habit-tearooms.co.uk,5
thema.cymru,5
gwynthomas.cymru,5
cy.sanjin-web.com,5
www.ubuntucymraeg.org,5
thelotterytickets.info,5
cy.scdorexs.com,5
www.hongxinairmotor.com,5
cy.hotmeltsheet.com,5
garethrobertsimages.co.uk,5
alwenajonesbright.co.uk,5
cy.wjfsports.com,5
www.mvain4.uk,5
www.mvhannualreport1819.org.uk,5
www.sog-pump.com,5
www.home-start.org.uk,5
cy.xmleadpacks.com,5
st-marys-centre.org.uk,5
www.socialistpartywales.org.uk,5
yougambling.top,5
www.cadwyn.co.uk,5
ahne-llyn-aonb.org,5
cy.hauslighting.com,5
cy.hb-xgz.com,5
cy.xinghuaweaving.com,5
cy.hdpepipesupplies.com,5
gartholwg.cymru,5
leadingwalesawards.co.uk,5
my-local-solicitor.com,5
www.plasbrondanw.com,5
cy.wisoptic.com,5
qfp.quaker.org.uk,5
www.pro-steelengineering.co.uk,5
cy.hsgascylinder.com,5
cabgwynedd.cymru,5
www.ffarmers.org,5
carbton.com,5
giroffel.com,5
www.acgcc.org.uk,5
wrexhamfencingclub.org,5
cy.vmaxpowerpv.com,5
cathcyf.co.uk,5
cy.huajianal.com,5
www.theeyefestival.com,5
cy.huachengpart.com,5
www.villagesos.org.uk,5
atop-ltd.co.uk,5
cy.walescouncilforoutdoorlearning.org,5
www.thedancedome.com,5
www.tegni.co.uk,5
cy.hthbearing.com,5
www.safernpt.org,5
sewh.co.uk,5
siartwyr.cynefin.cymru,5
www.chitsuruya.com,5
interpretwales.org,5
www.nbbvc.com,5
apps.trac.jobs,5
www.stbarnabas-drefachfelindre.org,5
cm-1xbet.xyz,5
ardwyn.net,5
seansbeard.com,5
cy.egay.shop,5
www.cy.risunextract.com,5
cy.ecubmaker.com,5
www.ysgolawelymynydd.co.uk,5
cy.eyesmed.com,5
employmentpracticesolutions.co.uk,5
cy.zhyltd.com,5
www.walesremembers.org,5
www.soundofwales.org.uk,5
4winds.org.uk,5
www.canolfanyfron.org,5
ywwgg.yourwebsite.life,5
cy.fishmeal-machinery.com,5
cy.zilingpackaging.com,5
dyma-fi.co.uk,5
dylan.llgc.org.uk,5
mibbmemima.com,5
efenechtyd.org.uk,5
ug.gig.cymru,5
www.cyfamodcymru.cymru,5
bla-translation.co.uk,5
cy.yukerivet.com,5
wiserwirelesswales.org,5
www.cyd.org.uk,5
youthsupportandprovisionprospectus.co.uk,5
www.taro-nod.cymru,5
wirelessinwales.org.uk,5
www.ysgolbrynaerau.co.uk,5
www.gwentprepared.org.uk,5
forum.saysomethingin.com,5
teentech.com,5
www.clarehardingphotography.com,5
apps.environment-agency.gov.uk,5
tregroeswaffles.co.uk,5
recipegiftbook.com,5
tresaith.net,5
bwcabus.traveline-cymru.info,5
www.juliemorgan.org.uk,5
cy.zishanfood.com,5
menterfachwen.org.uk,5
cy.fiberlasercuttingmachine.com,5
carmelpontlliw.co.uk,5
studentsafety.southwales.ac.uk,5
cy.caloncymru.org,5
partnership.ebbitt-media.com,5
www.shakespearescelebrations.com,5
www.gofalwn.cymru,5
dinorwigdistillery.co.uk,5
www.westcountrycasemanagement.co.uk,5
www.wesb.org.uk,5
www.screeningservices.org.uk,5
rhug.co.uk,5
www.criwbrwd.co.uk,5
cy.cedreshowers.com,5
bellevuegp.com,5
cy.china-medicom.com,5
virtuagirlfullhd.info,5
www.yggbm.org,5
cy.apricots.es,5
ysgolglanrafon.co.uk,5
www.ygg-tonyrefail.cymru,5
tyfu-cymraeg.co.uk,5
www.cered.org,5
www.project-metal.co.uk,5
www.gosodsyml.cymru,5
www.sell2wales.gov.wales,5
ysbridion.co.uk,5
www.gwenthousingsupport.co.uk,5
4wardeveruk.org,5
cy.fareastpulpmolding.com,5
form.jotformeu.com,5
cy.fangdapack.net,5
cy.daxzander.com,5
www.novelocity.org,5
www.wigglewires.com,5
manordeilosalemcc.org.uk,5
www.sewbrec.org.uk,5
bwrlwmarfor.360.cymru,5
www.cat.org.uk,5
calongron.com,5
www.catchup.org,5
cih.org,5
marcrees.com,5
www.catrinfflurhuws.cymru,5
wjec.co.uk,5
cy.ytdxgy.com,5
liverpool-welsh.com,5
www.nuj.org.uk,5
www.cy.goodsoundproof.com,5
cy.derflex-sign.com,5
www.cy.fortop-food.com,5
ysgoltllewjones.cymru,5
www.carbton.com,5
llwyncelyn.blogspot.com,5
cymraeg.dwynwencreative.co.uk,5
www.gcc-uk.org,5
ucac.cymru,5
scenicwales.co.uk,5
ysgoltalysarn.cymru,5
www.heddlu2021.cymru,5
eisteddfa-fisheries.com,5
welsh.splittingup-putkidsfirst.org.uk,5
www.nursingnetuk.com,5
welsh.swtan.co.uk,5
www.lgbtqymru.wales,5
pentredwr.co.uk,5
mellten.com,5
dweudeichdweud.sir-benfro.gov.uk,5
findagroup.cymru,5
www.srcdc.org.uk,5
findaplace.wales,5
www.ysgolyfaenol.cymru,5
www.guldportalen.dk,5
www.szradiant.com,5
egni.coop,5
cy.dxstrap.com,5
www.gwasanaethcerdd.cymru,5
catalog.hathitrust.org,5
www.ysbytyifan.org,5
ambethauyngymraeg.blogspot.com,5
memorialgrant.org.uk,5
www.guildhall-cardigan.co.uk,5
techtyfu.com,5
clwydsouthlabourparty.org,5
llansteffan.ysgolccc.cymru,5
stiwdioaran.com,5
cy.dvafoundation.org,5
wales.mencap.org.uk,5
llechwedd.co.uk,5
rldavies.co.uk,5
www.rawffest.wales,5
olegs.ru,5
livefearfree.gov.wales,5
williamhughes.com,5
cy.zc-surgery.com,5
www.wirelessinwales.org.uk,5
www.procurexwales.co.uk,5
rctcbc.moderngov.co.uk,5
crushtheusmleexam.com,5
crwnercanoldecymru.co.uk,5
robots-trading.fr,5
www.gwenyngruffydd.co.uk,5
dynamicdunescapes.co.uk,5
rossitercommunications.com,5
bywyd-caled.blogspot.com,5
www.waleslesotholink.org,5
cap-payments.defra.gov.uk,5
www.radioysbytygwynedd.com,5
perspectif.co.uk,5
www.legacyoflongfields.cymru,5
cy.geneham.net,5
ratings.food.gov.uk,5
cy.gatesea.org,5
cy.food-waste-disposer.com,5
cy.fortop-food.com,5
llennatur.cymru,5
trefriwcommunitycouncil.co.uk,5
www.hensolcastledistillery.com,5
swperbox.cymru,5
dwp.shorthandstories.com,5
welshchefsconference.co.uk,5
fireside.fm,5
ysgolygarnedd.org.uk,5
cy.dikuang.com,5
www.cy.ialucard.com,5
www.cy.huaxiacrane.com,5
www.seasum.cn,5
efncp.org,5
ohiocambrian.llgc.org.uk,5
uniquelywelsh.wales,5
www.franklinfitch.com,5
www.walesforeurope.org,5
seld.co.uk,5
cy.frandchina.com,5
www.canolfan-ni.org,5
cy.foundrytech.cn,5
visitbala.org.uk,5
cy.forsetraroofing.com,5
cy.cheeronlaser-mfg.com,5
tywydd.s4c.cymru,5
www.ygpc.cymru,5
www.crowdfunder.co.uk,5
resource.download.wjec.co.uk.s3.amazonaws.com,5
1xbet-ro.icu,5
www.oiahe.org.uk,5
www.span-arts.org.uk,5
www.carrierbagchargewales.gov.uk,5
parent-support.parentpaygroup.com,5
cy.anggee.com,5
resources.pembsinclusionservice.wales,5
duffryncomlink.org.uk,5
vin-check.online,5
cy.chinadoorwanxin.com,5
ourhomeonline.wales,5
restaurantbusinessbroker.ca,5
parents.gcs.ac.uk,5
www.yggcastell-nedd.co.uk,5
m.cy.byvisiontech.com,5
cy.chunkaiteam.com,5
cy.cnkanfur.com,5
www.ombudsman-wales.org.uk,5
eyecymru.com,5
dafyddiwan.com,5
ysgolglancegin.wordpress.com,5
cy.cymbrogi-learn.com,5
cymraeg.resilientheritagechecker.org.uk,5
swordcymru.co.uk,5
cy.cxalproducts.com,5
cy.ahemgroup.com,5
ffoslasracecourse.com,5
ffairwanwyncymru.co.uk,5
cassmeurig.com,5
cy.bev-cars.com,5
www.greencampabc.com,5
www.novainnovation.co.uk,5
velindrefundraising.com,5
www.worldclassfacilitation.org,5
cy.conveyorproducer.com,5
www.cherylbeer.com,5
cy.connectorshd.com,5
www.cwmnithr.cymru,5
aceawarewales.com,5
www.katiebarrettphotography.co.uk,5
wbuybuy.com,5
www.llangathen.org.uk,5
www.cardigan-guildhall-market.co.uk,5
www.ruysch.nl,5
cy.sulphurblackbr.com,5
www.amserisiarad.org,5
www.tonyrefail-town.net,5
inmate.dating,5
cy.lijinghuichina.com,5
gwaithmaes.org,5
www.biosfferdyfi.org.uk,5
www.tonyconran.cymru,5
www.manageengine.com,5
cy.leiusmart.com,5
cy.tzwdk.com,5
cy.leadrivemotor.com,5
www.uned5.co.uk,5
cy.suntimemould.com,5
www.parcglassurgery.co.uk,5
cy.switchingmodepowersupply.com,5
proms-cy.nhs.wales,5
ysgolpenisarwaen.org,5
cy.laptop-software.com,5
www.otherroomtheatre.com,5
gwefr.co.uk,5
1xbet-pt.top,5
cy.lggbchina.com,5
www.newlibrary.wales,5
parcadferconstruction.co.uk,5
www.lanlinprintech.com,5
www.lifewithamberlyandjoe.com,5
cy.amorinduction.com,5
cy.cn-plywood.com,5
cy.cm-sv.com,5
mayyoulive.wordpress.com,5
cy.classicsteelstructure.com,5
credo.ysgolccc.org.uk,5
waunifor.com,5
www.swansea50.co.uk,5
pembrokeshireyfc.org.uk,5
cy.anbzeng.com,5
cy.citrusarts.co.uk,5
daffodili.co.uk,5
cy.peixin.com,5
wrexhammusic.com,5
ceredigioncoastpath.org.uk,5
cy.czsuxing.com,5
www.shengxinsport.com,5
papuraubro.cymru,5
www.penrhyspilgrimageway.wales,5
www.nicotmoto.com,5
www.goldenlaser.com,5
talkingzone.southwales.ac.uk,5
diferion.wordpress.com,5
carmarthenshire-hps.co.uk,5
brynsiencyn.org,5
www.countrypad.co.uk,5
www.pwythpistyll.co.uk,5
www.schulze-thulin.de,5
craftbridgend.org.uk,5
www.gofod3.cymru,5
www.corybrythoniaid.com,5
cy.bramo.jp,5
rhannuceircaerdydd.com,5
www.sgiliauiewrop.cymru,5
carmarthenshireenergy.org,5
cy.bejarm.com,5
www.kristinabanholzerphotography.com,5
www.cbdolievoordelen.nl,5
pavochildrenfamiliesnetwork.blogspot.com,5
cragenmoroeddglan.cymru,5
ysgolidhooson.cymru,5
wales.coop,5
twtproductions.cymru,5
ysgolgymraegcasnewydd.co.uk,5
www.carwynjonesam.co.uk,5
penllynultra.co.uk,5
studentblogs.swan.ac.uk,5
afr.south-wales.police.uk,5
salemdolgellau.wordpress.com,5
1xbet-uk.xyz,5
visitmerthyr.co.uk,5
ysgolgymraeg.cymru,5
www.oilsbysimpson.dk,5
saintdavid.org.uk,5
www.copacharity.com,5
www.screeningservices.org,5
cy.daohonggroup.com,5
www.survivorstrustcymru.org,5
www.goodsonthomas.com,5
ysgolmaenclochog.co.uk,5
twt.live,5
www.llanbedr.com,5
www.creative-lives.org,5
brynblaenwindfarm.co.uk,5
s104791499.websitehome.co.uk,5
cy.coldcooler.com,5
cy.aite-process.com,5
www.stjulittas.org,5
cy.alicosolar.com,5
www.cy.aonetantalum.com,5
papurpawb.com,5
www.webarchive.org.uk,5
arlafar.wordpress.com,5
1xbet-ng.icu,5
www.swedishcurrency.net,5
switchedon.org.uk,5
www.sblashpr.co.uk,5
uat.ukstandards.co.uk,5
penderyn.wales,5
www.cwmpawd.org,5
medi-gifts.com,5
cy.coldrolledsteels.com,5
www.gol.cymru,5
penllergare.org,5
www.neverncastle.com,5
cy.aisoelectric.com,5
www.cwt-tatws.co.uk,5
wefo.gov.wales,5
cy.bsxaminoacids.com,5
www.cc-people.co.uk,5
engineering.research.southwales.ac.uk,5
cy.brightnewenergy.com,5
www.scoutscymru.org.uk,5
bslterp.co.uk,5
www.stwff.cymru,5
www.nicwalesfire.org.uk,5
digileaders.com,5
machcomedyfest.co.uk,5
www.wbti.org.uk,5
clicorarchifs4c.fireside.fm,5
www.cormeibioncaernarfon.org,5
www.sutongtechnology.com,5
saundersfootharbour.co.uk,5
m.cy.fangpusun.com,5
www.lightupchristmas.wales,5
cymrucaretraining.com,5
www.cradur.com,5
cy.nusilkoad-display.com,4
cy.hs-flexoprinter.com,4
cy.hsbags.com,4
cy.hsc-beveragepart.com,4
cy.hsnonwoven.com,4
ygaberteifi.co.uk,4
cy.hebeitomato.com,4
cy.gowikipedia.org,4
cy.kinnemaskinteknik.com,4
www.ffit.cymru,4
www.e-gymraeg.co.uk,4
cy.ntgpglass.com,4
cy.howardadair.co.uk,4
cy.hkaihome.com,4
www.fireflypress.co.uk,4
avalanches.com,4
cy.hongmaosteel.com,4
cy.hjtumbler.com,4
yogaibawb.org.uk.,4
corbroglyndwr.org.uk,4
corbromeirion.com,4
cy.hbmedsite.com,4
cy.king-topone.com,4
youngcarerstoolkit.co.uk,4
cy.hbpkyl.com,4
cy.hbhenglun.com,4
cy.heavyequipmentmaintain.com,4
cy.presto-am.com,4
cy.obeerbrewing.com,4
www.insolecourt.org,4
cy.nebulaate.com,4
cy.nbsy-motorshaft-es.com,4
cy.hanmpackaging.com,4
cy.newryturbo.com,4
conservative-speeches.sayit.mysociety.org,4
cy.pusquishy.com,4
www.ironwiremeshfactory.com,4
cy.producingshoes.com,4
companyhub.com,4
www.dotcym.org,4
www.zoomgu.com,4
cy.pisapelle.com,4
www.drgarethroberts.com,4
cy.phenworld.com,4
www.drotrong.com,4
www.druidegaulois.net,4
bancffosfelen.ysgolccc.cymru,4
cy.peacemix.co.uk,4
www.dwdldata.cymru,4
cy.pagzsj.com,4
cy.outaibathroom.com,4
cy.oushengxi.com,4
www.dyffrynaman.org,4
www.dyfibiosphere.org.uk,4
www.dyfivalleyseedsavers.org.uk,4
cy.hanruiequipment.com,4
www.bats.org.uk,4
cy.gwylyfflam.com,4
haranroofing.co.uk,4
cy.iron-wiremesh.com,4
cy.ipllaser-equipment.com,4
cy.interactiondisplay.com,4
cy.inpvc.com,4
cy.immi.center,4
avoiceforyou.co.uk,4
change4lifewales.org.uk,4
roidhub.com,4
www.alysonjenkins.co.uk,4
welshmountainsheep.co.uk,4
western-gateway.co.uk,4
academiwales.gov.wales,4
www.tyglyndwr.co.uk,4
www.flickr.com,4
www.bayart.org.uk,4
llanpumsaint.amdro.org.uk,4
hannercant.com,4
llansannan.cymru,4
llanberis.org,4
cemaes.cymru,4
llansannan.org,4
blogs.wwf.org.uk,4
hafanshaolincymru.com,4
lleoli.sirgar.gov.uk,4
www.esrcsocietytoday.ac.uk,4
www.bereasonable.wales,4
conwytowncouncil.gov.uk,4
cy.janeoochina.com,4
1xbet-bet.icu,4
cy.jianhangroup.com,4
cy.gwbcf.info,4
www.floridaexpo.com,4
www.flowerssimply.com,4
cy.grillingmesh.com,4
ynunrhith.cymru,4
cy.hunduretools.com,4
cy.hyh-handle.com,4
www.felinheli.org,4
conwy2025.co.uk,4
cy.keruichemical.com,4
www.hybu.co.uk,4
cy.kaidunpaper.com,4
www.europeanmovement.co.uk,4
www.europeansources.info,4
cy.jxhqmachine.com,4
archiveswales.llgc.org.uk,4
archwilio.org.uk,4
cy.jthanbert.com,4
cy.jsjiayang.com,4
www.hwberyri.co.uk,4
cy.jprre.com,4
cy.joysun-chem.com,4
cy.jjwipes.com,4
conwyifanc.com,4
www.fairerfostering.org.uk,4
cy.knorubber.com,4
www.glampiocoed.com,4
www.ialflowers.co.uk,4
cy.abszipper.com,4
www.graigproducers.co.uk,4
cy.aluminaadsorbent.com,4
ysgolporthyfelin.cymru,4
cy.allwinpak.com,4
www.grasi.co.uk,4
www.hanesmon.org.uk,4
cy.allstarsprayer.com,4
cy.allsourcingsh.com,4
ysgolrhiwlas.cymru,4
ysgolrhysprichard.org.uk,4
arlwybrdial.co.uk,4
www.glandwrtresaith.co.uk,4
1891yrhyl.co.uk,4
cy.kuntaivalve.com,4
cy.3ltechtextile.com,4
ysgoltremeirchion.cymru,4
www.gtj.org.uk,4
www.guiaswow.com,4
cwmtafmorgannwgcic.gig.cymru,4
cwmrhymni.com,4
ytalbot.com,4
culturelab.cymru,4
www.gwentarchives.gov.uk,4
www.gwobraudelweddsymudol.co.uk,4
crugeran.com,4
arwydd-sign.co.uk,4
cy.anturstiniog.com,4
cy.anxt.co.uk,4
cy.aopcctv.com,4
www.green-snowdonia.co.uk,4
llewjones.com,4
ypelican.co.uk,4
www.fredastaire.com,4
www.himalaya.com,4
www.freehypnosisinformation.com,4
corporate.celticleisure.org,4
www.freesmokealarm.co.uk,4
cy.foen-group.com,4
www.frongoch-gardencentre.co.uk,4
cy.enimeibeauty.com,4
cy.floorsocket.com,4
www.highlight86.com,4
www.ftww.org.uk,4
cy.fishing-sports.com,4
cy.fbraincoat.com,4
cy.fayunelectric.com,4
ysgol-frenni.j2bloggy.com,4
ysgol-llan.cymru,4
corwenhouse.co.uk,4
cy.evakneepads.com,4
www.herotechchiller.com,4
cy.espyphotoaward.com,4
ysgolabererch.org,4
cy.chinacctvcable.com,4
cy.chinacavoli.com,4
creativeartsaberystwyth.university,4
cy.atom-connector.com,4
cy.bagsfactorycn.com,4
yourgene-health.com,4
www.elderabuse.org.uk,4
www.ingentaconnect.com,4
constructingcarmarthenshiretogether.co.uk,4
consult.defra.gov.uk,4
y-ganolfan.com,4
y-gelli.co.uk,4
cy.morningstarstone.com,4
www.inductioncooker.net,4
www.eezeetrip.co.uk,4
www.eglwyscaerfyrddin.org,4
cy.metalmeshcladding.com,4
cy.mcmedicallight.com,4
ybloghanes.wordpress.com,4
cy.maijiaomy.com,4
cy.longshanstones.com,4
cy.klassicbathrooms.com,4
cy.lockeylock.com,4
cy.lisenasia.com,4
www.energylocal.co.uk,4
cy.lidaplastic.com,4
www.eos.cymru,4
cy.lcjiujiujiayi.com,4
www.epilepsy.org.uk,4
cy.laserartistchina.com,4
cy.laboratorysci.com,4
cy.goomegle.com,4
www.hlinsectscreen.com,4
covid19.nhs.uk,4
www.gorsedd.org,4
cy.china-marmore.com,4
asergeev.com,4
www.global-resourcing.com,4
cy.chandeliersupplier.com,4
cy.cedars.cc,4
www.goawards.co.uk,4
cy.cardboarddisplay8.com,4
ysgolgymraegllundain.co.uk,4
ysgolgynraddamlwch.co.uk,4
cy.cablehongfeng.com,4
cy.bulltech3d.com,4
cy.bridgendbites.com,4
cy.bodawovenbag.com,4
www.goldiescymru.org.uk,4
ysgolllanbedrgoch.org,4
ysgolllanbedrog.cymru,4
ysgolllandegfan.cymru,4
cy.binicdiatech.com,4
ysgolllangybi.org,4
cy.besuperhygiene.com,4
ysgolllechryd.co.uk,4
www.goodly-light.com,4
ysgolmaesincla.org,4
www.gorllewinabertawe.plaidcymru.org,4
cy.baojicuclad.com,4
hacksfrom.com,4
www.bto.org,4
bobjonesandsonbutchers.co.uk,4
wales-wellbeing.co.uk,4
wasacre.org.uk,4
gwyliaugorwel.co.uk,4
various2.southwales.ac.uk,4
www.llyn-brenig.co.uk,4
www.browncowpublishing.com,4
www.lonlodges.co.uk,4
geraintlewis.net,4
careinspectorate.wales,4
www.cafonline.org,4
www.lucasestateagents.com,4
www.brolleu.co.uk,4
www.wales.lantra.co.uk,4
wales.cityofsanctuary.org,4
www.callingwales.org.uk,4
mail.imagingacademy.wales,4
maths.research.southwales.ac.uk,4
appointments.thetimes.co.uk,4
menteriaithbangor.org,4
www.statkraft.co.uk,4
melbourne.dating,4
vimeo.com,4
www.stasaphbusinesspark.org.uk,4
geomwales.org,4
wales.teifisurgery.co.uk,4
bryneisteddfod.wales,4
gnomestead.com,4
www.apdservices.net,4
lesbian-line-north-wales.org.uk,4
www.ant-machine.com,4
ikaching.cymru,4
www.ashwales.org.uk,4
bookmakers-tr.icu,4
www.tronhoo3d.com,4
www.trywydd.cymru,4
hitachi-hgne-uk-abwr.com,4
cateringservices.southwales.ac.uk,4
hipohyfryd.co.uk,4
www.men2men.org.uk,4
hwylafflag.co.uk,4
www.apsadapter.com,4
institute.pm,4
lgbtsport.cymru,4
www.tfaforms.com,4
www.testun.co.uk,4
cathrinwildwood.co.uk,4
le-wales.co.uk,4
leanne2021.cymru,4
www.mxburshmachineryvideo.com,4
www.anebons.com,4
www.aneirinkaradog.cymru,4
learning.wales.nhs.uk,4
impactasaurus.org,4
www.templeofpeace.wales,4
wtuclearn.tuc.org.uk,4
wst.org.uk,4
us02web.zoom.us,4
www.buypokeristchips.com,4
haycastletrust.org,4
www.byw-bywyd.co.uk,4
gofalwnamsirbenfro.co.uk,4
gofal.colegaucymru.ac.uk,4
action.wildlifetrusts.org,4
foodrecyclingmission.org.uk,4
gola.cymru,4
active.bangor.ac.uk,4
uktraumacouncil.org,4
www.bridgendfostercare.wales,4
www.cantoncommunitygardens.co.uk,4
www.bridgendenergy.co.uk,4
www.walesonrails.com,4
www.visitcardiff.com,4
matiameg.com,4
www.llionjones.com,4
www.caerdyddddigidol.net,4
www.wana.wales,4
goldenwebawards.com,4
madogmillinery.co.uk,4
madeinroath.com,4
walescanceralliance.org,4
www.capelseionealing.org,4
valleyandvale.org,4
us6.campaign-archive.com,4
www.walesneurologicalalliance.org.uk,4
www.stopsafeschools.com,4
www.newsquest.co.uk,4
www.localsolutions.org.uk,4
www.canugwerin.com,4
uksa.statisticsauthority.gov.uk,4
fos.wales,4
www.wakemans.com,4
btistudios.com,4
vlex.co.uk,4
blog.apps555.com,4
www.nofuelpower.com,4
1aviagem.com,4
fuw.networkportfolio.co.uk,4
www.vietnam-investment.com,4
gis.research.southwales.ac.uk,4
gisda.org,4
upskillingatwork.co.uk,4
www.stpeterschurchfairwater.org.uk,4
www.lovespoonsonline.co.uk,4
www.bumpystick.com,4
www.nwba.ac.uk,4
cetwales.co.uk,4
markdrakeford.com,4
melparry.co.uk,4
getinvited.to,4
volunteering.rnli.org,4
menaibridgecivicsociety.org.uk,4
www.lotoonline.fr,4
www.walesfoodfortnight.com,4
www.sundayschoolwales.org,4
www.longtopmining.com,4
www.tawesoft.co.uk,4
www.treehousetalesliteracy.com,4
www.trawsfynydd.org,4
ceredigion-archives.org.uk,4
greenmantrust.org.uk,4
www.maethusiryfflint.org.uk,4
watersofwales.org.uk,4
www.maestegtownhall.com,4
www.bms.org.uk,4
aco-training.co.uk,4
www.bolmynydd.co.uk,4
water-works.org.uk,4
www.bordercountiesadvertizer.co.uk,4
gorffennoldigidol2015.blogspot.com,4
wastkeeptalking.co.uk,4
www.bipedcycles.co.uk,4
gwynfor.net,4
www.teachersupport.info,4
gwasg-gregynog.co.uk,4
www.ucas.com,4
blogjiwjiw.blogspot.com,4
gwylyrenfys.cymru,4
llwynfor.co.uk,4
access2heritagebg.co.uk,4
gwylarall.com,4
llynadventures.com,4
cerdd-dant.org,4
www.ukpol.co.uk,4
www.marchmanouche.co.uk,4
llywodraethcymru.budgetsimulator.com,4
greenrecovery.wales,4
greyhoundrescuewales.co.uk,4
www.mageia.org,4
www.blipfoto.com,4
haymax.biz,4
www.nbkeming.com,4
hestories.info,4
llanbleddian.cymru,4
heritagepulse.insights-alliance.com,4
abergavennysymph.org.uk,4
www.babinogion.co.uk,4
hengapeljohnhughes.co.uk,4
www.baglanbay.com,4
helsinki.dating,4
llandeilofawr.org.uk,4
www.twtcymru.co.uk,4
www.naturaltoco.com,4
www.twyni-llandanwg-dunes.org.uk,4
wihsc.southwales.ac.uk,4
llanelli-waterside.co.uk,4
llanfairsurgery.gpwales.com,4
healthhub.wales,4
llangrannog.org.uk,4
www.sz-logo.com,4
www.besteflon.com,4
llionjones.com,4
lowriroberts.co.uk,4
www.blascymru.com,4
aber.onlinesurveys.ac.uk,4
gwentsupportingpeople.co.uk,4
www.neuadddwyfor.cymru,4
cerddcymru.com,4
www.acapela.co.uk,4
bravingthedragons.com,4
www.thelaugharneweekend.com,4
www.morlan-elli.cymru,4
www.actionforchildren.org.uk,4
joio.co.uk,4
www.adoptionuk.org,4
www.adrahome.com,4
www.aclsatellitebroadband.co.uk,4
www.adruk.org,4
jobs.mumsnet.com,4
www.aceawarewales.com,4
www.adventuresmartwales.com,4
angelagraham.org,4
www.monlifeholidayactivities.co.uk,4
www.ace-biomedical.com,4
www.ageconnectsnwc.org,4
www.abacusassessments.co.uk,4
languagecommissioners.ilikecake.ie,4
www.thatsavvydude.com,4
woww.narberthmuseum.co.uk,4
www.archifdy-ceredigion.org.uk,4
www.argofachadw.cymru,4
worldstories.org.uk,4
www.nacro.org.uk,4
aboutus.earth,4
www.thegreatbritishbookshop.co.uk,4
jncc.gov.uk,4
www.newcastleemlyntowncouncil.co.uk,4
www.thecarmarthenshirepartnership.org.uk,4
loteri.cymru,4
gwasgybwthyn.cymru,4
www.axisweb.org,4
www.mellten.com,4
cartrefi.org.uk,4
ispp.bangor.ac.uk,4
www.thecambrianline.co.uk,4
www.aberystwythmarkethall.co.uk,4
www.tickylowe.com,4
its.southwales.ac.uk,4
italian.dating,4
www.tigerhealthspa.com,4
www.mitatlawrence.net,4
www.missingpersons.police.uk,4
www.mssociety.org.uk,4
www.members.labc.co.uk,4
www.tinnitus-causes.net,4
kormag.com,4
www.minew.com,4
www.aberbangorstrategicalliance.ac.uk,4
www.tllew.cymru,4
intranet.cardiff.ac.uk,4
www.thealternaterebellion.co.uk,4
www.abbeyroadcentre.co.uk,4
www.abirdinacage.org,4
www.historichouses.org,4
xero.lhphillips.com,4
cormaelgwn.cymru,4
www.pobol.cymru,4
sra.org.uk,4
morristontabernacl.org,4
ruthinfestival.co.uk,4
www.robertsandowen.co.uk,4
sustainablecommunities.wales,4
www.papapearsaga.co,4
tycerdd.sequence.co.uk,4
www.postalvotes.co.uk,4
tpr.gov.uk,4
tyddynmon.co.uk,4
pawb.org,4
www.robatarwyn.co.uk,4
testweb.merthyr.ac.uk,4
www.sewsc.org.uk,4
recruitment.supertemps.co.uk,4
www.rhwbethmelys.co.uk,4
minesto.se,4
sqe.sra.org.uk,4
nyawperfformio.co.uk,4
taithellie.wordpress.com,4
pathways.dyffrynaman.org,4
sethousearts.com,4
swansea-edunet.gov.uk,4
www.participationcymru.org.uk,4
www.social-heart-business-mind.co.uk,4
puddlebuckley.co.uk,4
rhyltowncouncil.org.uk,4
swanseapcf.org,4
www.ourfuturespeople.org.uk,4
newyear2017s.us,4
mynyddseion.weebly.com,4
www.rhyddiaithganoloesol.caerdydd.ac.uk,4
www.olewdrwg.com,4
rhodriprice.com,4
mychoice-support.swansea.education,4
www.siopaleabhar.com,4
www.orenactorsmanagement.co.uk,4
privacy.cardiffcouncilwebteam.co.uk,4
www.possessionclaim.gov.uk,4
capeli.org.uk,4
swanseacentral.wales,4
participationcymru.webspring.org.uk,4
politicoacademic.blogspot.co.uk,4
www.patrol-uk.info,4
bwytahapus.cymru,4
sochair.org,4
www.pageflip.uk.com,4
capelgwynfil.cymru,4
cantabelectrical.co.uk,4
cambodian.dating,4
sesshub.co.uk,4
www.socialinterview.com,4
www.pacto.org.uk,4
sionedhuws.net,4
mijmoj.co.uk,4
recruit3.org.uk,4
muniartscentre.com,4
cym.bromyrddin.co.uk,4
cymru.schoolgateway.com,4
cy.wxhej.com,4
cy.zxhpcbgroup.com,4
cyberwales.net,4
www.iwa.org.uk,4
clwbantur.com,4
cyngorcymunedllanengan.cymru,4
www.cwtsh.wales,4
www.cxjsmart.com,4
www.yongyuglass.com,4
cletwr.com,4
cymruculture.co.uk,4
cymru.skillsforeurope.uk,4
cymru.fm,4
w4os.org,4
www.cy.chinacannedfruit.com,4
www.cy.chinakitchencabinets.net,4
cymraeg.isatraining.co.uk,4
cymraeg.decymru.ac.uk,4
www.cy.fdsp-cn.com,4
cybistriders.co.uk,4
www.yourvoiceadvocacy.org.uk,4
cymraeg.borderprayer.co.uk,4
www.yourvoicewrexham.net,4
cymdeithastedbreezejones.org.uk,4
www.cy.joyelectric-china.com,4
www.yparc.co.uk,4
cy.wzajparts.com,4
www.ysgoldewisant.co.uk,4
www.cymerau.org,4
cy.xhglassescase.com,4
careers.redcross.org.uk,4
cy.yewlong.com,4
cy.zns-fashion.com,4
cy.zktpj.com,4
cy.zhanfan-jingan.com,4
cy.zdtruck.com,4
cy.ytstamina.com,4
cy.yt-jietong.com,4
www.cyfcym.cymru,4
cy.yqkayak.com,4
cy.youyoumetal.com,4
cy.ykdrill.com,4
www.ysgolcaergeiliog.cymru,4
cy.yilibaofactory.com,4
cy.yidongcarbon.com,4
cy.yc-trade.com,4
cm1xbet.xyz,4
cy.yanjinchinaceramic.com,4
cy.xzsteeltube.com,4
cy.xx-insulation.com,4
cy.xmprimewerks.com,4
cy.xmmelody.com,4
cy.xjcmstructure.com,4
www.ysgolcymerau.org,4
cy.xingliaoaccessories.com,4
www.parcyrhun.ysgolccc.cymru,4
www.smarttowns.cymru,4
camautirion.co.uk,4
cabancadairidris.cymru,4
panel.cymru,4
prezi.com,4
new-quaytowncouncil.co.uk,4
thepensionsregulator.org.uk,4
www.romaniarts.co.uk,4
thepdcafe.com,4
ucpccu.org,4
ucu.org.uk,4
pethabach.blogspot.com,4
owaintalksbusiness.co.uk,4
www.st-marys-centre.org.uk,4
www.owensutton.com,4
thestudentsurvey.co.uk,4
www.singleparentswellbeing.com,4
www.rayceredigion.org.uk,4
www.penderyn.wales,4
portspastpresent.eu,4
mraaron.wales,4
www.respond.co.uk,4
powyscic.gig.cymru,4
siwgrasbeis.com,4
pero-online.co.uk,4
randalphddoeth.com,4
midborderarts.com,4
www.patagonia150.org,4
reading-well.org.uk,4
ogarethhughes.blogspot.com.es,4
telgwen.co.uk,4
afterdark.co,4
rowancare.com,4
cy.gfxiaoni.com,4
allageschoolsforum.cymru,4
tregaron.ceredigion.sch.uk,4
seneddinsight.com,4
paniqroomswales.co.uk,4
www.pactnorthwales.co.uk,4
www.pixelconverter.com,4
aldi-bangor.consultationonline.co.uk,4
newsandfeaturesonindonesia.blogspot.com,4
pontypriddymca.co.uk,4
thrivefreezefoods.com,4
princetoncovid.org,4
ukclc2016.bangor.ac.uk,4
transportforqualityoflife.com,4
swoosh.me.uk,4
mwydryn.blogspot.com,4
www.rpharms.com,4
rsthomas.bangor.ac.uk,4
business.global-article.ws,4
stakeholderregister.gov.wales,4
petct-swansea.org.uk,4
www.questia.com,4
photographic.research.southwales.ac.uk,4
smartenergy.wales,4
www.saltcymru.org,4
pgab.gig.cymru,4
bywhebofn.llyw.cymru,4
rpt.gov.wales,4
cadarnskillscentre.ac.uk,4
www.savethechildren.org.uk,4
canolfannau-iaith-gwynedd.cymru,4
parcmenai.com,4
aledwyndavies.com,4
nagsheadabercych.co.uk,4
www.snowdonia-bunkhouse.wales,4
online.flippingbook.com,4
repository.uwtsd.ac.uk,4
monlifeleisuredevelopment.co.uk,4
addysg.cerenet.org.uk,4
www.refill.org.uk,4
plasbrondanw.com,4
nadoligpenybontarogwr.online,4
trysor.net,4
www.richina-tools.com,4
publicaffairscymru.com,4
capelsalem.org,4
www.orielqnarberth.com,4
southwalesjobs.co.uk,4
narberth.bookofremembrance.uk,4
spectrumproject.co.uk,4
penfrobookfestival.org.uk,4
myweb.tiscali.co.uk,4
shop.rcahmw.gov.uk,4
www.ristargroup.com,4
penrhiwpalshooting.co.uk,4
cabgwynedd.org,4
www.rasyriaith.cymru,4
prohill.co.uk,4
perfectbusiness.xyz,4
cardiffcivicsociety.blog,4
www.spacescoop.org,4
pontarddulaismalechoir.wales,4
trustedstandard.org.uk,4
www.orielmon.shop,4
nationalcrimeagency.gov.uk,4
plan.gwent.police.uk,4
northwalesjewellerscollective.co.uk,4
rhaglenni.televault.rocks,4
mytrickstips.com,4
www.registry.cardiffcouncilwebteam.co.uk,4
soundprogression.co.uk,4
www.sinodryair.com,4
myths.e2bn.org,4
the-biggest.net,4
www.pembreycountrypark.wales,4
adolygu-lefel-a.fandom.com,4
mobile.twitter.com,4
tanabigroup.com,4
www.prsformusic.com,4
pdfslide.tips,4
support.theaudienceagency.org,4
noormedilfe.com,4
technikawater.ru,4
cym.llandybie.org.uk,4
shwmae.com,4
cym.bigshiftcymru.sustrans.org.uk,4
www.cultcymru.org,4
www.cricciethfamilychurch.org.uk,4
www.worldcat.org,4
cittaslowmold.co.uk,4
www.yfc-clwyd.org.uk,4
www.keymachine.org,4
ddc-wales.co.uk,4
datingoldwelshhouses.co.uk,4
bei.edu,4
dafyddapgwilym.net,4
www.kemingpro.com,4
www.yinrich.com,4
cywioncranogwen.com,4
www.kchaluminum.com,4
www.welshbattlefields.org.uk,4
www.cultvr.cymru,4
www.koreaetour.com,4
www.corwen.org,4
diem25cymru.org,4
www.kpalautomotive.com,4
www.clwydagri.co.uk,4
dsnonline.co.uk,4
drosflog.blogspot.com,4
drfone.biz,4
www.cn-sanitary.com,4
www.cntopsincoheren.com,4
2017.experiencewalesinvenice.org,4
1xbetpt.icu,4
1xbetpt.top,4
denbighcommunityarchive.org,4
www.creationism.org,4
evolutionmegalab.org,4
www.welshcouncil.org.uk,4
bigwalkandwheel.org.uk,4
esgyrn.ghost.io,4
apw.gov.wales,4
www.welshsaints.ac.uk,4
www.ccskills.org.uk,4
www.livingroom-cardiff.com,4
www.welshwildlife.org,4
www.celfrichardmorganart.com,4
www.wenwales.org.uk,4
www.celfwaith.co.uk,4
www.clecs.co.uk,4
dwpjobs-workcoach-microsite.co.uk,4
www.customchampionsjewelry.com,4
delwedd.co.uk,4
diabetes.cymru,4
1xbets.top,4
dev.nation.cymru,4
dev.iww.org.uk,4
www.kingstreetgallery.co.uk,4
www.yanxachem.com,4
www.ybeudy.com,4
denbighshireschoolmeals.co.uk,4
denbighshiremusic.com,4
www.co2nnect.org,4
domanovic.org,4
dolbenmaen.cymru,4
cy.delicoil.com,4
www.heledd-davies.cymru,4
cy.dasquatools.com,4
cy.dashuostapler.com,4
www.ger-y-ffin.com,4
ysgolbodfeurig.org,4
cy.cnmarlene.com,4
www.healthjobsuk.com,4
cy.cnbesco.net,4
cy.cn-shimge.com,4
cy.citizenship-of-saint-kitts-and-nevis.com,4
cy.chinayuanhua.com,4
www.gigacycle.co.uk,4
www.gigalight.com,4
cy.chinamelamine.com,4
cy.chinallychemical.com,4
cy.chinahosesupply.com,4
cy.chinafoldingtable.com,4
cy.chinadumi.com,4
cy.ebi-china.com,4
cy.eigdayheating.com,4
cy.qfindustrial.com,4
cy.flyingsparkscrafts.com,4
www.foodsociety.wales,4
clwbnofiomeistrisirgar.weebly.com,4
www.hiwti.com,4
www.gdc-uk.org,4
cy.demvox.com,4
www.colorsorter-cn.com,4
cy.dflstones.com,4
www.colwynbayforestschool.co.uk,4
www.wru.co.uk,4
www.colwynchaplaincy.org.uk,4
bestcorfu.com,4
adam-plaidcarmarthenshire.nationbuilder.com,4
www.coneleqd.com,4
www.wwic.wales,4
www.connectedhistories.org,4
www.connectgwent.org.uk,4
dinns.sketchfiles.co.uk,4
www.conwyifanc.com,4
www.coolplaycasino.co.uk,4
digitalskills.uwtsd.ac.uk,4
cilybebyll.net,4
www.xenos.co.uk,4
www.corcanna.com,4
cy.raincoatchina.com,4
www.itecskills.co.uk,4
www.wartimebridgend.com,4
cy.dolphin-emu.org,4
www.gardenethos.co.uk,4
ysgolbrodinefwr.org.uk,4
www.garejarwyn.co.uk,4
cy.dgdongwd.com,4
cy.dgbiga.com,4
www.cartervincent.co.uk,4
cy.composite-china.com,4
fairpayfornursing.cymru,4
cy.winecoffeeme.com,4
cy.rgbglow.com,4
cy.retoolss.com,4
www.digitalmanu.net,4
cy.rcpetfood.com,4
www.dilladtost.com,4
www.iwanbala.com,4
cy.tangagri.com,4
cy.tcmanufacturer.com,4
combitel.cymru,4
www.darrenmillar.cymru,4
cy.winsomtent.com,4
cy.winprt.com,4
www.cymraeg.plantosonline.co.uk,4
cy.trivoshop.com,4
cy.whc2021.wales,4
www.cymru.vlcbt.org.uk,4
cy.welleps.com,4
cy.waverubber.com,4
codipac.blog,4
cy.wall-lux.com,4
www.cyngordyffryntalybont.co.uk,4
cy.vacuumcooler.com,4
www.cyngortrefcaernarfon.llyw.cymru,4
www.cyngortrefrhuthun.gov.uk,4
www.jobtrain.co.uk,4
cy.tspringwater.com,4
www.jamesdaviessawmills.co.uk,4
www.dewis.cymru:443,4
bangoreyecare.com,4
cy.saiyamotor.com,4
cyfraith-hywel.cymru.ac.uk,4
clwydian.pageturn.co.uk,4
www.carmarthenshirechildrenspartnership.org.uk,4
cm-1xbet.icu,4
beaufortresearch.creo.dev,4
www.cymraeg.britishirishcouncil.traveline.cymru,4
cy.wodonplate.com,4
cy.sewingmax.com,4
www.ysgolyfelinheli.org,4
cy.surgespd.com,4
www.ysgolyfenni.co.uk,4
cy.strizkov.apartments,4
www.jlextract.com,4
cy.star-export.com,4
cy.ssdiamondwires.com,4
cy.softshell-clothing.com,4
common-info.org.uk,4
cy.shiningindustry.com,4
bangorpier.org,4
www.denbightowncouncil.gov.uk,4
cy.sensmagnetics.com,4
www.ysgoleifionydd.org,4
cy.semitrailersfactory.com,4
cy.sanjiangbio-tech.com,4
cy.sandarubber.com,4
cy.trustopgarments.com,4
www.denbighshireleisure.co.uk,4
cy.trafficmarkingmachine.com,4
en.shwldimwl.cymru,4
eglwysicyfamodolcymru.wordpress.com,4
www.chinafootmats.com,4
www.church-of-christ.org,4
beta.s4c.cymru,4
www.wisekids.org.uk,4
www.legalneeds.co.uk,4
aradstaging.kutchibok.co.uk,4
www.cipfa.org,4
www.citizensafe.co.uk,4
dynamix.coop,4
www.classcharts.com,4
www.cerddcymru.com,4
www.west-fox.com,4
eisteddfodllandyfaelog.cymru,4
www.llansteffancastle.com,4
www.cardiff-times.co.uk,4
www.llanoverhall.com,4
www.cardiffbus.com,4
ffiwsar.com,4
ffalala.co.uk,4
www.wcva-safeguarding.org.uk,4
www.cardiffldp.co.uk,4
www.carmarthenshirebiodiversity.co.uk,4
cy.topyetlcd.com,4
fastpay-casino.ch,4
fanarlle.org,4
www.chinabosun.com,4
www.liverpool-welsh.co.uk,4
www.cleess.com,4
emyrevans.com,4
cy.tmteck-instruments.com,4
www.dairy.ahdb.org.uk,4
cy.tongbaokarting.com,4
bethespark3000.wales,4
cy.topshineparts.com,4
barnetpepper.co.uk,4
www.danponlaser.com,4
barmouthheritagetrail.org,4
www.cwmtawe.org,4
www.kayswinburne.co.uk,4
elangrug.wordpress.com,4
www.westofwalessmp.org,4
cyngorllanddeiniolen.cymru,4
www.ceredigiontraining.co.uk,4
www.lifcymru.org.uk,4
elvis-veranstaltung.de,4
www.liperlighting.com,4
www.checkyourthinking.org,4
www.lifescienceshubwales.com,4
emaconsultancy.org.uk,4
emausbangor.cymru,4
www.change.org,4
emmareese.blogspot.jp,4
www.checkyourspeed.org.uk,4
act.friendsoftheearth.uk,3
ygg-gwaun-cae-gurwen.j2bloggy.com,3
m.cy.aquartzstone.com,3
cy.kidspicturedictionary.com,3
insidemotion.co.uk,3
maethucymru.secure.conwy.gov.uk,3
maddog2020casting.com,3
lxcentre.co.uk,3
cy.ptbed.com,3
cy.perfectoral.com,3
cy.personalcarefactory.com,3
cat.matchstickcreative.co.uk,3
juliemorgan.purpleandgreen.co.uk,3
llioelena.wordpress.com,3
maecymru.org.uk,3
1xbet-br.top,3
cy.litianmold.com,3
cy.quality-glove.com,3
cy.kl-cast.com,3
mads.org.uk,3
international.cavc.ac.uk,3
itry-snowdonia.com,3
www.timefortwam.uk,3
cy.lisenwpc.com,3
cy.land-top.com,3
cy.qhfoam.com,3
aberteificreadigol.com,3
cy.kylinboardgame.com,3
carnhuanawc.org,3
m4newport.com,3
ipcc.tal.net,3
cy.qichangpack.com,3
www.thunderbird.net,3
aberstoryfestival.wordpress.com,3
maddogcasting.com,3
cy.kinkoumetal.com,3
cy.qingdaomachine.com,3
invertigotheatre.co.uk,3
lloydslist.maritimeintelligence.informa.com,3
orca.cardiff.ac.uk,3
cy.lisaparry.com,3
www.southwalescentralcoroner.co.uk,3
celtiwan.wales,3
www.visitbala.org,3
cy.eleni.cymru,3
cy.ehooarts.org,3
genomics.research.southwales.ac.uk,3
cy.ecohdpe.com,3
orielcoffi.cymru,3
affiliates.globaligaming.com,3
cy.echojuncture.com,3
cy.ebuy7.com,3
ota.bodleian.ox.ac.uk,3
cmwtraining.co.uk,3
www.servervoip.com,3
orca-mwe.cf.ac.uk,3
yfc.wales,3
cy.easohome.com,3
cy.dzhyfitnes.com,3
moodletest.friars.gwynedd.sch.uk,3
cy.thegalleypenarth.co.uk,3
aberystwythbusinessclub.co.uk,3
yes.cymru,3
cy.pntekplast.com,3
cy.limagg.com,3
cy.lijunplywood.com,3
logiunion.com,3
jobs.thirdsector.co.uk,3
cbsatoolshed.org.uk,3
jobs.localgov.co.uk,3
www.swiatksiazki.pl,3
cy.porschetuner.com,3
jobs.aber.ac.uk,3
cy.lemaele.com,3
www.thewi.org.uk,3
job-openings.monster.co.uk,3
companieshouse.blog.gov.uk,3
aberystwyth.gov.uk,3
cy.protech-instruments.com,3
casgliadcelfcymru.com,3
cy.pulisichem.com,3
llanelwy.eglwysyngnghymru.org.uk,3
cy.perfecom.com,3
catalystproject.eu,3
connectgwent.org.uk,3
www.taiyilighting.com,3
cy.online-videos-downloader.com,3
cy.onlyfacadeled.com,3
cy.meto-wiper.com,3
www.thatsthespot.co.uk,3
llanfynydd.net,3
lammas.org.uk,3
llangefnifc.co.uk,3
academicregistry.southwales.ac.uk,3
llangollenpavilion.co.uk,3
kwt.eu.rit.org.uk,3
cy.packingconveyor.com,3
kolorowanka.ovh,3
kodergarten.com,3
www.thebmc.co.uk,3
cy.m-queenpro.com,3
cy.miacreativecorp.com,3
laos.dating,3
llawern.com,3
mail.gnome.org,3
cy.socreatled.com,3
cy.doorcomponent.com,3
hmpparc.co.uk,3
cy.spocketguard.com,3
hivecollaborative.co.uk,3
abergele-towncouncil.co.uk,3
methodsblog.com,3
cy.immi.company,3
copacrib.blogspot.com,3
ymlaenwelsh.com,3
history-arts-wales.org.uk,3
cy.srv-bearing.com,3
www.tsw.co.uk,3
microchip.ch,3
cy.sns1999.com,3
cy.kellymedgroup.com,3
mail.plasheli.org,3
cy.lushengtec.com,3
llanpumsaint.org.uk,3
cy.pdlsignage.com,3
cy.pengweigd.com,3
cy.mindsetmojo.co.uk,3
listserv.unl.edu,3
cy.odin-bicycle.com,3
cy.modularpalletconveyor.com,3
liverpool-welsh.co.uk,3
livingwithoutliveadvent.co.uk,3
www.tas-games.com,3
ljaynature.wordpress.com,3
ljbaileyandsons.wales,3
www.tarianrocu.org.uk,3
cy.modellpilot.eu,3
www.tarandisability.co.uk,3
cy.mjlbodycare.com,3
www.testsealabs.com,3
cy.olanbeads.com,3
lithuanian.dating,3
llanybydder.amdro.org.uk,3
www.termiaduraddysg.cymru,3
cy.motor-component.com,3
cy.haohuimaterials.com,3
cy.mybangni.com,3
llanwrda.org.uk,3
cy.lunachem.com,3
cy.penuelcaerfyrddin.org,3
cy.outilsdecuisine.com,3
katiebarrettphotography.co.uk,3
www.talktobootshearingcare.com,3
cy.mingkebelts.com,3
cy.nassat.com,3
link.bates.edu,3
lgcareerswales.org.uk,3
cy.nbaj-union.com,3
cy.nbcsj-mr.com,3
1xbet-ci.icu,3
lifewithamberlyandjoe.com,3
www.teilo-accounting.co.uk,3
letsgozero.org,3
cy.dragon-snake.com,3
cy.trackerbattery.com,3
owainbebb.cymru,3
cy.cnyjie.com,3
fotioamfory.360.cymru,3
www.venue-elior.co.uk,3
cy.chinabearingball.com,3
www.ysgoldyffrynogwen.org,3
www.velindrefundraising.com,3
www.snowdonpartnership.co.uk,3
mynydd-y-glyn.co.uk,3
cy.tpxbullion.com,3
mywbethel.org,3
www.snowdonia-outdoorfestival.co.uk,3
gwylgerddabergwaun.co.uk,3
nantgaredig.amdro.org.uk,3
www.uhovi.ac.uk,3
gwyldewiaber.wordpress.com,3
nationalparkcity.wales,3
cy.gwennol.shop,3
gwladrugby.com,3
pembrokeshirecoast.org.uk,3
pembrokeshire.online,3
cy.dcnglobal.com,3
pembroke-refinery-cogen.cymru,3
countrylifepromotion.com,3
funeral-notices.co.uk,3
courses.digitalme.wales,3
pcstudents.southwales.ac.uk,3
cy.compraenyiwu.com,3
cy.zszrj45.com,3
cy.zunhaiacrylic.com,3
pdf.to,3
www.walesandco.com,3
freshproductions.co.uk,3
www.ysgolbrodinefwr.org.uk,3
freegirlinparis.wordpress.com,3
peint-o-hanes.cymru,3
peloton.wales,3
pembreycountrypark.com,3
pembreycountrypark.wales,3
www.walescouncilforoutdoorlearning.org,3
gwynedd.biz,3
naturalneighbourhoods.co.uk,3
cy.gtimpexp.com,3
adultlearning.digitalvirtue.net,3
harlech.co.uk,3
cy.heshidapainting.com,3
cy.theshenligroup.com,3
handleyevans.co.uk,3
cy.hengclutch.com,3
cy.hebeiprolinkproducts.com,3
cy.hdhgcast.net,3
www.ysgolpwllcoch.co.uk,3
myemail.constantcontact.com,3
www.tynlon.co.uk,3
cy.tjlenda.com,3
cardiffuniversitypress.org,3
cy.tjmjhsteel.com,3
hafodymor.com,3
cardifftransportservices.co.uk,3
hafanhaf.com,3
yn-dod-o-dexas.blogspot.com,3
mountainsafe.co.uk,3
motoron.cymru,3
harlechleisure.co.uk,3
cy.gopod.cc,3
ndr.cymru,3
nefyn-golf-club.co.uk,3
www.slagremoving.com,3
cy.tx-streetlights.com,3
gweiadur.com,3
neuaddgoffacaerwedros.org,3
neuvoo.co.uk,3
www.ysgolnefyn.org,3
cy.thelodgestaylittle.co.uk,3
1xbet-gh.xyz,3
cy.upvcwindowmachine.com,3
gwilmor.com,3
www.skill.org.uk,3
gwynethlewis.com,3
www.socialenterprise.academy,3
mortgageloanandmortgagerefinance.com,3
patagonia2008.org.uk,3
ysgolbrollifon.cymru,3
cy.dilladarfordirclothing.co.uk,3
giveandletlive.co.uk,3
git.disroot.org,3
cy.x-naturegrass.com,3
cy.xernt.com,3
gillianelisa.co.uk,3
georgiaruth.co.uk,3
www.ysgoldeganwy.co.uk,3
ysgol-llandudoch.co.uk,3
www.vinylpipes.com,3
cy.xinyueflooring.com,3
corybrythoniaid.com,3
ysgol-llanychllwydog.j2bloggy.com,3
cy.xrlbearing.com,3
www.sheepmats.com,3
cy.yangtze-power.com,3
www.viproce.com,3
cy.yestival.cymru,3
costuracoro.es,3
github.com,3
glanconwy.conwy.sch.uk,3
ga-petfoodpartners.co.uk,3
glanmor-hotel.co.uk,3
ganbwyll.org,3
cy.ytopower.com,3
cy.yulindongke.com,3
galwadglyndwr.blogspot.com,3
www.sefcymru.org,3
cy.dgffp2mask.com,3
www.secondhormone.com,3
cy.deyicx.com,3
www.visitprestatyn.com,3
ysgolbrogwaun.com,3
orbitcymru.heiw.wales,3
cy.yiwecnc.com,3
corrhuthun.co.uk,3
www.vercida.com,3
cy.fiber-product.com,3
cy.wootenscaffold.com,3
oncallfire.uk,3
opswise.bangor.ac.uk,3
www.shacmanchina.com,3
onlineplea.cjscp.org.uk,3
parcybont.co.uk,3
chapter.org,3
cym.inittogetherfestival.com,3
cy.chinamedical1.com,3
fill.io,3
fidpress.blogspot.com,3
personaltranscription.rnib.org.uk,3
fideobobdydd.com,3
www.wbc.org.uk,3
cy.chinacoroplast.com,3
fhc.co.uk,3
www.waparts.org.uk,3
forthearts.org.uk,3
fosteringadventures.com,3
penbonthouse.co.uk,3
parish.churchinwales.org.uk,3
www.sea-vital.com,3
www.vpnseguro.com,3
cylchgronaucymru.llgc.org.uk,3
www.yrhwntws.cymru,3
changingmindsproject.org.uk,3
cy.cnlkintl.com,3
ysgolbrogwydir.org,3
cy.deepholemachinery.com,3
cyfeiriadauarsylwadau.beibl.cymru,3
cyfeiriadauchwesiynau.beibl.cymru,3
footballfoyer.com,3
cy.cnplushtoy.com,3
cyfieithuarypryd.cymru,3
ysgoldyffrynnantlle.org,3
www.sankwia.org.uk,3
folkonthefarmfestival.com,3
folkfilms.tv,3
change-address-v5c.service.gov.uk,3
www.walkingwellcarmarthenshire.org.uk,3
cyfoes.cymru,3
ysgolglanadda.org,3
canolfanhermon.org.uk,3
cy.slavdating.com,3
dawnswyrnantgarw.com,3
cy.sksprocket.com,3
ahdb.org.uk,3
eiddo-cyf.cymru,3
david-coin.com,3
cy.after-printing.com,3
egnimynydd.co.uk,3
eglwyswrwheritage.org,3
cy.afkvalves.com,3
ysgolsarnbach.org,3
cy.afcwestwales.co.uk,3
1xbet-tr.icu,3
1884.rkarl.org,3
randalphthewise.com,3
ysgolygorlan.cymru,3
elliebakes.cymru,3
ysgolplasmawr.cymru,3
democracy.anglesey.gov.uk,3
cy.alskardiamond.com,3
pt.sgames.org,3
cy.3sheepgarden.com,3
pysgoty.co.uk,3
cy.baizanpvb.com,3
cy.ah-plant.co.uk,3
en-gb.fievent.com,3
www.yara.my,3
www.westwaleschiropractors.com,3
emynau.org,3
www.westwalescottage.com,3
cy.atpackmachinery.com,3
www.rmt.org,3
recruitment.ceredigion.gov.uk,3
www.westwaleslifeandstyle.co.uk,3
23pheth.wordpress.com,3
en.welshpatagonia.com,3
cwrwllyn.blogspot.com,3
readingagency.org.uk,3
dawnswyrtalog.org.uk,3
www.rhdrivingschool.co.uk,3
ysgoltregarth.org,3
eingwlad.cymru,3
rctbusinessclub.co.uk,3
www.whsi.org.uk,3
www.ygorlan.cymru,3
public.epilepsy-wales.org.uk,3
canicrosscymru.co.uk,3
rgjones-property.co.uk,3
pontyates.org.uk,3
cy.boyuaminoacids.com,3
popethyngymraegs4c.blogspot.com,3
poridrwystori.booktrust.org.uk,3
cy.bottlecapmeta.com,3
portal.zakeke.com,3
revive-heart-of.wales,3
www.ynysmonmind.co.uk,3
www.royalmint.com,3
cryptox.trade,3
eurovisions.bangor.ac.uk,3
cy.cd-ricj.com,3
www.xianglin-plastics.com,3
www.rebuiltchelseapto.com,3
www.young-enterprise.org.uk,3
cy.by-ifeeder.com,3
www.ruperracastle.wales,3
ysgolhafanymor.cymru,3
degwynedd.co.uk,3
elaineowen.cymru,3
cy.alishuws.com,3
rcadc.org,3
publiclawproject.org.uk,3
rcaconwy.org,3
www.winning-pitch.co.uk,3
cy.airwoods.com,3
www.windsolarchina.com,3
www.wrexham2025.com,3
www.youngcarersacademy.org.uk,3
cricciethmemorialhall.com,3
en.xizielevator.com,3
ethos.bl.uk,3
ethicalratingcymru.co.uk,3
ysgolgymunedyfali.co.uk,3
calmview.conwy.gov.uk,3
reesastley.co.uk,3
en.dobsonowen.com,3
www.welshbacchistory.co.uk,3
ffilmic.co.uk,3
www.wzxmart.com,3
ffrancon.info,3
www.wynbishop.com,3
pg-i.bangor.ac.uk,3
www.radyrandmorganstown.org,3
cy.chicominerals.com,3
www.raise-wales.org.uk,3
cymraeg.chargeplacewales.org,3
cymraeg.christmasatbutepark.com,3
cymraegibawb.cymru,3
crwtynrhifnaw.blogspot.com,3
cymraegblog.blogspot.com,3
fanzineynfytyn.wordpress.com,3
doco.design,3
www.wejustcompare.com,3
cy.chechengtools.com,3
docfictoria.co.uk,3
cy.chinabatterysupplier.com,3
46.254.200.236,3
www.yllyfrgellddramau.cymru,3
cy.china-sspm.com,3
plasdolerw.org.uk,3
www.realt5000.com.ua,3
cy.cepaivalves.com,3
zakazsamoleta.com,3
dawnsio.com,3
www.sail.cymru,3
planninginspectorate.wales.gov.uk,3
cronfabensiwnpowys.org,3
cymraeg.cardiffmedicentre.co.uk,3
digital-publishing.southwales.ac.uk,3
physicalliteracy.sportwales.org.uk,3
fdcatering.co.uk,3
fenzin.org,3
cymdeithashanesmechell.co.uk,3
covid19-phwstatement.nhs.wales,3
www.ypantriglas.cymru,3
46.101.80.153,3
faqs.aber.ac.uk,3
www.welsh-lovespoons.co.uk,3
diwylliantconwy.com,3
cymraeg.walesfilmfestival.com,3
emmanuel-llandudno.org,3
www.rmbi.org.uk,3
www.rlpsww.org.uk,3
prsfoundation.com,3
www.ycardibach.cymru,3
cy.anniestela.com,3
prysg.cymru,3
www.research.net,3
www.whc2020.wales,3
24-7-services.cardiffcouncilwebteam.co.uk,3
citb.citizenspace.com,3
cytun.org.uk,3
emporiwmsian.com,3
en.thefreedictionary.com,3
dyffrynclydach.org,3
regionalprint.org.uk,3
en.forum.saysomethingin.com,3
prosiectpleidlais.cymru,3
canadavirtualoffice.com,3
eastgatedental.org.uk,3
fastpay-casino.website,3
discoveruni.org.uk,3
www.rbsic-sisic.com,3
pint-of-history.wales,3
www.wedi7.com,3
cymraeg.m-sar.uk,3
crosstoberwales.org.uk,3
fastpay-casino.me,3
cimera.co.uk,3
earthwise.bgs.ac.uk,3
cierei.bangor.ac.uk,3
drakeed.com,3
plasmawr.cardiff.sch.uk,3
projects.codeclubworld.org,3
recriwtio.cymru,3
www.yingrunmould.com,3
www.report-it.org.uk,3
www.rygbirhuthun.com,3
exploreflintshire.co.uk,3
mentorsme.com,3
marchnadlafurcymraeg.cymru,3
marshelp.heiw.wales,3
www.stradeyparkhotel.com,3
www.stpeters-surgery.co.uk,3
www.tourismpowys.com,3
ilazki.thinkgeek.co.uk,3
mathewmathias.wordpress.com,3
cy.rm-textile.com,3
cy.jlpestsupplies.com,3
iesunickygrist.blogspot.com,3
idp-tell-us-someone-died.dwp.gov.uk,3
meddygfawaunfawr.co.uk,3
cy.jsbenoylab.com,3
insecure.archiveofourown.org,3
www.trehernecaregroup.co.uk,3
hopesiloh.webs.com,3
www.springimpact.org,3
heyevent.uk,3
www.stratosec.com,3
in-tend.cymru,3
hsgroup.bangor.ac.uk,3
www.tpyf-wales.com,3
www.stephenhart.co.uk,3
cy.shoppingdirect24.com,3
cy.sandrotrade.com,3
cy.jiuhehy.com,3
innovateuk.blog.gov.uk,3
cy.qzapex.com,3
aberllwchwr.blogspot.com,3
makemkv.jp,3
cy.jxxlv.com,3
www.study-mandarin.com,3
conwyfloodmap.hrwallingford.co.uk,3
cy.red100-lighting.com,3
incubator.wikimedia.org,3
www.sttysulonline.co.uk,3
cy.jujiesilicone.com,3
cy.juhoele.com,3
cy.jsjoinsteel.com,3
hey-siri.io,3
www.tumewn.co.uk,3
cy.steffanjonesharps.com,3
cy.huayi-group.com,3
celticleisure.org,3
cy.teyeleec.com,3
www.spamdex.org,3
www.treksbunkhouse.co.uk,3
ynnida.com,3
micym.org,3
ymatebc19.cymru,3
ymbarelblog.wordpress.com,3
www.stbenetwelshchurch.org.uk,3
www.triocanig.com,3
www.staybehinds.com,3
homefrontlegacy.org.uk,3
mentalhealthreviewtribunal.gov.wales,3
mentercaerffili.cymru,3
menteriaithbangor.cymru,3
home-presteigne.co.uk,3
acumumbles.com,3
monmouthshirelibraries.wordpress.com,3
1xbet-gh.icu,3
cy.tansoplasticmachinery.com,3
www.springout.org.uk,3
mindaforex.com,3
miraraki.gr,3
cy.huaren-vayu.com,3
cy.htmug.com,3
cy.sulongwood.com,3
cy.hrbulkbag.com,3
cy.howdidido.com,3
henlinellbell.cymru,3
health.research.southwales.ac.uk,3
heleddroberts.co.uk,3
heleddowen.co.uk,3
cy.hishine-led.com,3
cy.szjunankang.com,3
monmouth.gov.uk,3
cy.tailian-fastener.com,3
www.ty-croeso.org.uk,3
www.trearddurcommunitycouncil.co.uk,3
www.stdavidsuniting.org.uk,3
diabeteswales.org.uk,3
cynllunsabothol.org.uk,3
report.gwent.police.uk,3
enfysecology.co.uk,3
repairefficiencywales.co.uk,3
enfys.cymru,3
cleangreenfuture.wales,3
prifddinas-ranbarthcaerdydd.com,3
chwiliadgwaith.direct.gov.uk,3
dwp-benefits-checker.shorthandstories.com,3
dwsolo.com,3
www.ymgryrchislwyn.cymru,3
ysgolieuangwynedd.co.uk,3
pozycjonowanie--tq.blog.pl,3
developer.nhs.wales,3
ernestbevin.london,3
positifgroup.co.uk,3
cyngorrhct.budgetsimulator.com,3
www.welshpremier.co.uk,3
english.taiergroup.com,3
ysgolmaesgarmon.com,3
cy.jc-itech.com,3
cy.benthyg-cymru.org,3
www.rwfmuseum.org.uk,3
cy.cclace.com,3
dolenteifi.org.uk,3
cy.castlevinica.com,3
plwg.cymru,3
dewiwynphotographer.com,3
excelenforcement.co.uk,3
domus-cambria.com,3
www.wrexhamcemetery.co.uk,3
www.ruthindental.com,3
cynwylelfed.amdro.org.uk,3
www.royalmail.com,3
cyngormaentwrog.cymru,3
resources.wjec.co.uk,3
resinput.bangor.ac.uk,3
cultureconnect.wales,3
dvlacodechallenge.dvla.gov.uk,3
www.routes2ride.org.uk,3
www.redcross.org.uk,3
postgradsteps.hefce.ac.uk,3
cyngortrefcaernarfon.llyw.cymru,3
cy.screwjacksj.com,3
cy.sdbstpipe.com,3
cy.jinjufengsteel.com,3
cy.serasongs.com,3
hybcoedwigaeth.co.uk,3
hwb.pentredwr.co.uk,3
www.tradingstandardswales.org.uk,3
www.steveeaves.com,3
huwmeredydd.wordpress.com,3
huwmarshall.com,3
meidrim.org.uk,3
www.transmissiondrive.com,3
www.transportforqualityoflife.com,3
meithrinfaaykroydcreche.co.uk,3
hughwilliamslaw.wixsite.com,3
hughes-isherwood.com,3
meithrinfaogwen.co.uk,3
www.stishmaelscc.org.uk,3
www.stitcher.com,3
www.stiwdiofranwen.co.uk,3
www.welshsports.org.uk,3
cyngortrefcriccieth.org.uk,3
cyngortrefporthmadog.org,3
cyngortrefrhuddlan.wordpress.com,3
eos.cymru,3
droverholidays.com,3
cynhadledd.chcymru.org.uk,3
environmental-biotechnology.bangor.ac.uk,3
dswales.org.uk,3
carlchapple.com,3
entrepreneurship.wales,3
1xbet-sn.xyz,3
constitutionalfutures.aber.ac.uk,3
ffwhrheritageskills.co.uk,3
ygymdeithasefengylaidd.blogspot.com,3
medicpdf.com,3
www.stiwdioun.com,3
www.socme.org,3
legendsofwales.com,3
cy.hanukeii.com,3
tribiwnlysaddysg.llyw.cymru,3
saferinternet.org.uk,3
www.pwllprimary.com,3
welshposters.com,3
www.forgedmoly.com,3
www.fourthirdsrumors.com,3
sendfiles.online,3
semainesgalloises.hautetfort.com,3
welshminimasters.org.uk,3
welshmilk.co.uk,3
www.nesta.org.uk,3
www.harps-in-north-wales.uk,3
www.glynnest.co.uk,3
welshbaroqueorchestra.co.uk,3
caernarfontowncouncil.gov.uk,3
seiriolalliance.co.uk,3
asedion.cymru,3
www.footprintfutures.org.uk,3
tynllan.cymru,3
www.foe.cymru,3
wildlifenews.co.uk,3
typaned.com,3
www.landmarktrust.org.uk,3
www.cofiadurcahcymru.org.uk,3
www.penllyn.com,3
www.brexitforumwales.org,3
www.morganandrichardson.co.uk,3
www.capelywaen.btck.co.uk,3
www.morganjohnrhys.com,3
www.holtop.com,3
widget.unistats.ac.uk,3
amoozeshyek.com,3
whitlandtowncouncil.co.uk,3
whci.cymru,3
www.northwalescancerforum.co.uk,3
westwalesriverstrust.org,3
westminsterinsight.co.uk,3
visitnewcastleemlyn.co.uk,3
www.ncpcvet.com,3
www.pwrpas.com,3
www.prius-automatic.com,3
www.cbcdc.ac.uk,3
www.find-court-tribunal.service.gov.uk,3
www.gomymobi.com,3
www.nobili-interior-design.ro,3
andesceltig.com,3
www.fieldsintrust.org,3
www.fframia.com,3
vikings.dating,3
severnbridge.co.uk,3
www.pysgotaogwenfishing.cymru,3
venuewales.co.uk,3
uat.aquestionofcare.adc.uk.com,3
www.narberthschool.co.uk,3
www.nmc.org.uk,3
seintiaucymru.ac.uk,3
www.giftswithheart.co.uk,3
tudnocastle.consultationonline.co.uk,3
www.ganodermabuy.com,3
tudurowen.co.uk,3
www.oicozy.com,3
www.findmydine.co.uk,3
wojprint.co.uk,3
andersonquigley.com,3
www.ffalabalam.co.uk,3
russellhughes.co.uk,3
www.hangzhou-outdoor.com,3
sewctet.org.uk,3
www.qdxmzt.com,3
vaya-bacchanalia.blogspot.com,3
brobanw.moonfruit.com,3
www.fflach.co.uk,3
wlbp.co.uk,3
wisekids.org.uk,3
rwan.cymru,3
www.gorwel.org,3
trefeca.org.uk,3
vegpower.org.uk,3
wintoflash.com,3
www.novacambria.wales,3
www.holyheadtowncouncil.com,3
bestofchristmasgiftsideas.com,3
www.colegsirbenfro.ac.uk,3
www.lxjkh.com,3
suzydavies.wales,3
www.madog.org,3
www.blaenaugwenthomes.org.uk,3
www.bkciandre.com,3
www.betterlanguages.com,3
www.cvbrowser.com,3
www.panelheddluathroseddudp.cymru,3
www.culture24.org.uk,3
www.bgeffect.com,3
bloganswyddogol.blogspot.jp,3
thefiltereurope.eu,3
www.keithparry.net,3
www.blackhistorymonth.org.uk,3
www.kentepower.com,3
www.crosshandsdental.co.uk,3
www.mapdwr.com,3
bloganswyddogol.blogspot.co.uk,3
www.bilingualism.bangor.ac.uk,3
www.cottages-midwales.co.uk,3
www.bodiareflexology.co.uk,3
swanseacollegeofartsummershows2021.org,3
www.cor-tabernacl-choir.co.uk,3
www.learningandwork.org.uk,3
www.brynsaron.ysgolccc.cymru,3
www.king-pcb.com,3
www.blawgchina.com,3
www.kinshipcareweek.org.uk,3
www.cpel.ac.uk,3
www.cpd-y-felinheli.cymru,3
support.black-boy-inn.com,3
support.vitalsource.com,3
www.coursehero.com,3
www.cranfieldtrust.org,3
surfergrl.co.uk,3
www.corypenrhyn.org,3
www.bluelobster.co.uk,3
thebigscienceproject.com,3
www.kpr-eshop.eu,3
sustainablefarming.co.uk,3
www.manordeilosalemcc.org.uk,3
thecvp.co.uk,3
www.creightonscollection.co.uk,3
blog.wikimedia.org.uk,3
www.learn.cymru,3
www.brynmorfoods.com,3
www.lucyrigg.com,3
swansea-uk.libcal.com,3
swga.org.uk,3
www.coeliac.org.uk,3
www.bowstreetfc.co.uk,3
www.machmaethlon.org,3
www.bragdymona.co.uk,3
www.brecon-hs.powys.sch.uk,3
bestcoffeebeansite.com,3
byyoursideappeal.org,3
www.lake-railway.co.uk,3
www.lamarinafelinheli.com,3
www.codiocymru.co.uk,3
www.comisiwnannibyniaeth.cymru,3
www.brickmachineonline.com,3
www.brynmawrhistoricalsociety.org.uk,3
www.bryngarwhouse.com,3
swpg.co.uk,3
www.lawworks.org.uk,3
www.bigbocsbwyd.co.uk,3
www.cwmtrannon.co.uk,3
besh.bangor.ac.uk,3
www.conservationregister.com,3
www.cnxh-electric.com,3
www.bridgendhousing.co.uk,3
www.law.cardiff.ac.uk,3
www.peniel.amdro.org.uk,3
www.clickonwales.org,3
www.bridgendpathways.co.uk,3
www.broardudwy.church,3
www.lblaw.co.uk,3
swgfl.org.uk,3
thealberthall.co.uk,3
swordstrafficmanagement.co.uk,3
www.clwbrygbillangefni.co.uk,3
brycheiniog.co.uk,3
wciavoices.wordpress.com,3
www.heacademy.ac.uk,3
www.industrywales.com,3
www.gwestycymru.com,3
www.effectushr.com,3
www.in-tend.cymru,3
american.expats.dating,3
www.accesspembrokeshire.co.uk,3
www.eglwysfach.co.uk,3
uk.jora.com,3
ajlostsheepforchrist.blog,3
www.gwefus.com,3
uk.gofundme.com,3
www.aberystwythslsc.org,3
www.electricalsafetyfirst.org.uk,3
www.elinorbennettharp.com,3
www.elinwyn.co.uk,3
www.elunedglyn.com,3
www.orielgarethowen.com,3
www.hafod.org,3
artacrossthecity.com,3
www.quiltfest.org.uk,3
wonkhe.com,3
www.ecostructureproject.eu,3
www.ppu.org.uk,3
sianjames.co.uk,3
www.nwemail.co.uk,3
sialensddarllenyrhaf.org.uk,3
www.3drambery.com,3
transatlantech.com,3
www.mwstwrmerthyr.com,3
www.oakleighschool.co.uk,3
www.emerald.com,3
www.gwarffynnon.co.uk,3
www.gwyneddeconomy.info,3
www.ebcpcw.org.uk,3
www.radio-lists.org.uk,3
www.activemerthyr.co.uk,3
www.gwybodaethgofalplant.cymru,3
www.morrisons.co.uk,3
ukschooljobs.com,3
www.elyandcaerauchildrenscentre.co.uk,3
archivescard.com,3
www.gwenllian.ysgolccc.cymru,3
www.orbitbusinesscentre.co.uk,3
www.fangtongpharm.com,3
urbasba.co.uk,3
wspu.co.uk,3
sgrifo.llgc.org.uk,3
us9.campaign-archive.com,3
ucas.com,3
www.primelocation.com,3
www.priordy.org,3
www.mycarecouncil.org.uk,3
www.horatiosgarden.org.uk,3
www.evansandjones.co.uk,3
arcw.llgc.org.uk,3
www.nspcc.org.uk,3
www.govwire.co.uk,3
www.hootstudios.co.uk,3
shop.bangor.ac.uk,3
www.tywynbaptistchurch.org.uk,3
www.qilu-steel.com,3
us4.campaign-archive.com,3
www.fancyco.com,3
wwcp.org.uk.temp.link,3
www.healthydenbighshire.co.uk,3
www.2010.voa.gov.uk,3
www.123visa.info,3
sgentijob.blogspot.com,3
www.100welshheroes.com,3
wwtss.timetochangewales.org.uk,3
wpptest.dwp.gov.uk,3
www.mythfestwales.co.uk,3
writersguild.org.uk,3
wrexhamsf.com,3
shakyradunn.com,3
www.graen.cymru,3
www.qjfiberglass.com,3
ww.w.welshfootballtrust.org.uk,3
www.fda.org.uk,3
transvision.mozfr.org,3
www.greens-efa.eu,3
undressme.net,3
arfon.com,3
www.proudemployers.org.uk,3
www.hebeipackaging.com,3
wbka.com,3
www.hepcw.ac.uk,3
brymbo-park.co.uk,3
scyc.co.uk,3
www.puronatur.co.uk,3
www.njreborn.com,3
www.pumlumon.org.uk,3
caersalem.fireside.fm,3
www.friendsofcarmarthenshiremuseum.co.uk,3
www.networkrail.co.uk,3
www.nitoyoautoparts.com,3
www.fsb.org.uk,3
www.easter-rising-frongoch.wales,3
www.ftww.co.uk,3
welsh.batsgower.co.uk,3
www.fuelpovertycharterwales.org.uk,3
wastewatersurveillance.com,3
www.gethinjones.com,3
bridgestreet-exchange.com,3
tvconwy.net,3
scp-cy.wikidot.com,3
wcia.org.uk,3
www.gasheaterbbq.com,3
www.ghazalaw.com,3
walesmep.ac.uk,3
wc001.ddtestsite.co.uk,3
www.hengweihoseclamp.com,3
www.prospects.ac.uk,3
twmsioncati.co.uk,3
www.gatenbysanderson.com,3
bryandavies.org.uk,3
www.helpmequit.wales,3
www.gfesport.com,3
www.healthdeo.com,3
caernarfonwalks.com,3
www.olwenthomas.com,3
analytics-eu.clickdimensions.com,3
www.fukangjar.com,3
www.hbygle.com,3
tricostar.com,3
www.onlyfactual.com,3
www.gubtcasting.com,3
www.engagingwales.org,3
www.idiom.cymru,3
www.gstartin.com,3
www.environmentjob.co.uk,3
www.postposmo.com,3
www.aberdaronfarmholidays.co.uk,3
www.organisedkaos.org.uk,3
www.aberconwymind.org.uk,3
understandingwelshplaces.wales,3
www.handsomearts.com,3
www.equaliteas.org.uk,3
backpacker.dating,3
babinogion.co.uk,3
www.aberaeron7s.co.uk,3
www.iamdra.org.uk,3
www.nwrwtp.org,3
bridgend.ac.uk,3
www.gresford.org.uk,3
victimsupportorg-legacy.wejumphigher.co.uk,3
welsh.wn.com,3
www.onlinemadeinchina.com,3
www.galvestoncountyfoodbank.org,3
www.gallu.org.uk,3
sdrj.bank-guiden.biz,3
wearehourglass.org,3
trydancorwen.org.uk,3
www.hcpts-uk.org,3
search.findmypast.com,3
www.governors.cymru,3
welcometoourwoods.org,3
trosiadautwt.co.uk,3
wales.permaculture.org.uk,3
search.yahoo.com,3
wales.furthermaths.org.uk,3
welsh-hungarian.weebly.com,3
www.fyrebox.com,3
arbedambyth.wales,3
www.ieuenctidsirgar.co.uk,3
www.pelicanhealthcare.co.uk,3
www.johnmeirionmorris.org,3
www.arsyllfadysgu.com,3
speroconsulting.com,3
www.cyngortrefcriccieth.org.uk,3
www.plastictooil.net,3
www.artrabbit.com,3
www.cyngorllanwnda.co.uk,3
www.cyngorllangeithocouncil.org.uk,3
www.cyngortrefsancler.co.uk,3
www.bangor1876.com,3
www.cymbrogi.cymru,3
www.cylch.org.uk,3
themummichogblog.com,3
www.justperfectcatering.co.uk,3
www.benarcottages.com,3
www.cy.jinbeiextruder.com,3
www.mathewlloyd.co.uk,3
www.cy.htongsteel.com,3
spdreview.co.uk,3
www.jpsdental.com,3
www.plantasiaswansea.co.uk,3
books.google.com,3
bodnantmedicalcentre.co.uk,3
www.meee.global,3
www.cymdeithasgwenynwyrcymru.co.uk,3
www.meece.org.uk,3
www.medrwnmon.org,3
www.cymdeithasedwardllwyd.org.uk,3
bcu-qi.wixsite.com,3
www.mennaelfyn.co.uk,3
www.asianjobsite.co.uk,3
books.apple.com,3
www.apppicker.com,3
anngriffiths.cf.ac.uk,3
tiporelax.com,3
tinkinswoodarchaeology.wordpress.com,3
www.aradgoch.cymru,3
www.czzhit.com,3
www.playroutes.org.uk,3
www.bescatray.com,3
stopthinkrecycle.wales,3
www.beautme.com,3
www.bestaah.com,3
www.bbc.com.,3
www.cy.yingfengyuan.com,3
www.cy.woodenboxsupplier.com,3
www.juliejamesam.co.uk,3
thepublicinterest.info,3
www.cy.unifonpaper.com,3
blwyddynyngymraeg.wordpress.com,3
bedyddwyrcylchyfrenni.co.uk,3
www.cy.nutravalleybiotech.com,3
www.justbsmokefree.wales,3
www.basw.co.uk,3
www.dance.wales,3
www.aodicharger.com,3
southwales.onlinesurveys.ac.uk,3
www.moelfrerowing.org.uk,3
www.alcoholconcern.org.uk,3
angleseyfarmhouseholiday.com,3
bedwen.com,3
www.bardseyapple.co.uk,3
www.barbaralmatthews.co.uk,3
www.bestpetfilm.com,3
www.cy.eladeanode.com,3
www.bestelectricaladapters.com,3
www.cy.composite-china.com,3
www.cy.cnvimar.com,3
anwadalwch.blogspot.com,3
www.cy.carboxy-methyl-cellulose.com,3
thekickplateproject.weebly.com,3
anturypaleone.wordpress.com,3
www.cyfleoeddgwirioneddol.org.uk,3
www.merthyrleisure.co.uk,3
www.cy.lksteelpipe.com,3
www.mccp.org.uk,3
www.owltail.com,3
www.bangorquakers.org.uk,3
allbeautyone.ru,3
www.cyfrwng.com,3
stakeholders.ofcom.org.uk,3
www.plantduw.com,3
www.introteach.co.uk,3
www.valuation-tribunals-wales.org.uk,3
192-168-8-1.com,3
cobwebs.uk.net,3
oakproject.wixsite.com,3
observatory.ecostructureproject.eu,3
obviousbook.com,3
cy.flyinglighting.com,3
www.siabodhuts.co.uk,3
1xbet-mobil.top,3
odp.org,3
cy.flourishwiremesh.com,3
cy.flexphysios.com,3
www.vedova.net,3
ogharriesfunerals.co.uk,3
cy.fldpos.net,3
cy.wodsee-cctv.com,3
nylo.co.uk,3
cy.weyer-electric.com,3
cocoen.cymru,3
cy.foxijewelry.com,3
www.plasbodfa.com,3
coda.cymru,3
www.llandudnomuseum.co.uk,3
www.socialworkcardiff.co.uk,3
mycardiffnorth.com,3
mycareer.aicpa-cima.com,3
www.solarcentury.com,3
cy.goldenpowerfj.com,3
newmedia.wales,3
colegybala.org,3
goleuaudinas.blogspot.com,3
cy.whsi.org.uk,3
192-168-1-1l.com,3
gogaber.blogspot.com,3
cy.wikiludia.com,3
abbeyshakespeare.co.uk,3
www.ysgolglanymor.org,3
ypodpeth.podbean.com,3
cerrigcamu.uk,3
northwalesfire.gov.wales,3
cy.vannovainternational.com,3
growsocialcapital.org.uk,3
growingsocialventures.org,3
cy.welfine-bearing.com,3
gospellighthouseofprayer.com,3
cy.gatorlaminations.com,3
codio.cymru,3
www.ussconsultation2021.co.uk,3
cy.nasilyazilir.info,3
cy.wonderful-po.com,3
cy.westcountrycasemanagement.com,3
www.silibili.co.uk,3
www.ladyllanover.org.uk,3
beachhutnova.co.uk,3
www.athenatrio.com,3
www.attractionsnorthwales.co.uk,3
www.cymraeg.bwcabus.traveline-cymru.info,3
www.audiencefinder.wales,3
www.melbourneaberaeron.co.uk,3
st-melangell.org.uk,3
nicodafydd.wordpress.com,3
codirto.com,3
cardiff.carpediem.cd,3
cy.gldlit.com,3
cy.venkintools.com,3
news.onr.org.uk,3
cy.glovehat.com,3
www.ysgolgymraegmorswyn.cymru,3
cy.globlefactory.com,3
www.sirhenryjonesmuseum.co.uk,3
advocacyscheme.co.uk,3
newtheatrecardiff.co.uk,3
cy.vivibetterpack.com,3
aecardiffknowledgehub.wales,3
aelwydyrynys.blogspot.com,3
www.siopygloddfa.co.uk,3
gpwclone-cy.apps.data.cymru,3
cy.gigajewe.com,3
gpmgogleddcymru.org.uk,3
www.ysgolgymraegcasnewydd.com,3
www.dragontheatre.co.uk,3
northwaleswingchun.co.uk,3
www.dr-automotive.com,3
www.choosemypcc.org.uk,3
www.chiyeglassbeads.com,3
www.lesleygriffiths.co.uk,3
bethangharad.wordpress.com,3
www.chinaocan.com,3
www.chinacustomparts.com,3
www.china-mould-maker.com,3
tairllan.wordpress.com,3
www.china-hdpepipe.com,3
www.china-dental-laboratory.com,3
www.childrensrightsunit.org.uk,3
www.childrensrightsplanning.wales,3
t2group.co.uk,3
www.parthianbooks.com,3
taaac.llyw.cymru,3
www.libris.nl,3
byddwchyngynghorydd.cymru,3
symposiwm.bangor.ac.uk,3
www.choicehomespembrokeshire.org,3
www.buzzsprout.com,3
byddarcymru.blogspot.com,3
www.penarthacoustic.club,3
www.longs-motor.com,3
www.bwsted.com,3
tafol.co.uk,3
www.likeanegg.com,3
www.london2012.com,3
www.logoslibrary.eu,3
www.cf11fitness.co.uk,3
www.cewales.org.uk,3
blemaergath.blogspot.com,3
taigwynedd.co.uk,3
www.liskandjones.com,3
www.lmw.org.uk,3
betweenthetrees.co.uk,3
arachnepress.com,3
blaenaugwentpsb.org.uk,3
www.chaoyucabinet.com,3
www.chdauk.co.uk,3
www.littlemagictrain.com,3
blaenaugwentlsb.org.uk,3
taithardudwyway.com,3
www.carmarthenshirehalls.org.uk,3
www.celticradio.net,3
www.caerphillychallengeseries.co.uk,3
www.callhelpline.org.uk,3
talgarthmill.com,3
www.calontysul.cymru,3
www.celfcalon.cymru,3
www.cefncaer.com,3
www.ccgc.gov.uk,3
www.campbelltickell.com,3
www.cbtc.co.uk,3
www.patagonia-instrument-project.org.uk,3
www.cambrian-news.co.uk,3
biker.dating,3
www.llandoverymuseum.wales,3
www.castlewales.com,3
www.mkenterprises.co.uk,3
www.castle-hotel-aberaeron.co.uk,3
blackfishengineering.com,3
teires.tth7.co.uk,3
www.leinamlwch.co.uk,3
tarianglyndwr.blogspot.com,3
apprenticeshipwales.co.uk,3
www.llanellirailwaygoodsshedtrust.org.uk,3
www.cariadcarehomes.co.uk,3
www.canolfaniorwerthrowlands.co.uk,3
www.llanfairynneubwll.org,3
www.llanfyllinfestival.org.uk,3
biography.wales,3
tegidjos.wordpress.com,3
www.llanwrtydwalkersarewelcome.com,3
www.cardiffjobs.co.uk,3
www.cardiffguitarfestival.com,3
bitcoinxxo.com,3
www.llansadwrn-wx.info,3
www.llansannan.cymru,3
www.capeljewin.org,3
www.llanwiniocommunitycouncil.co.uk,3
alliedhealthcare.tal.net,3
taylorlopes.com,3
blogcwrw.blogspot.com,3
tosta2016.eu,3
www.dylanthomasboathouse.com,3
www.dyingmatters.org,3
www.mokotechnology.cn,3
cadifon.co.uk,3
balmdinefwr.cymru,3
angharadevans.cymru,3
www.dweudeichdweudpowys.cymru,3
bancffosfelen.amdro.org.uk,3
www.interfaithcouncilwales.cymru,3
cadenzaonline.com,3
bprgwent.cymru,3
www.dt-totalsolutions.com,3
www.dyffryntaf.co.uk,3
www.marieluned.co.uk,3
www.policeconduct.gov.uk,3
www.osaaber.org,3
www.ancientconnections.net,3
brassbands.wales,3
www.aderynprin.co.uk,3
www.deg.wales,3
www.inlinkuk.com,3
www.drjrt.com,3
www.irelandwales.eu,3
www.bestwaterfaucet.com,3
www.dnsinspector.com,3
bangoradda.org,3
www.itecskills.ac.uk,3
www.alorairsolutions.com,3
botwnnog.cymru,3
www.alphagreenvape.com,3
www.minipowerunit.com,3
toot.wales,3
www.diarmuidjohnson.net,3
tools4life.wales,3
www.drmz.co.uk,3
www.airuize.com,3
www.earlyyears.wales,3
www.eagles-meadow.co.uk,3
aldi-ruthin.consultationonline.co.uk,3
bangor.ac.uk,3
www.microlinkpc.com,3
www.alwl.co.uk,3
www.capital-law.co.uk,3
www.developingastudent.com,3
www.mimowork.com,3
www.jaspersparkle.co.uk,3
www.derwband.com,3
www.amthing.com,3
snowsillnutrition.wales,3
www.amgueddfacorwen.org.uk,3
www.amgueddfagorsafborth.co.uk,3
socialcoopforum.wales,3
www.amgylchedd.com,3
www.pointfm.co.uk,3
www.jhasw.com,3
siopindi.cymru,3
tna.europarchive.org,3
www.jhc-nonwoven.com,3
angleseyyurtholidays.co.uk,3
www.alysconran.com,3
www.denbighshiremusic.com,3
www.dathlu.org,3
www.dayforlife.org,3
www.demrhyddsirgar.cymru,3
www.annafreud.org,3
www.jobmove.com,3
www.daviesandlewis.com,3
www.angleseyfoodfestival.com,3
www.annjones.org.uk,3
www.plimsollproductions.com,3
www.dataagored.cymru,3
www.anoeth.demon.co.uk,3
www.darrenmillarac.com,3
southstackheritage.org,3
www.annamcmorrin.co.uk,3
www.jamesbondvideo.com,3
www.denbighgolfclub.wales,3
www.amserisymud.wales,3
www.janedodds.wales,3
purplefishie.wordpress.com,2
cy.alltoplighting.com,2
cy.allwin-tools.com,2
www.grandparentsplus.org.uk,2
cy.alutileacp.com,2
www.rghire.co.uk,2
sgiliauiewrop.cymru,2
www.richardmille.to,2
readtiger.com,2
severnriverstrust.com,2
publicappointments.cabinetoffice.gov.uk,2
radiobronglais.cymru,2
www.rhiannasswing.co.uk,2
www.hanesllandysulhistory.co.uk,2
puk.mpw.cds.co.uk,2
sherunscardiff.org,2
www.greatstraitraftrun.co.uk,2
www.rightmove.co.uk,2
www.green-sea-ssw.co.uk,2
publicservicesstaffcommission.gov.wales,2
sgwrsamgueddfa.eventbritestudio.com,2
pupilvoice.pembsinclusionservice.wales,2
cy.aierbaitavapes.com,2
cy.aiboiler.com,2
www.greencityevents.co.uk,2
sentw.gov.wales,2
ystradmeurig.org.uk,2
racecouncilcymru.org.uk,2
www.rhayader.co.uk,2
www.pro-lighting.com.cn,2
callhelpline.org.uk,2
cy.86ce.com.cn,2
cy.aberystwythprintmakers.org.uk,2
s4science.co.uk,2
www.pyst.cymru,2
www.promoearte.it,2
crynwyrcymru.org.uk,2
crynwyrcanolbarth.cymru,2
www.qbd-group.com,2
s452743659.websitehome.co.uk,2
www.rechchem.com,2
rwcmd.ticketco.events,2
www.rebeccaevansms.com,2
rhowchamseriddo.llyw.cymru,2
www.gwilympricefunerals.co.uk,2
crushtheciaexam.com,2
www.gwobraucyfryngaucymru.co.uk,2
crukgwyneddmonrelay.co.uk,2
cryptocurrency-trade.ws,2
www.samdimade.com,2
schoolcuts.org.uk,2
cwmnimega.com,2
cy.aht-filter.com,2
campaigns.dwp.gov.uk,2
qaa.ac.uk,2
qavs.dcms.gov.uk,2
quakersinwales.org.uk,2
campaigns.cardiff.ac.uk,2
www.greenwoodfamilypark.co.uk,2
www.greengathering.org.uk,2
sewabaloo.com,2
www.rhodrihuwtv.co.uk,2
www.gurfal.com,2
www.fosteringrct.co.uk,2
cambrianmountainholidays.co.uk,2
www.haitianlanterns.com,2
cy.harbwr.org,2
petroc.wordpress.com,2
www.give.net,2
cy.gallfordsealing.com,2
cy.fusencraft.com,2
nlcb.org.uk,2
cy.fullymachinery.com,2
cy.mypvtech.com,2
bususers.org,2
cy.gbl-europe.com,2
www.sioellanrwstshow.co.uk,2
cy.fullux-led.com,2
thecore.wales,2
www.sinschetech.com,2
northernmedia.org,2
northwalescamping.co.uk,2
www.sino-masterbatch.com,2
www.parcmenai.com,2
www.fourthnten.com,2
northwessexdowns.nationalgrid.co.uk,2
nimbledragon.com,2
www.sionwyn7s.co.uk,2
thepensionsregulator.gov.uk,2
newspaperindex.com,2
cy.glitzglitterpowder.com,2
cardiffbuddhistcentre.com,2
sadwrncymdeithasol.cymru,2
cy.glassbottleproducer.com,2
thelowripughfoundation.org.uk,2
ysgoluwchraddcaergybi.cymru,2
caernarfonwalks.co.uk,2
alanatysoncymraeg.moonfruit.com,2
readandwrite.today,2
cricccymru.wordpress.com,2
seafoodacademy.org,2
ysguborbryncaerau.com,2
sea.swan.ac.uk,2
se-assist.co.uk,2
cwmulus.org,2
recruitment.caerphilly.gov.uk,2
recruitment.sportwales.org.uk,2
www.gwaelodygarth.co.uk,2
www.gwaenynog.com,2
register-of-charities.charitycommission.gov.uk,2
se.librarything.com,2
www.gtpcba.com,2
secured.studentfinancewales.co.uk,2
security.research.southwales.ac.uk,2
ysgolwaunfawr.cymru,2
ratrace.com,2
senedd.dialogue-app.com,2
www.gruffrhys.com,2
www.grwparfordirolgorllewincymru.cymru,2
artvend.co.uk,2
seliau.llgc.org.uk,2
cy-simpsons.fandom.com,2
www.gthc.org.uk,2
ysgolyrhendre.cymru,2
www.rethinkrhyl.com,2
seionaberystwyth.cymru,2
cambrianmountains.wixsite.com,2
seingar.co.uk,2
www.gzbson.com,2
specialfinds.com,2
calin.ie,2
www.pluband.com,2
www.harlequin-agency.co.uk,2
cy.capm3.com,2
podfollow.com,2
www.gofair.org,2
www.podiaumonpods.co.uk,2
cy.camei-stationery.com,2
policing-ethnographies.bangor.ac.uk,2
socialdatalab.net,2
cy.bxdfurniture.com,2
canicross-anglesey.co.uk,2
www.gofundme.com,2
www.rustynale.com,2
pobolycwmresidency.com,2
sosllandysul.wordpress.com,2
pobol-y-cwm.fandom.com,2
species.wikimedia.org,2
18digits.com,2
cy.cementchems.com,2
plascadnant.co.uk,2
spacescoop.org,2
plasnant.com,2
cowboisrhosbotwnnog.wordpress.com,2
www.harrisonmachinery.co.uk,2
southwalescommissioner.org.uk,2
cy.ccncmachining.com,2
playespirit.com,2
www.rwfinancialplanning.cymru,2
agm.andrewcusworth.com,2
cy.carolynthomas.wales,2
poetrywales.co.uk,2
www.ruthincivic.org,2
www.pobladocoffi.co.uk,2
www.glampiocowin.cymru,2
cy.chattwenty.com,2
www.sionedterry.com,2
www.gloria.tv,2
www.safewirele.com,2
pi.hanfarm.com,2
stagandhenpartieswales.com,2
cabejobs.co.uk,2
stdavid.org.uk,2
pgsf.bangor.ac.uk,2
www.glam.ac.uk,2
stasis.sunderland.ac.uk,2
www.saludyarn.com,2
stasaph.churchinwales.org.uk,2
www.glamro.gov.uk,2
podknife.com,2
starkava.ua,2
starfamilystudy.yolasite.com,2
www.glanceri.com,2
cy.china-kamed.com,2
phw.nhs.wales,2
staging.maestegtownhall.com,2
canolfanbeaumaris.org.uk,2
www.glantaf.co.uk,2
phylipharries.com,2
shop.ppu.org.uk,2
sport-bets.top,2
planningonline.rctcbc.gov.uk,2
www.gobala.org,2
soundcloud.com,2
www.harrysbistro.com,2
www.qlart.com,2
www.premierinn.com,2
researchwalesconference2020.com,2
arthurrankcentre.org.uk,2
savestwinefrides.co.uk,2
crime.cymru,2
cttcg.gig.cymru,2
ctablog.org,2
www.reddaffodils.co.uk,2
rhianhaf.com,2
www.reluctantordinand.co.uk,2
www.pypedauvagabondi.com,2
rhinospike.com,2
www.qm-magnet.com,2
rsc2016.bangor.ac.uk,2
www.gwyrddni.cymru,2
art.satto.org,2
www.gwylyfflam.com,2
roxethmead.com,2
robatarwyn.co.uk,2
richardhiglett.com,2
www.gwynn.co.uk,2
www.raf.mod.uk,2
robynsowen.co.uk,2
1000world.cn,2
roseatetern.org,2
criwmadog.wordpress.com,2
rodavies.co.uk,2
www.radioamgen.com,2
cajunsdenbo.co.uk,2
zerovalley.com,2
sbe19.wales,2
cam.cymru,2
cuphat.aber.ac.uk,2
www.pwerdypowerhouse.co.uk,2
shop.museum.wales,2
pt-1xbet.xyz,2
www.pulsejetvalve.com,2
sara.ukeas.com,2
revitalise.aber.ac.uk,2
www.puppetsoup.com,2
www.purchasechina.com,2
www.purodeco.com,2
cspowys.budgetsimulator.com,2
sarahuws.wordpress.com,2
www.recyclenow.com,2
www.pvcroofingtile.com,2
saints.wales,2
calonlan2019.com,2
www.gwead.com,2
rhag.cymru,2
caloncreadigol.com,2
rhestrucynnyrch.cymru,2
aim.cymru,2
review.cadwyn.co.uk,2
www.gwenmairi.co.uk,2
sarpa.info,2
cwmnicanna.co.uk,2
schlaf.tk,2
www.gwasgybwthyn.cymru,2
www.protocol.co.uk,2
www.prototype-youde.com,2
cvm.org.uk,2
cardiff.onlinesurveys.ac.uk,2
www.geiriadura.cymru,2
thelittlecheesemonger.co.uk,2
stindx.com,2
supportandprovision.pembsinclusionservice.wales,2
support.tyfucymru.co.uk,2
support.snowdonia-society.org.uk,2
cy.come4buy.com,2
argentinaenglish.blogspot.com,2
www.gen.net.uk,2
www.heartresearchwales.co.uk,2
straentrawmatig.gig.cymru,2
www.gcsephysicsonline.com,2
pendyffryn.lilydewaruile.com,2
www.sbarc.net,2
steyningstrikers.co.uk,2
penybontfawrchoir.org.uk,2
cy.chinashowbull.com,2
cy.chinaokvalve.com,2
penylanpreserves.co.uk,2
peoplepoweredresults.org.uk,2
www.pierhead.org,2
cy.chinawaxstatue.com,2
steemkr.com,2
www.ginormouswebsites.co.uk,2
covid.reciteme.com,2
steakmotionpictures.com,2
petergould.org,2
caban-cyf.org,2
www.gis-inspection.com,2
stdavidsga-cymru.org,2
steddfota.org,2
penuelcaerfyrddin.org,2
ysgolbryngwran.org,2
surveys.powys.gov.uk,2
cy.dakingpearls.com,2
penarthview.co.uk,2
tech-uglerod.org.ua,2
cy.fhdtcable.com,2
cy.fhbolt.com,2
pecynloteri.celf.cymru,2
canolfanorganigcymru.org.uk,2
www.peoplemanagement.co.uk,2
www.peoplepluscymru.co.uk,2
c.excellenceinteaching.co.uk,2
studentmentoring.southwales.ac.uk,2
cy.cnsunbright.com,2
pecf.cymru,2
cy.cnsteel1.com,2
sttydfilshoppingcentre.co.uk,2
penboyr.ysgolccc.cymru,2
www.penpont.com,2
cy.cnspring-tex.com,2
www.geraintianpalmer.org.uk,2
www.geraintjonessolicitors.co.uk,2
www.scarletfever.org,2
sttysulonline.co.uk,2
subsaga.com,2
cy.colmi.com,2
www.geograph.org.uk,2
www.sdcl86.com,2
www.sd-commission.org.uk,2
cy.dclfactory.com,2
svn.visitwales.boxuk.net,2
patrwm.io,2
www.phon.ucl.ac.uk,2
www.peteralan.co.uk,2
newbridgecottages.co.uk,2
story-trails.com,2
www.galltyglyn.com,2
ospreycharging.co.uk,2
ysgolborthygest.cymru,2
tales.as,2
www.hermonglogue.co.uk,2
targetpostgrad.com,2
ons.gov.uk,2
www.hgwebdesignsdev.co.uk,2
www.shiningstar-world.com,2
www.shingfong.com,2
ysbridioniau.co.uk,2
allwalespeople1st.co.uk,2
www.pdsc.org.uk,2
www.funkydragon.org.uk,2
tatu.us,2
www.hesa.ac.uk,2
tattonparkconcerts.com,2
online.carmarthenshire.gov.uk,2
afallonmon.com,2
corwentowncouncil.co.uk,2
cy.everbrightgrouphotels.com,2
www.futurechepstow.co.uk,2
asturiasyngymraeg.blogspot.com,2
www.shengdacom.com,2
tafol.cymru,2
www.penllynarsarnau.co.uk,2
tafodteifi.blogspot.co.uk,2
capelcildwrn.org,2
ysgolgorslas.amdro.org.uk,2
orielgeryfenai.co.uk,2
organisedkaos.org.uk,2
organdonationwales.org,2
stiwdiobox.co.uk,2
www.peterbooks.com,2
www.sas.org.uk,2
www.saradaviesreflexology.co.uk,2
ysgolfelinwnda.cymru,2
www.sapere.org.uk,2
penseiri.kwarchitects.com,2
ysgolffriddyllyn.cymru,2
pentrefieuenctid.cymru,2
stmarysllanelli.amdro.org.uk,2
stmargaretsaspley.co.uk,2
cy.chrisharristheatre.com,2
stiwdiomaelor.wordpress.com,2
www.philreesphotography.co.uk,2
www.hdv-fiber.com,2
talentcyngorgwynedd.com,2
pendyrus.org,2
pethmeddaldirmeddwl.wixsite.com,2
aspired.online,2
www.penlanfawr.com,2
cy.etanggasequipment.com,2
tapemusicandfilm.wixsite.com,2
astudiaethauceltaidd.cymru,2
opendoors.transformativeworks.org,2
cy.engebiotech.com,2
bwthynteyrwyddfa.com,2
talog.wales,2
tara-dew.squarespace.com,2
ysgolbethel.org,2
tirglas.cymru,2
thisismytruthtellmeyours.co.uk,2
neylandnews.org.uk,2
www.otkargo.com,2
www.parkinsons.org.uk,2
nrhenllys.magix.net,2
nrn-lcee.ac.uk,2
nsafd.co.uk,2
athomeinthehills.com,2
www.silicone-wholesale.com,2
nurse-mentors.bangor.ac.uk,2
nusawards.unioncloud.org,2
teulu-cymru.org,2
cy.freechat20.com,2
testeduqas.method4.co.uk,2
yrefengylynolgareth.wordpress.com,2
corporate.postoffice.co.uk,2
www.hilectroforklift.com,2
termiaduraddysg-dev.termau.cymru,2
www.oyeshowcases.com,2
newsandfeaturesonindonesia.blogspot.my,2
www.foodforlife.org.uk,2
www.sitzonechair.com,2
www.snowdonia-attractions.com,2
cy.halupackaging.com,2
audiencegain.net,2
nationalassemblyforwales.wordpress.com,2
nationalbeeunit.com,2
nationtimecymrusydd.wordpress.com,2
cy.guodacycle.com,2
www.orielseren.co.uk,2
nativetrees.org.uk,2
www.oss.org.uk,2
novaramedia.com,2
nova.cymru,2
nythygigfran.blogspot.com,2
teilotrimble.cymru,2
corgodreraran.org.uk,2
thehootstudents.com,2
corgodrergarth.com,2
www.hitachi-hgne-uk-abwr.com,2
www.pamaens.com,2
corhennodiant.cymru,2
www.hiw.org.uk,2
www.sincoherenaesthetics.com,2
www.simonarmitage.com,2
theatrgwaun.com,2
www.partyof.wales,2
www.friendsofceredigionmuseum.com,2
www.highviewhousebarmouth.co.uk,2
www.pathways-training.co.uk,2
obr-bank.ru,2
ogarethhughes.blogspot.co.uk,2
www.shshenyong.com,2
www.highwaynoisebarrier.com,2
www.showmewales.co.uk,2
old.food.gov.uk,2
www.paul-davies.org.uk,2
www.paulajjames.co.uk,2
www.fsf.org,2
technoleg-taliesin.co.uk,2
buzzwales.com,2
www.highlands4you.co.uk,2
ted-jones.blogspot.com,2
telechargerfilm24.com,2
www.othervoices.ie,2
together-for-our-planet.ukcop26.org,2
alugha.com,2
cy.gtmsmart.com,2
www.owainfonwilliams.com,2
thetrial.musictheatrewales.org.uk,2
www.outlookexpresstooutlook.com,2
www.skandavalehospice.org,2
cy.gogogomotor.com,2
www.owl.co.uk,2
businesstimes.xyz,2
www.owlbarnretreat.com,2
www.foodcoopswales.org.uk,2
thesmithy.lacchin.co.uk,2
thermify.cloud,2
atoall.com,2
newdance.org.uk,2
www.focusway-casting.com,2
www.outdoorsradar.com,2
www.fmect.com,2
cy.gpkj.com,2
www.slate-art.com,2
www.slam-media.co.uk,2
timeclam.com,2
www.ourmindsourfuture.uk,2
www.skylarkchemical.com,2
www.focus-world.com,2
buseconlib.wordpress.com,2
network23.org,2
neuaddbroderfel.co.uk,2
thrivingplaces.wales,2
neuroskill.eu,2
thoughtsofrob.com,2
thevcgallery.com,2
www.outsourcingtocostarica.com,2
www.hmd.org.uk,2
traeth-clubhouse.co.uk,2
adt.ac.uk,2
www.oubochem.com,2
www.flintshirewarmemorials.com,2
www.flamebaster.com,2
cy.handheldecgmachine.com,2
www.snowdoniaslatetrail.info,2
transitionnetwork.org,2
adnoddaubont.cymru,2
cords.cymru,2
www.orchardweb.co.uk,2
training.planningaidwales.org.uk,2
trafodiaith.blogspot.com,2
traffic-nova.com,2
www.fishguardmusicfestival.com,2
theyoungcritics.wordpress.com,2
www.fitcare.com,2
mylearningcoach.co.uk,2
www.orielcoffi.cymru,2
mynachcommunity.org.uk,2
www.hockeywales.org.uk,2
myndibobmanfelmyfyriwr.traveline.cymru,2
www.fivesteeltech.com,2
towip.co.uk,2
www.flyingbridgetheatre.co.uk,2
omniglot.com,2
ncphwr.publichealthnetwork.cymru,2
www.slc.co.uk,2
cy.goldvideochat.com,2
sports.mpct.co.uk,2
welsh.staging.gower.apps.awsripple.com,2
sportsline.wales,2
www.employment-studies.co.uk,2
wemadethis.org.uk,2
brogwydyr.cymru,2
cy.liyurubbersole.com,2
www.sz-sinomedevice.com,2
localgiving.org,2
www.swlrf.co.uk,2
wegap.co.uk,2
www.swiss-apteka.com,2
www.swinysteel.com,2
www.ensemblecymru.org.uk,2
www.neurotherapycentre.org,2
longcovidtracker.co.uk,2
yddwylan.ysgolccc.cymru,2
www.idealvpn.com,2
bronllwydfawr.co.uk,2
cy.lideflex.com,2
bronwyddcommunitycouncil.co.uk,2
www.newbridgevisioncentre.com,2
cy.lihuapharma.com,2
localgardener.org,2
www.neuadddwyfor.com,2
baeabertawecic.gig.cymru,2
welshart.net,2
welshacademicalsrugby.net,2
welsh.textilesincere.com,2
www.garethscanlonphotography.co.uk,2
access-to-elected-office-fund.org.uk,2
www.networkrailmediacentre.co.uk,2
castlehotelaberystwyth.co.uk,2
llanon.org.uk,2
welshrugbyblog.co.uk,2
cy.lynhuahoancau.com,2
welshblackcattlesociety.com,2
llanwrtyd.com,2
www.elinangharad.cymru,2
www.elinfflur.co.uk,2
cy.luedingsteel.com,2
www.nellainanban.com,2
llanynys.com,2
cy.lupsona.com,2
welshgamemeat.wales,2
catalog-moto.com,2
www.neodymium--magnet.com,2
cy.longwindgroup.com,2
www.szhaiwang.com,2
welshconnection.wales,2
llawrdyrnudafyddllewelyn.blogspot.com,2
www.illuminetheatre.org,2
cy.lksteelpipe.com,2
welshmountainzoo.org,2
welshnurseryrhymes.wales,2
www.eklight.com,2
www.nbyisure.com,2
llanhall.com,2
llanllwchaearn.org,2
cy.manageyourlanguage.com,2
cy.m.wikisource.org,2
welshmuseumsfederation.org,2
llanllyfni.org.uk,2
welshwish.wwf.org.uk,2
llannon.ysgolccc.cymru,2
www.sy-ledlighting.com,2
www.empowersvs.co.uk,2
conwyanddenbighshirepsb.org.uk,2
welsh.crossfoxes.co.uk,2
1xbet-cameroun.com,2
lighthousesintofuturity.jimdofree.com,2
www.techniquest.org,2
worldskills.petergill.com,2
www.ecomuseumlive.eu,2
www.nabil-ktb.com,2
www.ecoretreats.co.uk,2
www.nace.co.uk,2
broadcastjobs.com,2
www.inductorchina.com,2
ace-training.co.uk,2
wmad.org.uk,2
absc.bangor.ac.uk,2
llanfyllin.org,2
llangadog.com,2
whsi.org.uk,2
wholesale.dwrcymru.com,2
cy.meanlanepvc.com,2
ybedol.ysgolccc.cymru,2
cy.medicalsupplyoutlet.com,2
www.nbhealthtextile.com,2
whatsthepont.blog,2
whatsonwales.co.uk,2
whatsonnorthwales.co.uk,2
www.eisteddfodpowys.co.uk,2
wh.snapsurveys.com,2
llangrannogwelfare.org,2
cy.maxunele.com,2
wicipedia.wordpress.com,2
cathallen.com,2
cy.mrslockout.com,2
wpcs.uk.com,2
womensarchivewales.org,2
cy.lionkingfan.com,2
welsh.changdechem.com,2
llyfrgelloeddconwy.com,2
cy.linghangnoodles.com,2
westwalesdas.org.uk,2
westwalesprostatecancer.org.uk,2
www.eistyfen8.domainnamehere.co.uk,2
www.nbneco.com,2
www.infiniterenewables.com,2
www.infinitecosmos.info,2
woodknowledge.wales,2
woodcraft.org.uk,2
cy.morristravel.co.uk,2
www.nantconwytyres.com,2
cy.msfoam.com,2
www.eddysg.com,2
literary2senseup.blogspot.com,2
wol.jw.org,2
www.indymedia.org.uk,2
cy.montarystone.com,2
wn.com,2
1xbet-brasil.top,2
bagillt.org.uk,2
wordorbit.com,2
www.teachers.org.uk,2
link.liverpool.ac.uk,2
yagym.cymru,2
broadband.pembrokeshire.gov.uk,2
www.steilcyf.com,2
tregarontrotting.com,2
ybedol.amdro.org.uk,2
moodle.creuddyn.conwy.sch.uk,2
careers.bbcstudios.com,2
www.nus.org.uk,2
www.ffynontractors.co.uk,2
tweetolectology.com,2
translatewiki.net,2
www.spdreview.co.uk,2
monswn.co.uk,2
www.hotcourses.ru,2
mwyosgwrsdanylloer.fireside.fm,2
montgomeryshirelabour.org,2
www.odp.org,2
1xbet-apostas.xyz,2
us11.campaign-archive.com,2
us10.campaign-archive.com,2
troi.org,2
mwndo.wordpress.com,2
moldcivicsociety.org.uk,2
cy.honneurtech.com,2
us06web.zoom.us,2
www.hometimefactory.com,2
www.fiddlefestivalofwales.com,2
mobhax.com,2
tregannagin.co.uk,2
www.fernfederation.co.uk,2
moma.machynlleth.org.uk,2
www.horticulturejobs.co.uk,2
mob.indymedia.org.uk,2
www.fflameryri.co.uk,2
mwldan.ticketsolve.com,2
www.southwalescoast.org,2
tryengineering.org,2
tycerdd.org,2
www.honglu-mining.com,2
trelawnydmalevoicechoir.com,2
cy.hbmton.com,2
careershub.bbc.co.uk,2
www.felinwyntplaybarn.com,2
montylitfest.com,2
cy.hbtopasian.com,2
musician.dating,2
www.fireandrescuenorthwales.com,2
cy.ictmachinery.com,2
www.hondeebeauty.com,2
adlib.cymru,2
ynysmonit.co.uk,2
www.hrgo.co.uk,2
cy.hzkbearings.com,2
cy.ioanrees.com,2
meurigparri.cymru,2
aviobilet.com,2
cy.heypack.com,2
cy.hbwarmhome.com,2
meurig.cymru,2
truesearch.info,2
urdd.org,2
ymarferiadur.net,2
www.stdavidsday.org,2
trawsfynydd.com,2
www.holywellleisurecentre.com,2
cy.hppr29.org,2
addysgbyd.bangor.ac.uk,2
twtstywi.co.uk,2
cy.hengyuflex.com,2
cookincastlewales.co.uk,2
trendingatoz.com,2
americanwr.wordpress.com,2
tumewn.co.uk,2
www.homewin88.com,2
cy.hqguardrail.com,2
tumble.amdro.org.uk,2
www.findaspring.com,2
www.fforwmservices.com,2
bulkeleydiaries.bangor.ac.uk,2
melynmon.com,2
uk.unawe.org,2
www.fdfscotland.org.uk,2
www.farmergroupdiscussionwales.org,2
moodle.glyndwr.ac.uk,2
morfa.blogspot.com,2
ultras.wales,2
tyddynsachau.co.uk,2
tyddynsianel.co.uk,2
www.nwfpa.cymru,2
cy.heatpump-osb.com,2
monmouthshire.planning-register.co.uk,2
ynyshywel.co.uk,2
ucmcymrucynhadledd.nusconnect.org.uk,2
www.ogwenmountaineeringfestival.co.uk,2
cy.hemgrinder.com,2
www.fetboards.com,2
ynyrardd.wordpress.com,2
tuftythecat.blogspot.com,2
buddyapp.monmouthshire.gov.uk,2
cy.hipromos.com,2
www.homesearchcaerphilly.org,2
ambersundergradblog.wordpress.com,2
menteryplu.cymru,2
american-interior.com,2
tysiamas.cymru,2
minerssite.wordpress.com,2
ynnisirgar.org,2
www.nwimf.com,2
meteodb.com,2
www.ferrysidevillageforum.org.uk,2
careers.gwent.police.uk,2
u2b.com,2
www.nwlrf.org.uk,2
cy.huidalab.com,2
www.hotcourses.co.id,2
www.opalexplorenature.org,2
www.spreaker.com,2
tsdlrc.blogspot.com,2
truths.mentalhealth-uk.org,2
mothscount.org,2
middlelanesurgery.co.uk,2
www.ooklnet.com,2
ameblo.jp,2
www.oerwales.ac.uk,2
awdl.blogspot.com,2
www.nwpolfed.org,2
trefriw.253n.org,2
www.nwwindfarmsconnection.co.uk,2
buenosairesenglish.blogspot.com,2
uknqt.ukri.org,2
cy.hhzylhardware.com,2
www.southwalespoliceauthority.org.uk,2
contact.cps.gov.uk,2
wjmf.co.uk,2
plaid4maldwyn.blogspot.com,2
www.rotary-ribi.org,2
translate.wordpress.com,2
www.wynneconstruction.co.uk,2
www.optimwm.co.uk,2
cy.blastany.com,2
powys.maethucymru.llyw.cymru,2
www.poridrwystori.org.uk,2
powys.moderngov.co.uk,2
www.porousfabric.com,2
cy.beta.ons.gov.uk,2
100.urdd.cymru,2
powerintheland.co.uk,2
skillssurvey.co.uk,2
skillsetacademiplus.org,2
skilledupforthefuture.com,2
caneuon.trac.cymru,2
sjmg.me,2
cy.bestgymfitness1.com,2
www.rosecottagedutlas.com,2
cy.bestarmetals.com,2
powys6.cymru,2
premier-dream.com,2
slideread.com,2
www.golwg360.com,2
pontyclercfarmhouse.co.uk,2
pontygof.cymru,2
cy.brosis-rendering.com,2
popethcymraeg.com,2
www.goldenhugeline.com,2
www.rtpi.org.uk,2
www.eryr.cymru,2
www.supplychainschool.co.uk,2
www.nfcchem.com,2
walescareawards.co.uk,2
www.estynllaw.org,2
www.eternal-friendship.com,2
translate.wordpress.org,2
www.etholiad.cymru,2
madeinlefkas.com,2
cy.kidcare4u.co.uk,2
magyarcymru.home.blog,2
mail.klepdimtrep.com,2
wales.com,2
cy.kaishungarments.com,2
bryntawe.swansea.sch.uk,2
wales.brynichcottages.co.uk,2
www.sugarlove.one,2
walescoast2coastcymru.blogspot.com,2
walesinlondon.com,2
www.supplierchampion.wales,2
m.cy.odin-bicycle.com,2
anarchistaction.net,2
walesstudentmarket.co.uk,2
www.ianlucas.co.uk,2
www.newydd.cymru,2
m.cy.shengfaprotectivefilm.com,2
cy.kx-hardware.com,2
www.susanelanjones.co.uk,2
carmarthenshirehistorian.org,2
m.wikidata.org,2
cy.koppalive.com,2
cy.koopokids.com,2
snowdon.live,2
snau.com.ua,2
madnessofnorthwales.com,2
cy.bnrwatersport.com,2
www.portmeiriononline.co.uk,2
siop.urdd.cymru,2
cy.barmouthholiday.wales,2
candidates.perrettlaver.com,2
primotaxi.nl,2
princessgwenllian.co.uk,2
printanddesign.southwales.ac.uk,2
ysgolnebo.cymru,2
siop.aradgoch.cymru,2
siop.amgueddfa.cymru,2
www.gorslascommunitycouncil.co.uk,2
creatinganswers.co.uk,2
canadian.dating,2
ysgolpadarnsant.weebly.com,2
professorpoeta.com.br,2
ysgolhafodlon.co.uk,2
pont-mbale.org.uk,2
ysgolhafanymor.ysgolccc.cymru,2
www.ruk-tech.com,2
st-josephs-catholic-infant-school1.j2bloggy.com,2
www.plascadnantgardens.co.uk,2
picdeer.com,2
sscecymru.co.uk,2
cy.chengyecorp.com,2
pilipalatravel.wordpress.com,2
www.saidaglass.com,2
picamix.blogspot.com,2
pitianpatian.com,2
cy.chemicalequationbalance.com,2
siopinc.com,2
preview.thecambrianline.co.uk,2
cadwaladrwoodlandproducts.co.uk,2
signandshare.org.uk,2
www.hardingevans.com,2
porthteigr.com,2
www.golffbala.co.uk,2
www.routetoyourroots.co.uk,2
postcodefinder.postoffice.co.uk,2
www.pontypriddtowncouncil.org.uk,2
snaptubepc.org,2
cy.belongear.com,2
www.rongtaifurnace.com,2
sirbenfro.maethucymru.llyw.cymru,2
ysgolpentraeth.cymru,2
siloh.co.uk,2
creativeskillset.org,2
projectthirteen.cymru,2
www.roadragon.com,2
alayland.uk,2
siddi.bandcamp.com,2
www.poweredbypaf.com,2
cy.anwalte.online,2
prostatecanceruk.org,2
cams.bangor.ac.uk,2
www.gradwales.com,2
cy.annecymed.com,2
cy.annecyclothing.com,2
www.grahamedavies.com,2
www.risenltd.com,2
propurchaser.com,2
creativefutures.glyndwr.ac.uk,2
analoguewebportal.com,2
m.cy.nz-diamondtools.com,2
www.cooling-fan.com,2
www.ntgaoya.com,2
www.strongertogetherbridgend.co.uk,2
www.eventsinuk.net,2
www.eventbrite.ie,2
www.eurodesk.org.uk,2
makemusicday.co.uk,2
malanwilkinson.blog,2
www.hwylevents.wales,2
cy.jydbuildingmaterials.com,2
carmarthencivicsociety.co.uk,2
manitobawelshsociety.ca,2
manonawst.com,2
www.studiolleucu.co.uk,2
www.nocn.org.uk,2
www.sts-holidays.co.uk,2
analog.newydd.net,2
mappa-mundi.org.uk,2
volunteer.parkrun.com,2
yglerorfa.com,2
mcscovid19.com,2
wales-rfca.org,2
cy.joborn-machinery.com,2
btp.tal.net,2
www.nrn-lcee.ac.uk,2
www.htwindsolarpower.com,2
valleyskids.org,2
www.eyeofthestormmusical.co.uk,2
awen-libraries.com,2
cy.jimmytoy.com,2
www.stills.co.uk,2
cy.joineonlux.com,2
www.storibeers.wales,2
www.evoluzioneclima.it,2
littlelounge.org,2
livingroom-cardiff.com,2
www.nationalcrimeagency.gov.uk,2
llanbadrigcommunitycouncil.co.uk,2
llanbedr.com,2
www.edwardrhysharry.com,2
cy.mingdametals.com,2
www.talyllychau.amdro.org.uk,2
llandre.org.uk,2
cy.micentech.com,2
llandwrog.org,2
llandysul-plogoneg.com,2
llandysulchildminders.co.uk,2
www.eglwysbach.org.uk,2
www.swanseasocialistparty.org.uk,2
www.storiesmatter.co.uk,2
www.enwda.cymru,2
wearehourglass.cymru,2
www.streetlink.org.uk,2
marialalic.co.uk,2
www.evergreater.com,2
www.huwirranca-davies.org.uk,2
www.strawberryskysyurts.co.uk,2
markybanwen.wixsite.com,2
cy.jrnvisuals.co.uk,2
martin-eaglestone.blogspot.com,2
action.mind.org.uk,2
masmodels.biz,2
vintagegreencohousing.org.uk,2
v6-5admin.visionict.com,2
cy.jiatiantex.com,2
walks.conwyvalleyrailway.co.uk,2
meilyrwyn.com,2
m.cnuhair.com,2
www.ercolanimontepulciano.it,2
m.cy.df-emergency.com,2
yffenastgron.wordpress.com,2
www.sustainweb.org,2
wanttattoo.com,2
m.cy.hxycoutdoor.com,2
www.newstatesman.com,2
yfelin.amdro.org.uk,2
casgliad.cymru,2
contosdesacanagem.com.br,2
www.epyntholidays.co.uk,2
lovingwelshfood.uk,2
wearecardiff.co.uk,2
wearablesmartdevice.com,2
www.swanseamad.com,2
lowrimairharpist.wales,2
yellow.place,2
lowrimorgan.weebly.com,2
wcva-cru.org.uk,2
wcsfb.squarespace.com,2
lskip.cymru,2
www.newport.ac.uk,2
www.swanseabayfestival.co.uk,2
www.swanseabaycityregion.com,2
wbbanlv.com,2
www.swanseabay4watersports.com,2
carreghirfaen.ysgolccc.cymru,2
www.nicotravel.co.uk,2
wastesavers.co.uk,2
cy.langxuhb.com,2
www.equity.org.uk,2
www.hubcymru.org,2
uso.southwales.ac.uk,2
www.nursingtimesjobs.com,2
cy.jhymachinery.com,2
meifod.powys.sch.uk,2
vark-learn.com,2
medievalswansea.ac.uk,2
medievalparksgardensanddesignedlandscapes.wordpress.com,2
carmarthen-breakthro.co.uk,2
action.sheltercymru.org.uk,2
btpa.police.uk,2
www.hubcymruafrica.cymru,2
victimhelpcentrenorthwales.org.uk,2
media.btp.police.uk,2
media.eol.org,2
www.icerecruit.com,2
www.hubbub.org.uk,2
media.research.southwales.ac.uk,2
www.stjosephsprm.cardiff.sch.uk,2
www.experiencewalesinvenice.org,2
vehicleenquiry.service.gov.uk,2
www.novainnovation.com,2
vdocuments.mx,2
videochatrooms.biz,2
cariadcarehomes.co.uk,2
www.hwylus.cymru,2
mairtomosifans.com,2
acnew.org.uk,2
waterfront.eventscase.com,2
www.hendy.amdro.org.uk,2
cy.chargersupplierss.com,2
www.henaduriaetharfon.org,2
archive.rhondda-cynon-taf.gov.uk,2
www.disability-sport-wales.org,2
www.6thtrail.co.uk,2
discovercarmarthenshire.com,2
www.dirtisgoodproject.com,2
www.direct.gov.uk,2
discover.libraryhub.jisc.ac.uk,2
laugharne.carmarthenshire-towns.info,2
www.thegazette.co.uk,2
www.moderatebutpassionate.com,2
www.lawyerpersonal.net,2
www.thelcswansea.com,2
www.mookidstoy.com,2
computers-tech.global-article.ws,2
cy.plegadorasandcizallas.net,2
www.wrexhamafc.co.uk,2
www.theatredanycoed.com,2
cy.ourcoastandseas.wales,2
cy.pokermgmt.com,2
www.dragondi.co.uk,2
www.zt-optical-lens.com,2
www.coedyddraig.cymru,2
cigeidionmynyddoeddcambrian.co.uk,2
dicmortimer.com,2
cy.ponoplastics.com,2
johnbright.uk,2
www.theatrcolwyn.co.uk,2
www.dpfutures.org.uk,2
www.thereader.org.uk,2
archive.learningandwork.org.uk,2
www.tomparry.info,2
www.inspectionwales.com,2
cy.yixun-machine.com,2
www.clonc.btck.co.uk,2
www.xheatpress.com,2
arbrofion.gwyddoniaeth.cymru,2
cazbahblog.co.uk,2
www.clera.org,2
www.corcf1.com,2
www.dinsenmetal.com,2
chwarel.tv,2
cy.rainpootech.com,2
cy.rattan-outdoorfurniture.com,2
cy.rdchain.com,2
discover.hsp.org,2
disposableeverything.com,2
dvlaregistrations.dvla.gov.uk,2
www.insharevape.com,2
dev.blascymru.com,2
cy.qijione.com,2
www.worldalternativegames.co.uk,2
www.alunyrarth.cymru,2
www.leader-w.com,2
www.clwbcymric.cymru,2
interracial.dating,2
internationalsocialistleague.org,2
digido.org.uk,2
www.clwb.net,2
www.alzheimersresearchuk.org,2
cy.qqglassware.com,2
www.tgmark.net,2
angleseywritingfestival.co.uk,2
karinmear.com,2
doodlydog.cymru,2
abiec.co.uk,2
www.zonelenviro.com,2
www.advance-he.ac.uk,2
www.cnranpu.com,2
www.km-medicine.com,2
www.ioanrees.com,2
www.thinkuknow.co.uk,2
www.thebigskill.com,2
www.monacoatings.wales,2
wwwnews.live.bbc.co.uk,2
dppukltd.com,2
dppweb.azurewebsites.net,2
cigoenmynyddoeddcambrian.co.uk,2
www.covnavalve.com,2
www.airshaft-china.com,2
bestofwales.co.uk,2
www.zhengmaoelec.com,2
cy.orientmedicare.com,2
www.thomasroberts.cymru,2
jbp.cymru,2
dragonfall.co.uk,2
www.act-motor.com,2
www.the-lc.co.uk,2
www.dyfievents.com,2
jardinenorton.com,2
janehutt.wales,2
www.aiweidylight.com,2
www.ajr-accountancy.co.uk,2
cy.oreelaser.net,2
www.kobo.com,2
www.akstagelight.com,2
www.dyffrynaeron.org,2
cy.pipefittingtech.com,2
brazilian.dating,2
documents.tips,2
www.adamprice.cymru,2
www.xsxlightfactory.com,2
www.thesolcinema.org,2
cy.planartech.co.uk,2
www.thespace.org,2
kyffin100.cymru,2
www.comfortebicycle.com,2
cy.pettadore.nl,2
www.thegoatinn.org,2
www.theguardian.com,2
www.thehafren.co.uk,2
justanotherweek.blogspot.com,2
jummamubarak.info,2
archive.rctcbc.gov.uk,2
www.countypress.co.uk,2
wwwcymraegbasingstoke.blogspot.com,2
www.theheritagealliance.org.uk,2
konknni.com,2
juliemorgan.wales,2
kontax.com,2
www.abergellipower.co.uk,2
www.thegalleypenarth.co.uk,2
donau-grundel-schiff.de,2
www.drickinstruments.com,2
juliemorgan.org.uk,2
besttimeto.net,2
www8.open.ac.uk,2
judicialappointments.gov.uk,2
www.thebigcwtch.com,2
anffrwythlondeb.blogspot.com,2
www.zbkmedical.com,2
inquiry-hub.net,2
www.worldrowingcoastals2022.org,2
www.cathedral64.com,2
www.kangton.com,2
www.welshgigs.com,2
cy.xx-sport.com,2
gglyn.tripod.com,2
ewrolingo.co.uk,2
eurasian.dating,2
ggd-caerdydd.info,2
www.business-live.co.uk,2
www.welshconservatives.com,2
www.lostconnectionsart.co.uk,2
get-duplicate-vehicle-log-book.service.gov.uk,2
cy.yingyeemachinery.com,2
www.cascadedancetheatre.co.uk,2
events.csuproductions.com,2
www.butterflyvalve-mfg.com,2
cymruchwareus.org,2
ewf.companieshouse.gov.uk,2
www.cartreficroeso.cymru,2
www.cy.baojicuclad.com,2
geocachingwales.com,2
www.cy.aollasercnc.es,2
www.lewisprinters.co.uk,2
ffrwythauallysiau.cymru,2
cy.rds-lighting.com,2
dnstest.planninginspectorate.gov.uk,2
www.discoveruni.gov.uk,2
www.cm905.com,2
www.communist-party.org.uk,2
estynllaw.cymru,2
giglist.com,2
gijonmotoweekend.com,2
garicgymro.wordpress.com,2
www.carnostation.org.uk,2
gelertbehaviour.co.uk,2
cy.ykalloy.com,2
www.longwood-lampeter.org.uk,2
gdsugarcraft.wordpress.com,2
www.loisgwenllian.cymru,2
gcac.me.uk,2
gb.reklamwebben.com,2
www.byw-bod.cymru,2
cy.yourweavers.com,2
www.jsjlmachinery.com,2
gartholwg.org,2
cymru.us19.list-manage.com,2
www.caban-cyf.org,2
www.villasintuscany.info,2
www.cabceredigion.org,2
garethleaman.com,2
www.cacino.co.uk,2
garethglyn.info,2
1xbet-mobil.xyz,2
www.cadnantplanning.co.uk,2
cletwr.tth7.co.uk,2
www.cartrefi-pinnacle.co.uk,2
www.bt.com,2
beca-tv.com,2
cy.xcmgspares.com,2
cyngor-tregaron-council.org.uk,2
www.cathywoodpsychology.cymru,2
djqo.bank-guiden.biz,2
www.itcarlow.ie,2
dev-help-docs.blackboard.com,2
www.tjdaviesandson.com,2
www.alizarinchina.com,2
www.mkact.com,2
www.tiddlywinkscyf.org,2
www.tilhill.com,2
www.mit-ivy.com,2
www.cn-jiaye.com,2
ccllandysulcc.cymru,2
ispyoo.com,2
www.inspiringskills.wales,2
www.divest.org.uk,2
karatecymru.com,2
cy.pyheavyindustry.com,2
cy.qd-as-paint.com,2
cy.qdnapgroup.com,2
www.worstanimereviews.com,2
www.tianseoffice.com,2
archaeoleg.org.uk,2
www.dylanstours.cymru,2
www.amcbox.com,2
www.thebridgemps.org.uk,2
www.americasportsfloor.com,2
www.mijmoj.co.uk,2
www.colegyrannibynwyr.cymru,2
2020.bigpedal.org.uk,2
borthlas.blogspot.com,2
www.kreston.com,2
www.tonnau.cymru,2
www.dryingfree.com,2
www.clickfor.net,2
www.wpcline.com,2
cy.opiexpos.com,2
bestforwest.blogspot.com,2
www.clwstwr.org.uk,2
www.tjtgsteel.com,2
www.discoverdolgellau.com,2
www.mintysgigguide.co.uk,2
www.aberth.com,2
bangor.onlinesurveys.ac.uk,2
www.mutongplay.com,2
www.altorsecurity.com,2
www.mutualgain.org,2
www.discovercriccieth.co.uk,2
iphone.apkpure.com,2
www.kpa-fiber-optic.com,2
ipcb.net,2
www.aluminum-supply.com,2
www.cormeibiondinasbangor.org,2
www.wpl.cymru,2
www.cpe-wales.org,2
www.thefosteringnetwork.org.uk,2
www.almeltchina.com,2
www.zengrit.com,2
iristech.co,2
www.ism.org,2
www.dmdryer.com,2
www.modelarskiswiat.pl,2
jabberwithjess.com,2
www.zetarindustry.com,2
iweb.itouchvision.com,2
www.wrap.org.uk,2
www.tshirtpressmachine.com,2
connect.wrexham.gov.uk,2
www.wrdtubemill.com,2
cy.prisesbio.com,2
inc-cyf.com,2
www.wwibearing.com,2
www.mx-paper.com,2
ce0091li.webitrent.com,2
e-activist.com,2
www.mi5.gov.uk,2
www.jamescyf.co.uk,2
www.lampetermusicclub.co.uk,2
cy.rikolite.com,2
www.toriaidsirgar.com,2
dylanwad.co.uk,2
dyfedroadsurgery.co.uk,2
cy.readfreecomics.com,2
info.cduarlein.cymru,2
www.msantenna.com,2
www.topjoyspcfloor.com,2
disabilitysportwales.com,2
www.yyxlong.com,2
www.dictionaryportal.eu,2
www.acen.co.uk,2
bestiadn.com,2
dyfodol.chwaraeon.cymru,2
www.colorappearancemodels.com,2
213.210.8.20,2
www.dynamix.ltd.uk,2
incubator.m.wikimedia.org,2
cdsmteamblog.co.uk,2
incoso.wikidot.com,2
digilibraries.com,2
www.torchtheatre.co.uk,2
learn-kit.com,2
desdelguinardo.wordpress.com,2
www.xcelprojectcymru.co.uk,2
echomusicecho.com,2
wru.wales,2
home.btconnect.com,2
www.wyevalleyriverfestival.co.uk,2
cy.patagoniakitchen.co.uk,2
www.aspirationtraining.com,2
diogeldweud.cymru,2
home-automation.ehouse.pro,2
dawnswyrdelyn.org.uk,2
www.assemblingnewtown.org,2
holyheadempire.co.uk,2
www.assemblywales.org,2
www.andrewdbird.com,2
cy.seatchairshop.com,2
www.dysguargyferbyw.org,2
ce0082li.webitrent.com,2
www.angleseylabour.co.uk,2
kefalonia.mobi,2
cy.reyoungcosmetic.com,2
www.angleseywatersport.com,2
ldbc.gov.wales,2
imap1.carmarthenharriers.co.uk,2
www.anglicannews.org,2
cy.office.org,2
community.jisc.ac.uk,2
www.dyslexia.bangor.ac.uk,2
cy.richengmed.com,2
www.ankepacking.com,2
www.mrproducer.co.uk,2
www.class.cymru,2
arcenterprises.co.uk,2
www.ygbm.cymru,2
www.clarencehallcrickhowell.org.uk,2
ils.wales,2
www.apolomed.com,2
www.mesen-cymru.com,2
bangoreye.co.uk,2
www.ledialighting.com,2
abergelepost.com,2
archive.gdc-uk.org,2
cy.sailing-club.org,2
ifightlions.com,2
www.218events.co.uk,2
learn.citb.co.uk,2
iconewsblog.org.uk,2
www.tpr.gov.uk,2
www.cityandguilds.com,2
ifanmj.blogspot.co.uk,2
directory.place,2
learn.g2gcommunities.org,2
www.leeforllanelli.wales,2
learning-ks2.beacons-npa.gov.uk,2
archive.cynnalcymru.com,2
eastn-cardiff.uk,2
idam-web-public.aat.platform.hmcts.net,2
www.met.police.uk,2
learning.cat.org.uk,2
www.creapublicidadonline.com,2
www.ybont.org,2
www.terrynorm.ic24.net,2
www.yxmembrane.com,2
www.sejoygroup.com,2
www.yudaele.com,2
1xbet-cm.xyz,2
cavrpb.org,2
www.cips.org,2
www.angleseyfarmersmarket.co.uk,2
aberglasney.org,2
dyscovery.southwales.ac.uk,2
www.legalombudsman.org.uk,2
www.mrphormula.com,2
www.methodist.org.uk,2
cy.savgood.com,2
learningdisabilities.org.uk,2
www.dtawales.org.uk,2
www.mycyberpals.com,2
www.myddfai.org,2
ibsim.co.uk,2
ibfem.co.uk,2
www.coracle.eu.com,2
dogsto.de,2
www.termiaduraddysg.org,2
www.aberystwythfarmersmarket.co.uk,2
www.ycyrffgroupie.co.uk,2
www.yu-hp.com,2
www.wxjianeng.com,2
learntogethercymru.org.uk,2
denbighddms.wisshost.net,2
keithdavies.org.uk,2
cispmultimedia.co.uk,2
anngriffiths.caerdydd.ac.uk,2
iamyemen.com,2
www.jbpcba.com.cn,2
www.trailffest.co.uk,2
efcw1.blogspot.co.uk,2
cy.sjltrade.com,2
www.aedisduct.com,2
www.creigiau23.org.uk,2
www.easemon.com,2
www.conssincorp.com,2
aradconsulting.com,2
www.consularassociationinwales.org.uk,2
leightonandrews.blogspot.com,2
cy.ncglobe.com,2
www.kfprinting.com,2
www.christinekinsey.com,2
books.google.co.uk,2
www.thebridgealternativeprovision.cymru,2
hub.newportlive.co.uk,2
cy.sh-syvalve.com,2
educators.wales,2
www.eastrhylcoast.co.uk,2
www.denbighshireenrichment.com,2
letr.org.uk,2
www.jhcooling.com,2
edwardsofconwy.co.uk,2
www.tregwernin.com,2
www.eastrongled.com,2
www.lenaglasspackaging.com,2
bahaiprayers.net,2
www.denbighgolfclub.co.uk,2
www.mentorsme.com,2
www.arloesimon.cymru,2
hyderus.com,2
www.thecrayonbug.com,2
www.inlary.com,2
www.menywodarhyfel.cymru,2
www.mentorsme.co.uk,2
legalservicesboard.org.uk,2
www.xcelfurniture.co.uk,2
www.zjnbzy.com,2
www.cobseo.org.uk,2
www.dominicwrightkitchens.com,2
www.wrendaledesigns.co.uk,2
www.aerovtech.com,2
dewi-prysthomas.org,2
www.afcwestwales.co.uk,2
www.afinebeginning.com,2
www.inter.rs,2
www.dolwyddelancc.org.uk,2
www.dolgellaunursery.co.uk,2
www.ageconnectscardiff.org.uk,2
download.cnet.com,2
downloadbee.com,2
catrinedwards.weebly.com,2
www.aroma-diffusers.com,2
www.aggpower.com,2
cy.poundfabrics.co.uk,2
www.thefunctionhub.com,2
cy.ppnonwovens.com,2
downloads.zdnet.com,2
jncc.defra.gov.uk,2
comparison.moneyhelper.org.uk,2
www.agro-cymru.org.uk,2
www.abebooks.co.uk,2
www.dogoodlydips.com,2
info.ymwelwyrysgol.cymru,2
www.lanesfordrains.co.uk,2
www.wordswithoutborders.org,2
hwiangerddi.cymru,2
www.archivescard.com,2
www.triongl.com,2
aradresearch.com,2
cy.sothinktrading.com,2
www.atebionsolutions.co.uk,2
www.atebol.com,2
www3.lta.org.uk,2
www.lewis-mason-plastics.co.uk,2
www.conwybeekeepers.org.uk,2
www.lewisfunerals.co.uk,2
www.chinagoldy.com,2
kingscalculator.com,2
wrexhampropertysearch.evolutive.co.uk,2
www.conwymind.org.uk,2
cathedralfoodbank.org,2
wrexhammusiccoop.com,2
www.tsdsu.co.uk,2
www.menter-aberystwyth.org.uk,2
www.mentercasnewydd.cymru,2
www.windpolar.com,2
wrtg.bangor.ac.uk,2
www.consultationdev.molehost2.net,2
efalois.cymru,2
www.lepublicspace.co.uk,2
www.jiahaopro.com,2
www.asergeev.com,2
hooson-pri.wrexham.sch.uk,2
cy.sicheaterco.com,2
homestartcymrucymraeg.org.uk,2
www.chineselaser.com,2
www.ygarthen.btck.co.uk,2
kitairu.net,2
www.teiarshuwlewis.cymru,2
www.truthdepartment.com,2
www.chinanbdb.com,2
books.google.com.ni,2
www.lampeterfoodfestival.org.uk,2
edayfm.com,2
cefebugefakutur.pashupatinathtempletrust.com,2
books.google.fi,2
leathermencymru.com,2
wwcps.co.uk,2
www.crickhowellanddistrictanglingsociety.co.uk,2
lebleutriathlete.blogspot.com,2
www.areadonline.com,2
cy.neverobot.com,2
www.christwells.cymru,2
www.transporte-russland.de,2
huwlewistyres.com,2
deialog.cyfoethnaturiol.cymru,2
www.teifilawltd.com,2
www.denmarkfarm.org.uk,2
www.arguk.org,2
cy.sgiliau.co.uk,2
www.cicc.cymru,2
www.trewalchmai.co.uk,2
www.asa.org.uk,2
www.democracy.caerphilly.gov.uk,2
eforms.caerphilly.gov.uk,2
www.wyevcharger.com,2
archive-ponty-net.fonio.cz,2
kingofsicily.com,2
www.dvlacodechallenge.dvla.gov.uk,2
www.delynlocks.com,2
www.cy.btslipring.com,2
www.jadepooltech.com,2
www.js-mexin.com,2
www.cyngorcymunedllansantffraed.org.uk,2
cofiapysgota.org,2
cynllunrheolwyryfory.com,2
greatmumshitmum.com,2
cynllunarbenigwyryfory.com,2
cynllun-kickstart.campaign.gov.uk,2
cofitoxutovo.astonmartingo.com,2
www.machining-in-china.com,2
www.yinoexport.com,2
www.bestdrycabinet.com,2
darkhavenbookreviews.com,2
www.bagilltcommunitycouncil.gov.uk,2
www.twam.uk,2
www.meeevalues.com,2
www.bajrfed.co.uk,2
helpline.barnardos.org.uk,2
help.visionhealth.co.uk,2
www.ysgolyfenni.org.uk,2
www.ysgolyberllandeg.cymru,2
www.balatownfc.net,2
heloganhelen.wordpress.com,2
www.banana-meinhoff.co.uk,2
helmosan.nl,2
barddoniaeth.com,2
www.twristiaethpowys.co.uk,2
www.childrenareunbeatablecymru.org.uk,2
eisteddfodllanwrtyd.com,2
eisteddfodpowys.co.uk,2
www.medracounselling.com,2
hefyd.podbean.com,2
www.bluetownonline.co.uk,2
cy.videochat.show,2
www.likvchina.com,2
www.livingstreets.org.uk,2
gorffennoldigidol14.blogspot.com,2
gorffennoldigidol14.blogspot.co.uk,2
www.box-bocs.com,2
googleweblight.com,2
epev.cymru,2
www.yiwuagt.com,2
coffidre.cymru,2
www.bmsworldmission.org,2
www.ymcabridgend.org.uk,2
gta5.tv,2
www.cyngortrefdolgellau.llyw.cymru,2
gruffyddpricearchitect.co.uk,2
www.blaenhonddan-wcc.gov.uk,2
www.blasarbowys.org.uk,2
growyourownpotatoes.org.uk,2
www.blasmwy.co.uk,2
growwild.kew.org,2
enough.campaign.gov.uk,2
www.bloc.cymru,2
www.cyngorllanrwst.cymru,2
group.vattenfall.com,2
www.bloginnovazione.it,2
www.universitytranscriptions.co.uk,2
www.welshwater.com,2
griffblog.wordpress.com,2
ensoenergy.co.uk,2
greenleftie.uk,2
greenkey.org.uk,2
greenenergyawards.wales,2
www.bangorfoodbank.org,2
celticbreizh.com,2
clwbgarddio.blogspot.com,2
www.childcareincaerphilly.org.uk,2
www.tunesgo.biz,2
her100ogerddi.wordpress.com,2
cy.suertetextile.com,2
cy.sugomill.com,2
www.yggllwyncelyn.cymru,2
www.meiriondavies.co.uk,2
www.backyardnature.org,2
www.cronfacio.co.uk,2
comeonboardwales.co.uk,2
head4talent.com,2
www.mediawiki.org,2
hanahanherald.com,2
colwynbay.bookofremembrance.uk,2
hamradiosigns.co.uk,2
cy.thinkview-group.com,2
abercyclefest.com,2
www.damc-composites.co.uk,2
anturnantlle.com,2
www.bees.wales,2
www.changyu-pioneer.com,2
hafodwenog.amdro.org.uk,2
www.changegrowlive.org,2
hafodunos-hall.co.uk,2
hafodceiri.cymru,2
hafod.cambria.ac.uk,2
www.dancefit.wales,2
www.dailyechoed.com,2
www.benybont.co.uk,2
www.benybont.org,2
data.police.uk,2
www.childrensrightswales.org.uk,2
datacymru.databasic.io,2
cy.sstie.com,2
hearingvoicescymru.org,2
www.dataprc.cymru,2
www.meditation-tips.com,2
barefootcas.org.uk,2
www.ysgoltwmornant.cymru,2
www.bagan.mobi,2
www.childreninwalesmembership.org.uk,2
www.davidrees.wales,2
anturiaethauceri.blogspot.com,2
www.atompr.com,2
davidrobinsonartist.com,2
www.ttyzfilter.com,2
www.tubemillcn.com,2
boisygilfach.cymru,2
www.meithrinfaaykroydcreche.co.uk,2
www.avant.cymru,2
www.decoora.com,2
cy.starketex.com,2
www.yggf.co.uk,2
www.decadeslife.com,2
hhmslibraryteam.wordpress.com,2
behaviourchange.bangor.ac.uk,2
aradconsulting.co.uk,2
civictrustcymru.org.uk,2
www.axnewdisplay.com,2
www.chilifireworks.com,2
www.jmt.org,2
heritagellangwm.org.uk,2
www.uswsu.com,2
www.cymrufootball.wales,2
cy.wetroyes.com,2
www.johncattbookshop.com,2
cy.dmjxyc.com,2
symfwales.org.uk,2
ourbobby.com,2
www.papertrail.org.uk,2
livinglevelsgis.org.uk,2
www.gwyneddpropertysolutions.co.uk,2
gwestycymru.com,2
www.radiolistings.co.uk,2
gwersicymraeg.blogspot.com,2
gwerngofisaf.co.uk,2
blogbanw.blogspot.com,2
gweriniaethygweithiwr.blogspot.com,2
gweriniaethygweithiwr.blogspot.co.uk,2
www.cysylltuacharedigrwydd.cymru,2
www.cysylltiadgogleddcymru.com,2
www.bigfishlittlefishevents.com,2
www.bigfund.org.uk,2
gwenanevans.com,2
cla.zendesk.com,2
gwenanevans.co.uk,2
gwelwchwww.carmarthenharriers.co.uk,2
en.fyunion.com,2
coliseum.rct-arts.org,2
gweini.org.uk,2
www.cerdd-dant.org,2
www.cysill.com,2
gwefus.com,2
www.manor-wales.com,2
gwefrhebwifrau.org.uk,2
www.hengko.com,2
www.senmaomachinery.com,2
councilnews.wrexham.gov.uk,2
papurbrollais.cymru,2
swydd.cymru,2
panelheddluathroseddudp.cymru,2
www.visitllandeilo.co.uk,2
www.seasidefollies.co.uk,2
cy.dgsendy.com,2
canugwerin.com,2
cy.dfct-china.com,2
www.helpsecret.com,2
cantorioncoety.cymru,2
parcisaf.co.uk,2
parcmenai.co.uk,2
swanseawaterfrontwinterland.cymru,2
cantm.org.uk,2
ysgolbroedern.org.uk,2
system.research.southwales.ac.uk,2
www.gardenservicesbethesda.co.uk,2
sycharth.blogspot.com,2
ourorchard.wales,2
tabletzona.es,2
ysgolbotwnnog.org,2
ourspaceourfuture.eu,2
oursquad.cymru,2
tabernaclecardiff.org,2
www.penarthfawr.com,2
cougar.dating,2
www.henryrichard.ceredigion.sch.uk,2
www.hengshengcold.com,2
overcast.fm,2
www.curebooking.com,2
gwarffynnon.co.uk,2
cy.wetgenerator.com,2
www.umffta.org,2
gwrando.org,2
www.ceredigionactif.org.uk,2
www.bevellingmachines.com,2
gwylgoraugogleddcymru.secure.conwy.gov.uk,2
blog.sexy-rugby.com,2
www.makeupproducts.com.tw,2
endhungeruk.org,2
www.cyngorbromachno.org,2
www.ceillechi.cymru,2
gpwales.co.uk,2
cy.videoforkid.com,2
www.cyngor-geneurglyn-council.org.uk,2
www.boneandpayne.co.uk,2
gowerwalkingfestival.uk,2
www.llaisdisgyblioncymru.org.uk,2
aquareach.biz,2
cyngresgeltaidd.bangor.ac.uk,2
www.ysgolgymraegbrohelyg.com,2
cyngoryrysgolygg.weebly.com,2
www.jonahjonesgallery.org,2
gothic.dating,2
ceredigioncymraeg.unison.site,2
www.bookofyou.co.uk,2
www.books.wales,2
www.booksatpress.co.uk,2
www.booksetc.co.uk,2
chiroptera.fr,2
www.booksliced.com,2
ceredigionlhf.org.uk,2
www.margamorangery.com,2
www.betterworldbooks.com,2
www.ukharp.net,2
gwynedd.public-i.tv,2
ceredigion-online.tascomi.com,2
www.bgcwrecsam.org,2
cysylltuacharedigrwydd.cymru,2
www.marchnadoeddsirgaerfyrddin.co.uk,2
cy.twisunpharm.net,2
abercomedyfest.co.uk,2
cy.tncarbide.com,2
www.wfahln.org,2
cy.tontonsportswear.com,2
www.maryjones.us,2
blogmenai.home.blog,2
cepra.wales,2
cy.toptonssport.com,2
www.ctvsoundstudios.co.uk,2
gwydir.wales,2
bloginllandysul.wordpress.com,2
www.bestparticleboardfurniture.com,2
emsonline.cardiff.gov.uk,2
www.d13creative.co.uk,2
www.johnmccall.co.uk,2
ao3-cn.top,2
cy.transtekworld.com,2
www.yixinhetrade.com,2
www.mark4leader.wales,2
www.marineenergywales.co.uk,2
www.lisarb.energy,2
cy.ttsqc.com,2
en-contrainfo.espiv.net,2
haclediad.cymru,2
cy.ullerco.com,2
www.dailawyrprints.com,2
www.bronafallen.co.uk,2
cyfreithwyr.com,2
forum.duolingo.com,2
www.yourwelshancestors.com,2
www.cantamil.com,2
www.junschem.com,2
challengingbehavioursupport.org.uk,2
www.cardiffmetsu.co.uk,2
www.webdesignfromllyn.info,2
www.cy.oem-pcb.com,2
www.canvasandcampfires.co.uk,2
www.cardiffld.org.uk,2
feel-the-beat.com,2
felinuchaf.org,2
www.wearehourglass.cymru,2
www.capelgoleudymon.org,2
www.capelmairaberteifi.org.uk,2
www.cardiffpalestinecampaign.org,2
www.welshrowing.com,2
www.ysgolbryncastell.co.uk,2
www.cadarnskillscentre.ac.uk,2
cy.wisdomglassproject.com,2
1xbet-pt.icu,2
abacre.net,2
www.brobrynach.ysgolccc.cymru,2
www.welshlabourgrassroots.org.uk,2
www.joyseaplywood.com,2
www.vegoilmotoring.com,2
www.cbcew.org.uk,2
www.bromorgannwg.org.uk,2
forum.unilang.org,2
www.julongjewelry.cn,2
www.yourvoicewrexham.com,2
www.wbka.com,2
www.wcdeaf.org.uk,2
cym.jaredpeglerdesigns.co.uk,2
cym.llandyfaelog.org.uk,2
fillet.jp,2
fframwaithhamdden.co.uk,2
www.cardiff.gov.uk:443,2
www.wavehub.co.uk,2
cymdeithasgwenynwyrcymru.co.uk,2
www.cardiffcastle.com,2
www.cardiffcaravanpark.co.uk,2
www.llannon.amdro.org.uk,2
birchgrove-eggs.co.uk,2
cym.tryfanrhiw.co.uk,2
www.cardiau-cymraeg.com,2
www.jvpjobs.co.uk,2
www.cyfarchion.cymru,2
www.ysbryd-y-mwynwyr.org.uk,2
www.capelsalemcaernarfon.com,2
www.webwire.com,2
cymraeg.corwenwalkingfestival.co.uk,2
www.walesdirectory.co.uk,2
www.juliemorgan.purpleandgreen.co.uk,2
www.cannapresso.com,2
www.ysgolblaenau.co.uk,2
fr.slideserve.com,2
www.cy.qyironwork.com,2
www.canolfandreftadaethcemaes.org,2
www.ysgolbetwsgg.cymru,2
es.unawe.org,2
www.welshlabour.wales,2
clwbrhwyfocwchhiraberaeron.weebly.com,2
esferico.net,2
www.katalus.pl,2
glan-morfa-mawr.com,2
www.bricktothepast.com,2
www.welshnotbritish.com,2
www.ccfaber.org,2
www.luxotent.com,2
www.cc-llanfihangel-ar-arth-cc.org.uk,2
www.welshmountainsheep.co.uk,2
www.brilliantpublications.co.uk,2
www.brismes.ac.uk,2
www.bristolairport.co.uk,2
www.bristolmerchantservices.uk,2
www.cymraeg.ru,2
www.valuationtribunal.wales,2
cy.win-road.com,2
www.welshlibdems.wales,2
cyngorllanwenogcouncil.org.uk,2
www.valepsb.wales,2
www.cwtchdental.co.uk,2
www.bst-elecs.com,2
api.techiaith.org,2
www.llanefydd.conwy.sch.uk,2
www.buzzwales.com,2
bli.ca,2
www.visitdenbigh.co.uk,2
www.linbaymachinery.com,2
expanded-translation.bangor.ac.uk,2
exomars.cymru,2
www.jrsocymru.org.uk,2
gogleddcymrucic.gig.cymru,2
golcymru.org,2
www.ccmb.co.uk,2
cyngorcymunedaberffraw.co.uk,2
www.bronderw.co.uk,2
abacre.com,2
gllmexhibition.wixsite.com,2
www.lspace.org,2
glljobscardiff.org,2
www.llandegla.wales,2
aaa.cbac.co.uk,2
www.llandeilo.gov.uk,2
www.welshindependence.net,2
www.welshhousingpartnership.co.uk,2
www.ynnicymru.org.uk,2
cyngorcymunedllanddarog.co.uk,2
glansevern.co.uk,2
www.lowrijohnston.cymru,2
www.ymspcb.com,2
glanceri.com,2
www.cbpmm.com,2
www.bro.cymru,2
www.lukefletcher.cymru,2
www.cbsa.org.uk,2
www.uswsufreshers.co.uk,2
www.jonespeckover.co.uk,2
www.bragdylleu.cymru,2
golwgtrwyrlens.blogspot.com,2
www.brainia.com,2
cy.weyerhau.com,2
cy.wfahln.org,2
cy.whatschat.org,2
finale2021.show,2
www.cymraegioedolion.org,2
financialassistanceprotocol.wales,2
farmers-daughter.co.uk,2
www.tygwynfarm.co.uk,2
www.ysgolrhiwlas.cymru,2
www.mcsuk.org,2
aberdareonline.co.uk,2
hannercancofnod.wordpress.com,2
celyn.cymru,2
hanesllandysulhistory.co.uk,2
www.kenskates.co.uk,2
christmasinbridgend.online,2
www.liftshare.com,2
cy.spynjbob.wikia.com,2
www.machinefactroy.com,2
www.cymruddiogelach.com,2
www.judinwire.net,2
www.judipak.com,2
www.callc.cymru,2
g2gcommunities.org,2
cy.zjswlabel.com,2
www.vvb.org.uk,2
www.vwt.org.uk,2
fy-iechyd-ar-lein.helpscoutdocs.com,2
fx-consultant.ru,2
www.calu.bangor.ac.uk,2
www.wales-tourist-information.co.uk,2
funeralservices.wales,2
www.llanfihangelaberbythych.org.uk,2
800certificate.com,2
www.careeralchemy.co.uk,2
www.cy.ucloths.com,2
bms.org.uk,2
harbour-master.com,2
www.batod.org.uk,2
www.tyblodauflorist.com,2
www.csacentre.org.uk,2
cy.tlbooster.com,2
www.berrysmith.com,2
www.carbonfibertelescopicpole.com,2
ck-vostok.ru,2
hacathonwiki.llgc.org.uk,2
www.dafyddhedd.com,2
www.cft.ysgolccc.cymru,2
www.dailingual.co.uk,2
www.dafyddhardy.co.uk,2
www.wheb.ac.uk,2
www.bconstructive.co.uk,2
cy.teilwrbach.com,2
www.mediaedwales.org.uk,2
www.whitlandmalechoir.net,2
www.darllenco.cymru,2
bocasbali.com,2
www.lifcymru.org,2
barmouthorganappeal.org.uk,2
www.ysgolsaron.co.uk,2
electionsmeter.com,2
www.baronhill.co.uk,2
www.keolisamey.cymru,2
eleridarkins.com,2
www.crynwyrcymraeg.org,2
www.may-nard.org,2
elincrowleyprint.cymru,2
www.baseballbatsupplier.com,2
www.jxmachinery.com,2
hawliauplant.cymru,2
www.wales.info,2
www.judiciary.uk,2
www.caerphillyplaceshaping.co.uk,2
cy.zccnclaser.com,2
family-home.global-article.ws,2
www.llwyndafydd.co.uk,2
www.votelayla.org,2
www.judin-line.com,2
clintrialdatashare.com,2
cy.zhanyufastener.com,2
www.wellformpacking.com,2
gadaeltir.cymru,2
www.wellbeingthroughwork.org,2
www.ysgolbroidris.cymru,2
galeriesimpsonswansea.com,2
www.cy.socreatled.com,2
www.walesconcordat.org.uk,2
cyfatebol.com,2
www.llanybydder.ysgolccc.cymru,2
www.llangwmchoir.co.uk,2
www.yrkseal.com,2
ffcc.co.uk,2
www.cy.mastarsgroups.com,2
cylcheglwysnewydd.org.uk,2
www.waterproofingbest.com,2
firestarterfestival.com,2
chepstowbooks.co.uk,2
ffermpenybont.co.uk,2
www.car-mountholder.com,2
clwbmusic.cymru,2
cym.efcw.org.uk,2
cy.yzrindustry.com,2
www.bespokeentries.co.uk,2
cy.yx-cnc.com,2
www.caerdyddawyragored.com,2
frongochgardencentre.co.uk,2
www.walesafrica.org,2
www.llennatur.cymru,2
cy.zyexcellent.com,2
www.cy.tedforging.com,2
www.lleol.net,2
cymraeg.pharmabees.co.uk,2
www.caldicottc.org.uk,2
www.careforumwales.co.uk,2
www.weldpipemill.com,2
www.calancyf.com,2
gamemeat.wales,2
cy.ytsbristle.com,2
fairwaterpost.co.uk,2
www.cy.taifoongfoods.com,2
chemicalfrog.com,2
cmc.financial-ombudsman.org.uk,2
www.llyn.info,2
www.welsh-tenor.co.uk,2
www.cycleswanseabay.org.uk,2
www.caernarfonharbour.org.uk,2
faithandplacenetwork.org,2
cymru.enterprisecatalyst.co.uk,2
cy.ywdrjewelry.com,2
www.caerdyddunblaned.co.uk,2
www.volaser.com,2
www.voicetheunion.org.uk,2
www.cinodalaser.com,1
www.cerddedconwywalks.org,1
www.chiswear.com,1
www.chinatopcnc.com,1
www.chinatimer.com,1
www.chinatiftonfertilizer.com,1
www.cerddcymru.co.uk,1
www.chinasourcing.cn,1
www.chinapresses.com,1
www.chinapipemills.com,1
www.chncitcnc.com,1
www.chinapetgroomingtable.com,1
www.chinagxmy.com,1
www.chinaeryu.com,1
www.chinacarbonfibre.com,1
www.chinaaustar.com,1
www.chinaamico.com,1
www.chinananhu.com,1
www.chinaaltop.com,1
www.cerdd.com,1
www.chocolateboxsiocled.co.uk,1
www.chinacoinsandpins.com,1
www.cascadegocloud.co.uk,1
www.carterjonas.co.uk,1
www.castellhowellfoods.co.uk,1
www.cardiganhealthcentre.com,1
www.cardiffwestchs.cardiff.sch.uk,1
www.cardiffuniversitypress.org,1
www.cardiffuniversitycsm.info,1
www.cardiffproductions.co.uk,1
biodiversitypembrokeshire.org.uk,1
www.ceramicwales.co.uk,1
www.carlosdanteferrari.com.ar,1
binaryoptionsindicators.com,1
www.castinghouse.co.uk,1
bikewales.co.uk,1
binaryoptionsbrokersreviewed.com,1
bilingualism-in-education.bangor.ac.uk,1
www.caseguru.com,1
www.cimwch.com,1
www.carmarthenmuseum.org.uk,1
www.cartrefi.coop,1
bilingualsigns.co.uk,1
www.carnevalemanfredonia.it,1
www.carmelpontlliw.co.uk,1
www.carmarthenshireyouth.co.uk,1
bill-free-homes-ltd.fixflo.com,1
www.cinemagolau.com,1
beta.m.wikiversity.org,1
www.cigoeddyllain.com,1
www.chepstowschool.net,1
www.china-aquatech.com,1
www.chaanbeard.com,1
www.changinggearz.co.uk,1
www.childrensfootballalliance.com,1
www.childcarechoices.gov.uk,1
www.chilandfurniture.com,1
www.cheshirewildlifetrust.org.uk,1
bethlehem.cymru,1
www.chepstowsociety.co.uk,1
www.chainscn.com,1
www.chenpinmachine.com,1
beulah.ceredigion.sch.uk,1
www.chcymru.org.uk,1
www.charteredforesters.org,1
betsgorilla.top,1
bettingfamily.top,1
www.channel4.com,1
pulse.swan.ac.uk,1
www.careablemask.com,1
publicsector.news,1
www.chepstow.co.uk,1
pumiceid.com,1
www.cewc-cymru.org.uk,1
www.ceredigionlhf.org.uk,1
www.cieh-cymruwales.org,1
www.china-newthink.com,1
www.cic.wales,1
www.chntubemill.com,1
www.cibi.co.uk,1
beta.oiahe.org.uk,1
beta.theaudienceagency.org,1
www.chu.cam.ac.uk,1
www.christopherlangley.net,1
www.christopherenston.org,1
www.choirsofwales.com,1
camplittlehope.com,1
www.chima-asia.com,1
www.ceredigionmuseum.wales,1
www.cgnfhs.org.uk,1
www.cgi.com,1
bettymacdonaldfanclub.blogspot.com,1
www.cfinemachinery.com,1
www.cffillanwenog.org.uk,1
www.cffi-llanddeiniol.cymru,1
www.ch-industrial.com,1
www.cffi-cymru.org.uk,1
www.cerrigydrudion.org.uk,1
www.cerillwyd.com,1
betwsgwerfylgoch.cymru,1
www.crimesurvey.co.uk,1
www.careerbuilder.co.uk,1
www.cormeibionyfoel.co.uk,1
www.covidvaccinationinfo.co.uk,1
www.coverabc.com,1
www.coventhouse.org,1
www.countytimes.co.uk,1
www.coychurchlower.org.uk,1
www.counciltaxreview.co.uk,1
www.cosyn.cymru,1
www.cosenslate.com,1
www.corryndu.com,1
bereavementcommission.org.uk,1
www.cormeibioncolwyn.co.uk,1
www.cowinvalves.com,1
www.cothibridgeshow.cymru,1
www.coraclesociety.org.uk,1
www.cpat.demon.co.uk,1
www.cpdwaunfawr.co.uk,1
www.crewforyou.co.uk,1
www.creativeskillset.org,1
www.creativeeuropeuk.eu,1
benefitscalc.bridgend.gov.uk,1
www.crazymailing.com,1
berdolasivbami.kratpeiremahallospsforalermapoma.info,1
www.covistix.com,1
www.cripsat.org.uk,1
www.crackslive.com,1
bees.wales,1
www.ctauk.org,1
begelisudi.bowvalleychorus.com,1
elearningfeeds.com,1
www.ctrlearning.co.uk,1
www.culinaryassociation.wales,1
www.cullcowcentre.co.uk,1
www.cy.3passignment.es,1
www.cwyrcopa.com,1
beecld.co.uk,1
www.cwmrhonddaales.co.uk,1
www.cwmirfon.co.uk,1
www.criptolog.com,1
belltownpower.com,1
www.cwmfarmshop.co.uk,1
www.cwmcadnant.com,1
www.cwlwmbusnescaerdydd.com,1
www.cvonline.hu,1
www.cvaa.org.uk,1
www.culturehive.co.uk,1
www.cullimoredutton.co.uk,1
www.cwmcadnantvalley.co.uk,1
beltbag.itemdb.com,1
www.craigydonmedicalpractice.co.uk,1
www.cqapparel.com,1
www.caringforgodsacre.org.uk,1
www.ceir-cymru.com,1
bezyvihasahe.rafaelrvalcarcel.com,1
www.celticstudies.net,1
www.celticdragonsnetball.com,1
www.celfgweart.com,1
www.catrinfinchandseckoukeita.com,1
bfestwales.co.uk,1
bibleandbookcenter.com,1
bibliothekskatalog.rsh-duesseldorf.de,1
www.celebratenationallottery25.com,1
www.ceiriogvalleyshow.org.uk,1
biccy.bangor.ac.uk,1
www.centrifugalpump.com.tw,1
www.celfcalon.co.uk,1
www.catholicnews.org.uk,1
www.castlecourtdental.co.uk,1
www.castlecaereinion.org.uk,1
www.careuk.com,1
www.carers.cymru,1
www.carefirst-eap.com,1
biodieselhoy.blogspot.com,1
www.careerready.org.uk,1
www.careerchangewales.co.uk,1
www.centreofsignsightsound.org.uk,1
www.cefnogicynnarcymru.org.uk,1
www.cpusecured.info,1
www.cazbah.biz,1
benesallyn.wordpress.com,1
www.cpni.gov.uk,1
www.cph.org.uk,1
www.craft-wales.co.uk,1
www.citizensadvicecbg.org.uk,1
www.circle-time.co.uk,1
www.cipr.co.uk,1
www.cavedivinggroup.org.uk,1
www.cavitydentalstaff.co.uk,1
www.cawscenarth.co.uk,1
www.cbsglassmachine.com,1
www.cefnllech-clawdd.com,1
www.ccbodffordd.co.uk,1
www.ccic-fct.com,1
www.ccllandysulcc.org.uk,1
www.ccllannon.org.uk,1
www.ccrsp.co.uk,1
bigenergysavingwinter.org.uk,1
www.cdjx-mw.com,1
www.cdsm.co.uk,1
www.cedewain.powys.sch.uk,1
www.cefndruidsafc.com,1
elearning.methodist.org.uk,1
childrenandarmedconflict.un.org,1
elen.ngo,1
dewischoice.org.uk,1
erasmusplus.org.uk,1
equity.fixflo.com,1
equity.eaction.org.uk,1
ertratboasavesanopiwimaxtuaveer.co,1
familyfund.ritdns.co.uk,1
eatthemtodefeatthem.com,1
easy-multi-display.com,1
devki.su,1
dewijamesbutchers.co.uk,1
dewisant.amdro.org.uk,1
dexinfortune.com,1
erinnernvengono-cuidar.xyz,1
dgbus.co.uk,1
dhflexoprinting.com,1
diabeticrecipesblog.com,1
cinemahdv2.net,1
dice.fm,1
dietpillsin2016.com,1
digidolsirddinbych.mobi,1
digital2030wales.jisc.ac.uk,1
digitalandpeople.co.uk,1
digitalcosmos.biz,1
erbynmeddwl.wordpress.com,1
erpsytenesleli.irandiegaditinitemamvahillstor.info,1
digitallearning.uwtsd.ac.uk,1
endometriosis.cymru,1
environmentalpoliticsresearchgroup.wordpress.com,1
environment.data.gov.uk,1
ensuringweremember.org.uk,1
chirouholtunutlonenetsterpapervie.xyz,1
epale.ec.europa.eu,1
enrich.nihr.ac.uk,1
englishboost.ru,1
enewspaperbd24.com,1
choppwr.blogspot.com,1
endtoend.run,1
chrisdeanmusicnorthwales.co.uk,1
childrensermons.com,1
enieopsifodeltio.wordpress.com,1
chrisgwerin.cymru,1
epsrc.ukri.org,1
equalrecruitment.co.uk,1
es_es.spreaker.com,1
es.slideshare.net,1
eryriramblers.org,1
eryri70.cymru,1
erylmorhotel.co.uk,1
chinese.dating,1
digitalinsights.jisc.ac.uk,1
dirpopulus.org,1
eola.co,1
derwendeg.cymru,1
de.techplugged.com,1
de.opentran.net,1
dcundy.vpweb.co.uk,1
civicidea.databasic.io,1
deafblind.org.uk,1
dis-ind-soc.org.uk,1
democracy.carmarthenshire.gov.wales,1
democracyandclasstruggle.blogspot.com,1
desertopia.info,1
circleit.co.uk,1
derwdigital.co.uk,1
deaf.dating,1
derbywelshlearnerscircle.blogspot.com,1
dequwazocuf.komabraindeathcuba.com,1
citizensadvicesnpt.org.uk,1
depot4fillers.com,1
denbighshirevolunteers.net,1
denbighshirevolunteers.co.uk,1
denbighshirearchives.wordpress.com,1
denbighchoir.com,1
www.csba.co.uk,1
cirongruffydd.wordpress.com,1
deaf-communities-wales.bangor.ac.uk,1
deallylle.wordpress.com,1
directory.moneyadviceservice.org.uk,1
digitalstuffcardiff.com,1
diqawimuterydeji.doradical.com,1
diogelwchcefnffyrdd.mapiau.llyw.cymru,1
ciip-live.bevancommission.org,1
diogelevents.weebly.com,1
devilsbridgefalls.co.uk,1
dinkyone.com,1
dinefwranddolbadarn.blogspot.com,1
dinbych.clwbrygbi.cymru,1
dimbrainsdotcom.blogspot.com,1
digwyddiadau.trac.cymru,1
digitalservices.south-wales.police.uk,1
delitocipikes.ecarducfemalerapecengechefi.co,1
cilcainvillagehall.com,1
dev.cambria.ac.uk,1
deutschland.option.news,1
deuair.moonfruit.com,1
delhi.asia.dating,1
delfrynowensmotors.co.uk,1
deficoins.io,1
deep-map.azurewebsites.net,1
deekshithallamaneni.tk,1
debate.imascientist.org.uk,1
eo.m.wikipedia.org,1
escs.bangor.ac.uk,1
eleron-dv.ru,1
edex.adobe.com,1
christian.co.uk,1
chrisgymraeg.blogspot.com,1
eisteddfodrhyng-golbangor.blogspot.com,1
chsobrfc.co.uk,1
eiriasbbcnewsreport.wordpress.com,1
educationbase.co.uk,1
education.minecraft.net,1
education.gtj.org.uk,1
education.down2earth.eu,1
edreaminterpretation.com,1
chwaraeonafi.blogspot.com,1
employersforcarers.org,1
eddisonwhite.fixflo.com,1
ecosystemapp.net,1
eclecs.blogspot.com,1
ecitemenunen.pershaldidexraarilitamlisubmope.co,1
ec.europa.eu,1
ebuyinginchina.com,1
ebsprospect.gllm.ac.uk,1
ecowoman.ru,1
en.salonaberystwyth.cymru,1
educationcymru.org,1
employee.volunteeringmatters.org.uk,1
employmenttribunals.service.gov.uk,1
eirias.co.uk,1
christians.dating,1
elfuturo.mx,1
elfynlewis.com,1
eliesha.com,1
elinlloyd.com,1
elinwyn.wordpress.com,1
elskodamasantiguo.com,1
elunedgramich.com,1
emauselca.org,1
emlekszikletezik.fun,1
emmanuelchurchllandudno.org.uk,1
emmareese.blogspot.com.au,1
empowerbethechange.org,1
emojiswiki.com,1
en.iyil2019.org,1
en.infoengine.cymru,1
en.eventhint.com,1
en.communitylandadvice.org.uk,1
en.bookmate.com,1
en-academic.com,1
elangrug.wixsite.com,1
emyr.dataunitwales.gov.uk,1
christian-ecology.org.uk,1
eduscrum.org,1
einonhomes.co.uk,1
esketoesto.com,1
fairwaycountryhotel.co.uk,1
eutoday.net,1
eventpilot.evolutive.co.uk,1
events.bafta.org,1
childcareincaerphilly.org.uk,1
ewgriffiths.co.uk,1
chiepresulebfirki.doreehosinsubsplemasenoxcafremen.co,1
familyfund.euronics.co.uk,1
familyartsfestival.com,1
familiesfirstnewport.org.uk,1
faktoider.blogspot.com,1
chepstowplant.co.uk,1
europa-areacamperpark.com,1
esposa-let.fun,1
fairtradeschools.org,1
fadymuribok.veterans-opex.com,1
exploringnorthwales.blogspot.co.uk,1
exploretheassembly.org,1
explore.bl.uk,1
experiencingthepandemic.com,1
expats.dating,1
fairacrepress.co.uk,1
esperantowales.tripod.com,1
europa.bunto.free.fr,1
eurigabran.blogspot.com,1
einnewyddion.com,1
edwinvanderhoeven.nl,1
einiog.com,1
eingwlad.wales,1
churchcc.co.uk,1
educationonline.newport.gov.uk,1
einbwyd1200.cymru,1
eglwysefengylaiddaberystwyth.co.uk,1
egino.cymru,1
efirst.org.uk,1
efcw1.blogspot.com,1
eefbonnet.net,1
eichcymruchi.cynulliad.cymru,1
eucontact.net,1
ebbasa.eu,1
en.sibranch.com,1
en.sunleem.com,1
estamerica.org,1
estatedocbox.com,1
eternalforest.org,1
etomusicpractice.co.uk,1
etswales.eazycms.net,1
eu.jotform.com,1
eu.wikipedia.org,1
www.ctaberteifi.co.uk,1
www.caerphillyover50.co.uk,1
www.cs-forging.com,1
www.cardiffbayrun.co.uk,1
www.capelytraeth.com,1
www.capita-pip.co.uk,1
www.capitallaw.co.uk,1
www.capitoltraining.co.uk,1
www.capoeiramocambo.co.uk,1
www.cappfinity.com,1
www.carare.eu,1
www.cardiffcycletours.com,1
www.cardiffcouncilforms.co.uk,1
www.cardiffcommunityenergy.co.uk,1
www.cardiffaspire.co.uk,1
www.capelgarmon.conwy.sch.uk,1
www.cardiffarc.co.uk,1
www.candlestickpress.co.uk,1
www.cardiffandvaleuhb.wales.nhs.uk,1
birmingham.uk.dating,1
www.cardiff-events.com,1
www.cardiconnect.com,1
www.cardiac-rehabilitation.net,1
www.carawales.co.uk,1
www.caravan-park-wales.co.uk,1
birdeyebooks.com,1
bitcoinoddschecker.com,1
www.capelbangorshow.co.uk,1
www.campsitechatter.com,1
www.brightminds.co.uk,1
www.bromyrddin.sirgar.sch.uk,1
www.broeifionydd.com,1
www.brocernyw.org,1
www.broadocean-hardware.com,1
www.bridgendjobs.co.uk,1
www.brlibdems.org.uk,1
www.britishcanoeingawarding.org.uk,1
www.britcoun.org,1
www.britac.ac.uk,1
www.brigyn.com,1
www.bridportnews.co.uk,1
www.cao.bangor.ac.uk,1
www.britishdeafnews.co.uk,1
www.borrasparkchurch.org.uk,1
www.byromclarkroberts.com,1
www.c3648749.myzen.co.uk,1
black.dating,1
www.canfodcartref.org.uk,1
www.canoetheatre.co.uk,1
biztha.com,1
bizplusapp.com,1
www.cantrer.pale.org,1
www.camtechcircuits.com,1
www.campaignseries.co.uk,1
www.baolaican.com,1
www.backroomband.co.uk,1
www.cambria-jobs.co.uk,1
www.calonlan.wales,1
www.calonfm.com,1
www.californiaprotons.com,1
www.cambrian-printers.co.uk,1
www.cardiffeducationservices.co.uk,1
www.boredakikaku.com,1
www.bookdepository.com,1
www.baby-diaper.com,1
www.back2school.org.uk,1
www.badebotti.ch,1
www.cambrian-mountains.co.uk,1
bodowyrcaravansite.co.uk,1
www.bagilltcarspares.co.uk,1
www.baishengsports.com,1
www.balaffest.org.uk,1
www.ban-line.com,1
www.bandmusicpdf.net,1
www.banffeemakeup.com,1
www.bangoradda.org,1
www.bangorunishop.co.uk,1
www.bankofengland.co.uk,1
blackmountain.me.uk,1
www.cambriancleaners.co.uk,1
www.caetancsa.org,1
www.caav.org.uk,1
www.caerphillytowncouncil.co.uk,1
www.caerphillyfoodfestival.co.uk,1
www.caerphillychristmasmarket.co.uk,1
www.caerhuncommunitycouncil.co.uk,1
www.cafeatabakhan.co.uk,1
www.caergybi2020.com,1
blaenaugwentandtorfaenlibdems.lib.dm,1
www.caerdydd.gov.uk:443,1
blamerbellbriefs.blogspot.com,1
www.caderales.com,1
www.caagcc.ac.uk,1
www.calan-band.com,1
blaenau-gwent.cpdsewales.org.uk,1
www.bywyd-gwerin.cymru,1
www.cafeterasbaratas.net,1
blackmountainfoodhub.co.uk,1
www.campaigns.nfuonline.com,1
www.campaign-for-learning.org.uk,1
www.camerasioned.com,1
www.camelcnc.com,1
www.cambriastringquartet.co.uk,1
www.cambrianrailwayssociety.co.uk,1
www.brondanw.org,1
www.brotherwayglass.com,1
blog.geecon.org,1
www.fitnessequipmentsupplier.com,1
www.fineluxuryproperty.com,1
www.filtersmaster.com,1
www.fitmaxaquafitness.com,1
www.fixers.org.uk,1
www.fordinosaur.com,1
www.forcesfamiliesjobs.co.uk,1
www.foramnagaidhlig.net,1
www.footballvhomophobia.com,1
atlanticstrategy.eu,1
www.foodethicscouncil.org,1
www.foocles.com,1
www.financial-ombudsman.org,1
www.foecareers.org,1
www.focussafetyglass.com,1
www.focuslasersystems.com,1
www.flashinelighting.com,1
www.flammor.com,1
www.fjxfxglass.com,1
www.folklife-traditions.uk,1
www.cy.antenna-manufacturer.com,1
www.cy.akwchina.com,1
www.cy.absmanufacturer.com,1
auth-ceh.axis12.com,1
www.financialombudsmanservice.org.uk,1
blog.geo.place,1
www.forexticket.co.uk,1
www.fupitc.com,1
dental.walesdeanery.org,1
www.fundraisingregulator.org.uk,1
www.fumeiseating.com,1
www.fullypackaging.com,1
www.fujielevator-jp.com,1
www.fstgenerator.com,1
www.fsteeltech.com,1
www.funkydragon.org,1
www.forgetmenotchorus.com,1
www.forestcottages.co.uk,1
www.financialskillspartnership.org.uk,1
audiorecorder.info,1
autenticaportland.com,1
www.first4safety.co.uk,1
www.fireworks-suppliers.com,1
www.firetestingequipment.com,1
www.firebrake.org,1
www.fishfinderfactory.com,1
www.finessecatering.com,1
www.findmypast.com.au,1
www.fincap.org.uk,1
www.bryn-y-mor.swansea.sch.uk,1
www.brynaman.ysgolccc.cymru,1
www.bryngwynschool.co.uk,1
www.brampton-recruitment-4-graduate-jobs.co.uk,1
www.busybeecandles.co.uk,1
blog.1024cores.net,1
www.buzzfeed.com,1
www.bruicojewelry.com,1
blog.dlorenz.com,1
www.brownsbfs.co.uk,1
www.bretagne-info.org,1
www.bretagne-info.bzh,1
www.breconwater.co.uk,1
blog.ineuron.ai,1
www.bradsons.co.uk,1
www.brynterfelfoundation.org,1
blog.historyofscience.com,1
www.bracalente.com,1
www.boyeenergy.com,1
www.boxing2k.com,1
www.boxing-products.com,1
www.boxen247.com,1
www.borthfamilycentre.co.uk,1
blog.mohe.gov.my,1
www.bqmc.co.uk,1
www.byrgyr.wales,1
blincdigital.com,1
www.buydiydiploma.com,1
www.buyezee.de,1
www.buytickets.tfwrail.wales,1
www.bstpcb.com,1
www.btcom.ll-digital-sandbx1.bt.com,1
www.btistudios.com,1
blog.apptrace.com,1
www.buch7.de,1
www.buddug.com,1
www.budgetholidaysafaris.com,1
www.buildinglift.com,1
www.builth-hs.powys.sch.uk,1
www.bulbtek.com,1
www.bullvet.com,1
www.burum.cymru,1
www.buscaintegrada.usp.br,1
www.bxdmachining.com,1
www.bwytaeingerddi.co.uk,1
www.bwyd.biz,1
www.bwtrimawr.co.uk,1
www.bwsarfordirllyn.co.uk,1
blicanada.net,1
www.brunoware.eu,1
www.bwch-yn-uchaf.co.uk,1
bodfaricommunitycouncil.org.uk,1
www.baotn.com,1
www.crystalclearcounsellingservices.co.uk,1
www.communityradiowales.com,1
www.colley.co.uk,1
www.colorfoto.co.uk,1
www.colwinstoncommunitycouncil.co.uk,1
www.colwynbid.co.uk,1
www.cominscoch.ceredigion.sch.uk,1
www.communicationsconsumerpanel.org.uk,1
www.communityarchives.org.uk,1
www.communitycatalysts.co.uk,1
bestfiberglassrebar.com,1
www.communityfood.wales,1
www.company-formation-latvia.lv,1
www.collaborativecommunities.org.uk,1
www.cooperatives-wales.coop,1
www.coolordrool.com,1
berkingmad.co.uk,1
www.conwyarrhyfelmawr.org,1
berlin-potsdam.com,1
www.conwy-online.com,1
www.coityhighercommunitycouncil.co.uk,1
www.conwaycentres.co.uk,1
www.conferences.cardiff.ac.uk,1
www.concatenative.org,1
www.college.police.uk,1
bestofbank.pl,1
www.compressphotos.com,1
blogbwyd.wordpress.com,1
www.bcswales.com,1
www.bestofwales.co.uk,1
www.bestpvcfence.com,1
www.bigskyfineart.com,1
www.biglearningzone.org.uk,1
www.bigcheesecaerphilly.co.uk,1
www.biaenergyconsulting.com,1
www.bglife.co.uk,1
www.bgc.wales,1
www.bestpcbassembly.com,1
www.bevanbuckland.co.uk,1
www.colegaucymru.ac.uk,1
www.betws-y-coed-communitycouncil.org,1
blogcynog.blogspot.com,1
www.besttablewaresets.com,1
blogdemonicass.blogspot.com,1
blogdi-bwynt.blogspot.com,1
blogcemotherapi.wordpress.com,1
www.cardiffinternationalsportscampus.wales,1
bira.co.uk,1
www.cardiffpedalpower.org,1
bestpcgamer.com,1
www.computing.dcu.ie,1
www.composersofwales.com,1
bloom.services,1
www.cnsongben.com,1
www.cnwasser.com,1
www.cnubuy.com,1
www.clwbrygbicrymych.co.uk,1
www.cnsteadymachinery.com,1
www.cnsdmetal.com,1
www.cnrgxy.com,1
www.cncpartsmanufacturer.com,1
www.clydeycottages.co.uk,1
beta.abertawe.gov.uk,1
www.clwyd-theatr-cymru.co.uk,1
www.citrusarts.co.uk,1
www.co-winhk.com,1
www.copperkingdom.co.uk,1
www.cordathlu200.wales,1
www.croestyprimaryschool.co.uk,1
www.crohnsandcolitis.org.uk,1
www.cronfabensiwngwent.co.uk,1
www.crownhouse.co.uk,1
www.crucorney.wales,1
www.crychanforest.org.uk,1
www.cryptocurrencygod.com,1
www.crysmelyn.co.uk,1
www.cnwls.co.uk,1
www.coalfields-regen.org.uk,1
www.competefor.com,1
beta.coflein.gov.uk,1
www.confor.org.uk,1
bestresurs.info,1
bestspeedlicenocom.tetanecastrighdoggflamamipspirnetftread.info,1
www.coedaccounts.uk,1
www.clocaenog-rst.org,1
www.clicachip.org,1
www.cleddauinsurance.com,1
www.cleartranslations.co.uk,1
www.clearinsight.co.uk,1
www.classicistranieri.com,1
www.clarsachsociety.co.uk,1
www.coalicense.com,1
www.ciwdod.com,1
www.civil-service-careers.gov.uk,1
www.civictrustwales.org,1
www.civica.com,1
www.cityledlighting.com,1
www.cityhospice.org.uk,1
www.clairehamill.co.uk,1
berita-update-online.blogspot.com,1
www.clwbrygbicaernarfon.co.uk,1
www.clwbrygbidinbych.org,1
www.beneath-ceaseless-skies.com,1
www.bdfaithful.com,1
www.bdtruckparts.com,1
www.awttc.org,1
www.asiantaeth-yr-amgylchedd.cymru.gov.uk,1
www.ashleydrake.cymru,1
www.ascymru.org.uk.gridhosted.co.uk,1
www.arytrywydd.cymru,1
books.google.bs,1
www.askaboutclots.co.uk,1
www.bbintlpackaging.com,1
bonyteqoxycal.travel-australia-planning-guide.com,1
bonheur-midi.fun,1
www.awwe.org,1
www.awaywithwords.cymru,1
www.askiven.com,1
www.awahyaluronan.com,1
www.avma.org.uk,1
www.aviationaluminum.com,1
www.atavalve.com,1
www.avantiwestcoast.co.uk,1
www.authorstream.com,1
www.authenticallywelsh.co.uk,1
www.ausff.com.au,1
www.audible.de,1
www.atlantacleaningexperts.com,1
bookmate.com,1
bookashka.name,1
www.beamalevich.com,1
bocs-storage.co.uk,1
bluewhaleapk.org,1
www.baysenrapidtest.com,1
www.bayresourcing.com,1
www.bartletts.co.uk,1
www.barryanddistrictnews.co.uk,1
www.babcockinternational.com,1
www.barnesandnoble.com,1
www.barmouthbeachclub.co.uk,1
www.bardseyboattrips.com,1
www.barddoniaeth.com,1
www.barchester.com,1
www.aspiringtoinclude.com,1
www.barbieplaza.com,1
www.barndoorstrategy.com,1
www.b2cwales.co.uk,1
www.b2bmtp.com,1
www.ayidadent.com,1
www.astudioffilm.cymru,1
www.astra.today,1
www.astarmusic.co.uk,1
www.assetskills.org,1
bookgoodieskids.com,1
www.atl.org.uk,1
www.autismassessmentswales.org,1
www.booksie.com,1
www.bikeparkwales.com,1
www.bluestarmask.com,1
www.bluedome.co.uk,1
www.blue-sky-solutions.co.uk,1
www.bloglet.wales,1
www.bloggsd.com,1
www.blogdepsicologia.com,1
blog.propars.net,1
www.bluelightaware.org.uk,1
www.bild.org.uk,1
www.bikesafe.co.uk,1
www.bestgenrt.space,1
www.bbsrc.ac.uk,1
blogs.cf.ac.uk,1
blogs.msdn.microsoft.com,1
www.best-solar-panels.com,1
www.berlin-gid.com,1
www.benthyciadautaigogleddcymru.co.uk,1
blogiwrcymraeg.blogspot.com,1
www.bengwalchmai.com,1
blogs.savethechildren.org.uk,1
www.beefq.wales,1
www.bebee.com,1
www.billtaylor.eu,1
www.blueworkspool.com,1
www.bmihealthcare.co.uk,1
blog.nexusuk.org,1
www.bcugetinvolved.wales,1
www.billvannot.com,1
www.billybagilhole.com,1
www.billythompson.co.uk,1
www.bintangmakmurmachinery.com,1
www.bipra.org,1
www.birchillaccess.co.uk,1
www.bitautomobile.com,1
www.bitesizebritain.co.uk,1
www.blackdragon.co.uk,1
www.blackmountains.wales,1
www.blackoutrugby.com,1
www.blackspidertape.com,1
www.blackstarandmonkey.co.uk,1
blog.rippleenergy.com,1
www.blaenaugwentbusinesshub.co.uk,1
www.blakemorgan.co.uk,1
www.blasarfwyd.com,1
www.bookandvolume.com.au,1
www.book-ish.co.uk,1
www.bonus-codes.org,1
cishe.cardiff.ac.uk,1
cy.baishengsports.com,1
eatpimentokitchen.com,1
cwmrhymni.itpie.co.uk,1
cripsat.org.uk,1
crochenwaith.blogspot.com,1
crochancelf.org,1
cronfasalesbury.org,1
cy.batchingplantchina.com,1
crymych.org.uk,1
crys16.cymru,1
cwtsh.org,1
cwrthenri.ysgolccc.cymru,1
creulleoeddwrecsam.info,1
cwmnida.submit.com,1
cronfaandrewpwmps.cymru,1
cvlesalfabegues.com,1
crypto-gambling.net,1
criced.blogspot.com,1
crickhowellhealthcentre.org.uk,1
culonisasirynoloj.cheathamhillelementary.com,1
ctax.npt.gov.uk,1
csa.catapult.org.uk,1
cs.swansea.ac.uk,1
cs.m.wikipedia.org,1
curvedhousekids.com,1
cronfa.swan.ac.uk,1
cronfajk.co.uk,1
cy.bendi-valves.com,1
cy.anan-lighting.com,1
cy.autowaysonline.com,1
cy.athelstan-run.org,1
cy.asctonerfactory.com,1
cy.10gsoft.com,1
cy.arcade-base.com,1
cy.aquartzstone.com,1
cy.apkjuegos.com,1
cy.anyda-waterchiller.com,1
cy.antenna-manufacturer.com,1
cy.anshengfilterscreen.com,1
cy.aran-valves.net,1
crossasia-bibliographies.ub.uni-heidelberg.de,1
cy.01scambiomoda.net,1
cy-ldwales.nationbuilder.com,1
cwtsh.redantennae.co.uk,1
crwydro.co.uk,1
crwth-chambermusic.com,1
crushthefinancialanalystexam.com,1
crtgmembers.co.uk,1
crowrelymahuge.svizokagluricocoveswaytsunucuph.co,1
crowd-mining.io,1
crwydro.com,1
costa-azahar.guide,1
craigyrwylfa.ceredigion.sch.uk,1
createoandp.com,1
cy.boselan.com,1
cy.dietarysupplementsinfo.com,1
cy.dentalcaptiannaturalchews.com,1
counterfeitlicense.net,1
cy.dcwwinnovation.com,1
cottageholidaysinwales.com,1
coventhouse.org,1
covid-19.nhs.uk,1
cy.chinagadgets.net,1
cy.busbarmach.com,1
cy.bunchofgrapes.pub,1
cy.blsci.org,1
cy.doppelconnect.com,1
cy.blog.songswell.com,1
cy.blockbrickmachine.com,1
cpdsewales.org.uk,1
cy.blitzexperience.co.uk,1
cpwales.solsoftpreview.co.uk,1
crackingproductions.com,1
cy.binic-care.com,1
cragenbeca.co.uk,1
cy.bgtcn.com,1
cy.bestoilrecycling.com,1
cy.djdosti.net,1
cy.eastsunhb.com,1
cy.cn-region.com,1
cy.coronavirusnewslive.com,1
cy.cncsc.com,1
cy.cnfoodchem.com,1
cy.cnhailun.com,1
cy.cnhyaluronicacid.com,1
courtfines.direct.gov.uk,1
cy.cntopsincoheren.com,1
cy.cnubuy.com,1
courses.southwales.ac.uk,1
cy.com-rail.com,1
cy.concretepumppipe.com,1
cy.countingpacking.com,1
cy.citizenship-of-saint-lucia.com,1
countryside.wales.info,1
cy.cylchmeithrintrefeurig.co.uk,1
cy.czdaqiantech.com,1
cy.dailychemproducts.com,1
cy.eoxmas.com,1
cy.enechem.com,1
cy.emilymetal.com,1
cy.elitesemicon.com,1
cy.egretmaterial.com,1
cothi-churches.org.uk,1
cy.bag-supplier.com,1
cy.baohan-safety.com,1
cy.alwsci.com,1
cy.lcmcb.com,1
cy.makeachange.org.uk,1
contact.org.uk,1
cy.mcpactions.com,1
cy.medoranger.com,1
cy.niawyn.co.uk,1
conservationregister.com,1
cy.newsuperbox.com,1
cy.neway-arab.com,1
cy.nenwell.com,1
cy.nbwiper.com,1
consortium-sexual-studies.swan.ac.uk,1
cy.lymart.com,1
consult.environment-agency.gov.uk,1
cy.mxmparts.com,1
cy.mulherpelada.blog,1
cy.mp3gain-pro.com,1
cy.mp3doctor.com,1
cy.moneyratestoday.com,1
cy.mydosports.com,1
contextclub.org,1
cy.lanlingrailway.com,1
cy.lang.m-craft.com,1
contemporancient.org,1
cy.lusciouspetfood.com,1
cy.alps-medical.com,1
coryband.com,1
cy.globalebison.com,1
cy.freesunboat.com,1
cormeibionardudwy.co.uk,1
cy.gamerightnow.com,1
cormeibioncaernarfon.org,1
cormeibiondysynni.org,1
cy.g5fzq2l.com,1
cy.furyoupets.com,1
cy.fstailong.com,1
cy.gbmoulding.com,1
cookedearthblog.com,1
cy.luqicreate.com,1
cy.iusedfono.com,1
cy.leannewood.com,1
cy.leather-shop.biz,1
cy.lhqshose.com,1
cy.lifepo4-power.com,1
cy.lightscg.com,1
cy.llioevans.com,1
cy.llsnets.com,1
cy.lopal-autochem.com,1
cy.lrmsafety.com,1
cy.joysee-eyewear.com,1
cy.jldtextile.com,1
cy.jinlaichemical.com,1
cy.27wp.org,1
cy.kevinmachinery.com,1
cy.kellymeter.com,1
cy.kabapost.com,1
cy.kingsunnytex.com,1
cy.noodfood.shop,1
cy.eucontact.net,1
costadelsolupdate.com,1
cy.170millionamericans.net,1
cy.2014blog.net,1
cy.2019carsforlife.com,1
cy.3352698.com,1
cy.jingzhaocn.com,1
cy.35wp.org,1
cy.3passignment.es,1
cy.57wp.org,1
cy.9short.com,1
creigiau23.org.uk,1
cy.abersochregatta.co.uk,1
creigiau-carnival.org.uk,1
cy.ailiparts.com,1
cy.alex28j.net,1
credocymru.co.uk,1
cy.kingblister.com,1
cy.kingorgchem-jp.com,1
cy.kingsinetest.com,1
conwy.jdi-consult.net,1
cy.jingweimould.com,1
cy.jiefengpet.com,1
cy.jscraftsmaker.com,1
conwymind.org.uk,1
cy.jfymachine.com,1
cy.jcoepipe.com,1
cy.japan77.net,1
cy.janets.org,1
cy.jackmasonlive.com,1
cy.izadi-zaleak.com,1
cy.jiate-scale.com,1
cy.isparkytech.com,1
cy.jukelectric.com,1
cy.jvbbearings.com,1
cy.landwellkms.com,1
cy.lamparaleds.com,1
cy.kxcasting.com,1
cy.kntank-global.com,1
cy.kmubk.com,1
cy.klltorch.com,1
cy.juristas.live,1
cps.gov.uk,1
cy.cabinet-locker.com,1
cy.goodtonechair.com,1
cymmrodorion1751.org.uk,1
cymraegcs.wordpress.com,1
cymrueffeithlon.llyw.cymru,1
cymraeg.ysgoldewisant.co.uk,1
cloudtechrussia.ru,1
cymraeg.llawn.org,1
clubspark.lta.org.uk,1
cymraeg.festive.org.uk,1
clwbcarco.com,1
clwbffilmiaupontardawe.weebly.com,1
cymraeg.walescrc.co.uk,1
cymrufach.blogspot.com,1
climatecamp.org.uk,1
cymruted.com,1
cleaning.cymru,1
clearing.cardiff.ac.uk,1
cyngortrefamlwch.co.uk,1
cyngorllanystumdwycouncil.org,1
cyngorllanedicouncil.org,1
cyngorcymunedllanfairme.co.uk,1
cletwr.org,1
cyngorcymunedbodorgan.co.uk,1
cyngor-trawsgoed.cymru,1
climatetalks.org,1
cymru.caerhealth.co.uk,1
cynefin.bangor.ac.uk,1
darradar.ru,1
dahacytypijo.gulfpbc.com,1
dailynewsbrief.com,1
dairy.ahdb.org.uk,1
dathliadybedyddwyr.cymru,1
dateconcsdd.wordpress.com,1
data.gwyddoniaeth.cymru,1
data.estyn.llyw.cymru,1
dashfwrdd.consortiwmol16.cymru,1
darwinsweb.com,1
clairelloyd.fixflo.com,1
darganfod-discover.com,1
cymru.southhookchp.com,1
danrouse.org.uk,1
civilservicelocal.blog.gov.uk,1
damiangeorge.co.uk,1
damaqufaxicazolil.virtuosobs.com,1
daliadaucaerdyddcym.startraqdome.com,1
daricbooks.wixsite.com,1
cynonvalleymuseum.wales,1
clarewools.co.uk,1
cynnal.wales,1
cymru.us9.list-manage.com,1
cynefinwales.bandcamp.com,1
clecscamwy.wordpress.com,1
cpag.org.uk,1
communalnews.com,1
cy.sanxing-linearactuator.com,1
comms2point0.co.uk,1
cy.pralilipiped.net,1
cy.sampofurniture.com,1
cy.safemate-china.com,1
cy.roulettechatting.com,1
cy.risingsunsupplier.com,1
community.alungriffiths.co.uk,1
community.ja.net,1
cy.religiousiconcraft.com,1
cy.ppwovenbag-factory.com,1
cy.sbc-lighting.net,1
cy.ppe-coverall.com,1
cy.potocrewz.com,1
cy.passportwireless.net,1
cy.papercraftdoer.com,1
cy.panbrake.com,1
cy.pacific-globalgroup.com,1
connect.learnpad.com,1
cy.ostelife.top,1
conference.venuecymru.co.uk,1
www.furniture-dream.com,1
cy.savgoodtech.com,1
cy.sdessar.com,1
cymryhoyw.blogspot.com,1
cy.public-law.wales,1
cymruynfenis.com,1
cleciaucilgwri.blogspot.jp,1
cy.visunautomotive.com,1
cy.vinestudent.io,1
coffieryri.cymru,1
cy.prediksibola8.com,1
comparethecourse.com,1
cy.provigilwithoutprescription.org,1
communitysharesscotland.org.uk,1
communitymusicwales.co.uk,1
cy.qdyhtjx.com,1
cy.sentonpharm.com,1
cy.qianduopackaging.com,1
communityenergyengland.org,1
communitybaptistpa.info,1
cy.quangong.tools,1
cy.qyironwork.com,1
community.tes.com,1
community.macmillan.org.uk,1
community.justlanded.com,1
cy.redhousecymru.com,1
cy.redrowcharltoncommon.co.uk,1
daearaber.wordpress.com,1
dacwmam.wordpress.com,1
civitascymru.co.uk,1
cymdeithasydelyndeires.cymru,1
cydymaith.wordpress.com,1
cyfeddach.blogspot.com,1
cyfeillion-friends.com,1
cyfiefarm.co.uk,1
cyfochrogchwestiynau.beibl.cymru,1
cyfoeth.org,1
clwyd-denbigh.thewi.org.uk,1
clwbrygbicaernarfon.co.uk,1
cyfreswahanol.co.uk,1
cymememotherlanguage.wordpress.com,1
cymdeithasthomaspennant.com,1
cycletraderpro.com,1
cymdeithashanesceredigion.org,1
cymdeithas-eryri.org.uk,1
cymanfabedyddwyrdm.com,1
cmcspublications.com,1
cym.stishmaelscc.org.uk,1
cylchmeithrinfelinheli.org,1
cylchgrawnfflach.wixsite.com,1
clwbmynyddacymru.net,1
cylanilini.weddingvideosfortmyers.com,1
cyigpenarth.wordpress.com,1
cyd.org.uk,1
cmbeta.wikidot.com,1
da.sporvognsrejser.dk,1
cy.cardifffoodanddrinkfestival.com,1
cy.chinafootmats.com,1
covidhubwales.co.uk,1
cy.chenyuacp.com,1
cy.chenfeng-zj.com,1
cy.cheersfashion.com,1
cy.checkedoutchef.com,1
cpcdrive.com,1
cy.chalcochem.com,1
cy.cftorre.com,1
cy.centralquayconsultation.co.uk,1
cy.carboxy-methyl-cellulose.com,1
cy.zxcgame.com,1
cowchop.roosterteeth.com,1
cowugykasika.botanicusart.com,1
cy.chairoem.com,1
cy.npackmachine.com,1
cy.npkorgafert.com,1
consciousnovel.com,1
cy.zh-magnets.com,1
cy.zhongcailubricant.com,1
cy.zirconia-disc.com,1
cy.zs-beltpolisher.com,1
cyfrif.abertawe.gov.uk,1
cylchyparc.cymru,1
cms.bdw.assist.breezetest.com,1
cymen.cymru,1
cy.xgdisconnector.com,1
cy.yinyemedical.com,1
cy.yhhydraulicfittings.com,1
cneb.biz,1
cneifiwr-emlyn.blogspot.co.uk,1
cy.xxswell.com,1
cy.xtshowerroom.com,1
cy.xinliantitanium.com,1
cy.yhxrainponcho.com,1
cy.weaverchina.com,1
cymorth.360.cymru,1
cy.yunchtitanium.com,1
cynwyd.cymru,1
cynysgoliachgwynedd.org,1
cyrsiausabothol.cymru,1
cysgliad.com,1
cysylltucymru.com,1
cytun.cymru,1
cyw.s4c.co.uk,1
cywarch-caerffili.blogspot.com,1
d1.projectstardust.org,1
da-no.ru,1
cy.yiwushiningcrystal.com,1
cmshredders.com,1
cy.ynxchemical.com,1
cy.yourlikepower.com,1
cy.yrtmask.com,1
cnrtechspot.com,1
cy.worldofamulets.com,1
co2nnect.org,1
coastlinefilmfestival.co.uk,1
cy.wisecraftman.com,1
cy.wipinhydraulic.com,1
cy.wuxiks.com,1
cy.winbycandle.com,1
cy.wikipedia.nym.su,1
cy.wikipedia.nym.by,1
cy.wiki.ng,1
codigosfreefire.gratis,1
cy.wellnowus.com,1
cy.webtk.co,1
codah.swan.ac.uk,1
cymen.co.uk,1
cy.x-powertool.com,1
cy.xhplasticsheet.com,1
cy.yqcapsule.com,1
cy.yourwebdoc.com,1
cy.goodmemoryfoam.com,1
cy.greenbabyfactory.com,1
disabilityarts.online,1
getthegen.com,1
cexykudulak.dam-projects.com,1
ggather.wordpress.com,1
genuki.vs.mythic-beasts.com,1
ggat.wordpress.com,1
getgnulinux.org,1
get2-lux.com,1
get.fixflo.com,1
german.dating,1
gerichtsprozessanwalt.de,1
gerddylli.co.uk,1
garlleg.blogspot.com,1
gidiryqusilen.simplicityhsd.com,1
gofalus.cymru,1
ceribeth.co.uk,1
gruffrhys.com,1
grwp.website.vca.wales,1
gta-now.com,1
guardiansofancora.wordpress.com,1
guardsys.co.uk,1
guidebooq.com,1
guidesify.com,1
guihylumtosoforneulafpelemaco.xyz,1
gicys.wordpress.com,1
giftswithheart.co.uk,1
gutyvycazudoqoz.rangelyautomuseum.com,1
cf10rugbytrust.org,1
glyndwr.us16.list-manage.com,1
girls.brazilian.dating,1
girlguidingcarmarthenshire.co.uk,1
gimehirezaz.io-holding.com,1
generationsworkingtogether.org,1
genderyngymraeg.wordpress.com,1
genderstudies.research.southwales.ac.uk,1
gemtonemusic.wordpress.com,1
gemasbrawlstars.es,1
gellionnen.com,1
gellimanwydd.blogspot.com,1
gilesturnbullpoet.com,1
geekchic-hq.com,1
gdpp.co.uk,1
gciwales.org,1
gb.bebee.com,1
gatesofvienna.net,1
gatesofvienna.blogspot.com,1
geigerzaehler.blogsport.de,1
ceriplus.co.uk,1
geneva.singles.dating,1
geocachingwales.co.uk,1
gustothefoodblog.com,1
gv.wikipedia.org,1
graphicsecurity.com,1
gogerddan.webs.com,1
gorwelowen.wordpress.com,1
gorffennoldigidol2016.blogspot.co.uk,1
gorffennoldigidol2013.blogspot.com,1
ceredigionhistory.wales,1
goodpracticeexchange.wordpress.com,1
gomymobi.com,1
golwg.rhwyd.org,1
ceredigionofflimits.home.blog,1
goluego.com,1
gohakisaqysogiget.jacksonmealsmatter.com,1
gonnle.com,1
gosovutozohukokib.toutes-locations.com,1
cerigreu.cymru,1
ceredigionhistoricalsociety.org,1
gowerwalkingfestival.spruz.com,1
greenman.net,1
greenbin2greenenergy.com,1
green-sea-ssw.co.uk,1
green-park-jobs.co.uk,1
greek.dating,1
graysmonotony.blogspot.com,1
gowalesblog.wordpress.com,1
gosafesnap.cymru,1
gospel.net,1
gwalia-swansea.co.uk,1
gwresglas.co.uk,1
cerdddantstiniog.blogspot.com,1
gwasanaethcerdd.amdro.org.uk,1
gwasgair.llgc.org.uk,1
gwdihwynos9.blogspot.com,1
cerdddantstiniog.blogspot.co.uk,1
gwylgolwg.com,1
gwylfelin.org,1
gwyldewi.org,1
gwylan.co.uk,1
gwybodaethcaernarfon.co.uk,1
grpsn.com,1
ceredigion.unison.site,1
gwobrauelusennau.cymru,1
gwionthomas.com,1
gwesty-tynewydd.co.uk,1
gwentpcp.org.uk,1
gwennoynamsterdam.blogspot.com,1
gwendasippings.com,1
gwellaysgolionabertawe.blogspot.com,1
gwirfoddolicymru.net,1
grownintheuk.co.uk,1
grosserkreditvergleich.top,1
glock.co.uk,1
cetram.aber.ac.uk,1
glosshome.co.uk,1
dokugaika.therestaurant.jp,1
dynamicwrexham.org.uk,1
dylanurdd.blogspot.com,1
dyfifootprint.org.uk,1
dyffryntywi.lilydewaruile.com,1
dyffrynogwencamera.co.uk,1
chwarel.com,1
dysgucreadigol.celf.cymru,1
dreamsanddialects.weebly.com,1
dreamofiran.com,1
cienfuegoscity.org,1
dogsrunning.blogspot.com,1
dredzilla.com,1
dofollowbacklinks.net,1
dofeorg.overthrowmothership.co.uk,1
doewload.sovmusic.ru,1
doc.com,1
dolgamedd.co.uk,1
cigtimes.seesaa.net,1
dk.librarything.com,1
djonesandsonfunerals.co.uk,1
dispute.press,1
diseniphent.tk,1
chwareaonafi.cymru,1
dytecozixarem.bextselfreset.com,1
glrsportsmanagement.co.uk,1
dutchfood.store,1
disableds-dating-info.com,1
dripcommunity.org,1
drjeremysegrott.weebly.com,1
cialisgoedkoopbestellen.top,1
drummingsolutions.co.uk,1
ds7festival.wordpress.com,1
chwilota.wordpress.com,1
dudleynewbery.co.uk,1
duffy.physio,1
dulaisrhysmusicservices.com,1
dwa-housingconsultants.co.uk,1
e-learning-governors-in-wales.org.uk,1
dwrsaerjoinery.co.uk,1
dwyfach.co.uk,1
chwedloni.cymru,1
dyfed-powys.police.uk,1
dyfedjames99.wixsite.com,1
dyfedpermaculturefarmtrust.org.uk,1
easings.net,1
eascarborough.com,1
earthvo.org,1
earlymodernaber.hcommons.org,1
diseasepdf.com,1
disabledworkers.org.uk,1
dldevelop.com,1
globalmedicals.co,1
cexamuzicym.maisondesvautours.com,1
glan-neigr.co.uk,1
glantaf.com,1
glassfittings.video2b.com,1
glasu.org.uk,1
gldaviesaifab.co.uk,1
glebelandsmarketgarden.co.uk,1
global-stroy.net,1
global.linyang.com,1
globalfarmernetwork.org,1
globalwalescymru.blogspot.com,1
disabled.dating,1
gofalcymrucare.com,1
cern-rugby.weebly.com,1
gofal.mentercaerdydd.org,1
go.vevox.com,1
go-underhill.com,1
gmoresearch.org,1
girls.indonesian.dating,1
gmc-mpts.smartconsultations.co.uk,1
cetohebewavojed.silentsoundsparty.com,1
glyn-davies.blogspot.com,1
git.parabola.nu,1
git.kiwifarms.net,1
git.autistici.org,1
girls.muslim.singles,1
dolgellau.clwbrygbi.cymru,1
dolgellaurfc.mywru.co.uk,1
draigsecurity.com,1
dragonsoccer.co.uk,1
dpfalternatives.com,1
downmagaz.pro,1
doukeibag.com,1
douglasbros.uk,1
dolgellaumusicclub.org.uk,1
dottedshop.com,1
doornumberone.info,1
donorportal.wales.nhs.uk,1
donauradweg-passau-wien.at,1
donate.wikimedia.org,1
donate.mozilla.org,1
domcrei.com,1
dors.police.uk,1
davyryhymyc.cateringwhidbey.com,1
familypoint.cymru,1
fanlyplas.com,1
girls.iranian.dating,1
grayghost.info,1
grantstephensfamilylaw.co.uk,1
cy.greetingsfromhb.com,1
freesport-tv.com,1
challengewales.org,1
free-pharma.com,1
fsf.org.uk,1
frugalsites.net,1
frugalinsa.com,1
frosiotraining.com,1
frongoch2016.new-ones.co.uk,1
friendsofbangor.org,1
fraserwood.co.uk,1
freetxt.org,1
freespinscouponcodes.com,1
forum.studio-agate.com,1
freerobuxpro.com,1
freepages.genealogy.rootsweb.ancestry.com,1
free.nchc.org.tw,1
free-qr.com,1
freestylerecords.co.uk,1
davidrobinson.eu,1
datrys.uk,1
dathlucartref.cymru,1
cordon.cymru,1
cy.hdbandage.com,1
forexdigital.net,1
forexmania.org,1
corcf1.cymru,1
fr.wikibooks.org,1
galesesenpatagonia.com.ar,1
galerie.am7animation.com,1
cfw.wales,1
gaiatogether.com,1
gafakedozic.sunplena.com,1
gadlys.co.uk,1
galestarrakgara.blogspot.com,1
fuelpovertyresource.org.uk,1
ftp.gwdg.de,1
ftd.firetrench.com,1
fr.iyil2019.org,1
fork2fork.wales,1
foundation.wikimedia.org,1
foundation.walesdeanery.org,1
fosterwales.torfaen.gov.uk,1
fosterwales.monmouthshire.gov.uk,1
franklinfurnace.org,1
forum.wordreference.com,1
forum.knowhow.org.ua,1
forum.joomla.org,1
forthefullteam.com,1
forms.uwtsd.ac.uk,1
cy.heavenwind.com,1
cy.hhofactory.com,1
gqpm.fixflo.com,1
cy.fmuser.com,1
cy.hairyhoundnanny.biz,1
coreifionydd.org.uk,1
cy.guide-equip.com,1
cy.freeflywomen.com,1
cy.freedomhomefinders.com,1
coronationmeadows.org.uk,1
cy.fortune-parts.com,1
cy.forexmt4systems.com,1
corporateservices.walesdeanery.org,1
cy.freeinternetvideopoker.com,1
correlation-machine.com,1
coprolab.wales,1
cy.feihu-tools.com,1
cy.feifeiinc.com,1
corriechiswell.co.uk,1
corris.info,1
cy.fashion-best.info,1
cy.flatrigging.com,1
cooknet.ru,1
cy.freesearchworld.com,1
cy.freevideoaudioconverter.org,1
cy.gtadiagnostix.co.uk,1
cy.ie-extract.com,1
cy.hvfoxkarting.com,1
cy.highviewhousebarmouth.co.uk,1
cy.hugemedicalsupplies.com,1
corachflog.blogspot.com,1
cy.hjsecurityservice.com,1
coptic-wiki.org,1
cy.hometimefactory.com,1
cy.hongwugas.com,1
cy.hongyipipeplate.com,1
cy.hongzhungroup.com,1
cy.hsfastener.net,1
cy.hsweldmachine.com,1
cy.htihardware.com,1
cooligfonts.com,1
cy.hxs-soundbooks.com,1
cy.intelligentretailsolution.com,1
coolwatches.eu,1
coop.mycoolclass.com,1
coophomes.fixflo.com,1
cy.ihs-furniture.com,1
cy.haszxyy.com,1
cy.igames8.com,1
copperly.co.uk,1
cy.ialucard.com,1
cy.hydbreaker.com,1
galinabelyaeva.ru,1
fundchecker.businesswales.gov.wales,1
gallizioeditore.com,1
fitjoy.pl,1
foodforlife.org.uk,1
foodcoopswales.org.uk,1
chandlersbrasserie.co.uk,1
focentspirinmanzei.riseabafirslekidsdetyconxatira.co,1
chartist.cynefin.wales,1
flood-warning.naturalresources.wales,1
flintshire.gov.uk,1
flbcnews.com,1
flatholmisland.wordpress.com,1
fitoqiwafeloc.charlesrosier.com,1
fitforthefuture.uk,1
chambermusic.wales,1
flirting.singles.dating,1
fiddlefestival.wales,1
ffyrddmasnachdegcymru.wordpress.com,1
ffynnon.org,1
fcorel.ru,1
fcbumbi.com,1
fbarez.github.io,1
faxafagyni.appligraphic-groupe.com,1
faw.org.uk,1
fasttrackcardiff.wales,1
foodieandthechef.com,1
fishishere.com,1
galwadglyndwr.blogspot.co.uk,1
filterbagfabric.com,1
gpst.walesdeanery.org,1
gpdsgames.com,1
ceredigionheatingandplumbing.co.uk,1
grav13.cymru,1
famousfanboy.blogspot.com,1
garethmorlais.co.uk,1
gardenshareconwy.org.uk,1
fighfeelecurtothe.fullledevilmesitimentmoburarle.co,1
fillingtheholidaygap.org,1
filmfreeway.com,1
find.lic.vnu.edu.vn,1
fis.powys.gov.uk,1
findingada.com,1
finds.org.uk,1
finecolombianemeralds.com,1
finland.helsinki.dating,1
fiqosikokurogimo.stcroixcaribbeanweddings.com,1
firefighters.dating,1
firstgreatwestern.co.uk,1
firstvoice.fsb.org.uk,1
fis.cardiff.gov.uk,1
changemakersswansea.weebly.com,1
fcw.hoffi.work,1
fastpayclub.org,1
fastpay-casino.biz,1
fyfforddimewn.campaign.gov.uk,1
forexfunds.com,1
funding.heritagefund.org.uk,1
fundraise.cancerresearchuk.org,1
fundrazr.com,1
funeraldirectors-carmarthen.wales,1
chad.africa.dating,1
futureforest.eu,1
cgnfhs.org.uk,1
cga.cymru,1
fuwinsurance.co.uk,1
fymhethau.rctcbc.gov.uk,1
fastcrypto.trade,1
fynghyfrif.sirgar.llyw.cymru,1
fynghyfrif.wrecsam.gov.uk,1
g39.org,1
ga.wiktionary.org,1
gabogabihypupi.certifiedneighborhoodspecialist.com,1
gadget-terbaru.net,1
garddiadur.blogspot.com,1
gameshub.news,1
gamblingup.top,1
gamblingconnect.xyz,1
foreignaffairs.co.nz,1
gardenwaste.denbighshire.gov.uk,1
festivalofwales.org,1
fenua-tahiti.com,1
fass.open.ac.uk,1
farmbench.ahdb.org.uk,1
faq.com,1
fantasticforfamilies.com,1
fastpay-casino.casino,1
forasafercardiff.com,1
fdocuments.fr,1
felnamai.co.uk,1
chcgroup.blogspot.com,1
chdaexternal-maximusuk.icims.com,1
fforwmhanescymru.org.uk,1
ffitcymru.fireside.fm,1
checheguevara.blogspot.com,1
ffabiwlas.co.uk,1
fedwfp.co.uk,1
fewevysyziku.menards.club,1
checker.ofcom.org.uk,1
festivalnumber6.com,1
ferryside.amdro.org.uk,1
ferrycake.co.uk,1
fernuinungcuthinnitiresaretalto.co,1
www.fortisvalves.com,1
www.aim-museums.co.uk,1
www.futuressports.com,1
www.3dmingda.net,1
wp-research.aber.ac.uk,1
wp-cy.wikideck.com,1
wrldrels.org,1
worldcat.org,1
www-wed.swansea.ac.uk,1
www.10turntables.com,1
www.4net-technologies.com,1
www.48bug.com,1
www.3principleswales.com,1
www.3dminkeyelash.com,1
www.360swansea.co.uk,1
wrexhamopen.com,1
www.1000ofywydauamwy.wales.nhs.uk,1
www.2canproductions.com,1
www.24hourculture.wales,1
www.2025movement.org,1
bridgnorthlibdems.uk,1
www.1and1.co.uk,1
www.18sjs.com,1
www.123-hotels.com,1
www.25070523.com,1
www.artmetalcn.com,1
britishpilgrimage.org,1
writerchristophfischer.wordpress.com,1
thewelshaikidosociety.co.uk,1
www.abhedashram.org,1
www.abrostudy.com,1
www.aboutmyvote.co.uk,1
www.930frbwt.icu,1
www.abolishthewelshassembly.co.uk,1
brezhoneg.org.uk,1
bridgegalleryny.com,1
www.aberystwyth.emlyn.cymru,1
www.aberwheeler.co.uk,1
bridgendfostering.co.uk,1
www.aberration.org.uk,1
www.8cosmos.com,1
wrl.wales,1
www.61nishi.icu,1
www.5-fords.com,1
brilliantpublications.co.uk,1
wwutilities.co.uk,1
wwkayaks.co.uk,1
ww1ceredigion.wordpress.com,1
bristolabc.wordpress.com,1
wru.co.uk,1
www-north-wales-police.azurewebsites.net,1
wrrc.org.uk,1
thingstodomidwales.com,1
cailincymraeg.wordpress.com,1
brennigjones.com,1
royalwelchfusiliersmuseum.blogspot.com,1
sbbs.org.uk,1
saynothnks.nl,1
saveourrivers.org,1
scapvesbankfunkpufetikcudinmecurha.co,1
safeposter.com,1
safeguardingtool.nspcc.org.uk,1
safeguarding.wales,1
rpt1990.ru,1
rps.org,1
roygodwin.org,1
royaloakhotel.net,1
sbuhb.nhs.wales,1
royalhistsoc.org,1
rss.org.uk,1
royalcolleges.wales,1
rowenconwy.org.uk,1
rovebubbsmitorin.boygarpcesapipatouskontgetdispcorte.co,1
roundangleseyrace.com,1
rotozaza.co.uk,1
rotdytanseretepharrisunsenasuck.co,1
rossmcf.com,1
rowevonymo.elizrosshubbell.com,1
sbensh.bandcamp.com,1
scandinavia.dating,1
saintmichaelsaberg.wixsite.com,1
sarirapejopuzukot.wiztechinplanttraining.com,1
saintsandstones.co.uk,1
sainwales.com,1
sallywalker.co.uk,1
cahomumik.info,1
salt.swansea.ac.uk,1
samshannah.wordpress.com,1
sanclerorganic.co.uk,1
sandfields-primary-school.j2bloggy.com,1
santiago.singles.dating,1
sarahphilpott.co.uk,1
sasdaniels.co.uk,1
scarlets-stage.vindico.net,1
sass.wales,1
saturday-club.org,1
saturnalbany.com,1
scienceblogs.com,1
schymura.info,1
school-of-poudlard.forumsactifs.com,1
scholarships.aber.ac.uk,1
caerphillyanddistrictcrimepreventionpanel.org.uk,1
sccmug.ca,1
safnara.blogspot.com,1
www.absolutearts.com,1
www.acab.dk,1
www.futuretheatrclwyd.com,1
woocommerce-289265-891805.cloudwaysapps.com,1
wisekidssummit.uk,1
brocernyw.org,1
wiseupaction.info,1
workerspartybritain.org,1
wordpress.glyntraian.org.uk,1
wordpress.espanoldelosandes.org,1
word.to,1
wootzoo.com,1
woodlandelc.com,1
wicked.wales,1
wollongongmemorialgardens.com.au,1
windows-files.com,1
wolfcastle-cp-school.j2bloggy.com,1
wokegesugecikazi.frithwilliams.com,1
wmuk-wiki-dev.wikimedia.org.uk,1
brobrynach.amdro.org.uk,1
wjmatthewsaccountants.wales,1
wombblessing.com,1
wicid.tv,1
whywelsh.wordpress.com,1
brodinefwr.org.uk.88-208-200-194.greenschoolsonline.co.uk,1
welshpublications.co.uk,1
winnipegwelsh.org,1
windows-dll.com,1
welshmusicguild.wales,1
www.acornlearning.co.uk,1
www.angelaachavez.com,1
www.anglicanessentialswales.org.uk,1
www.angleseylocal.com,1
www.angleseyheritage.com,1
www.angleseycomputersolutions.co.uk,1
www.angleseybeekeepers.org,1
www.angleseyattractions.co.uk,1
www.angharadjenkins.cymru,1
www.angleseyspring.co.uk,1
welshcrucible.org.uk,1
breeze-abersoch.co.uk,1
windfall.org.uk,1
wifycinumirov.maisonneuve-group.com,1
wig-tastic.co.uk,1
wikimania2014.m.wikimedia.org,1
wikimania2014.wikimedia.org,1
wikimediafoundation.org,1
wild-oysters.org,1
wildflameproductions.com,1
wildwesttouch.wordpress.com,1
williamastonwrexham.com,1
williamlockitt.co.uk,1
welshpremier.com,1
welshmusic.rwcmd.ac.uk,1
www.accurlpressbrake.com,1
www.aaronwynne.wales,1
broga.cymru,1
wfa-cpc.wales,1
www.achosiondayloteri.org.uk,1
worldcamelotfederation.com,1
worldpeaceelite.org,1
www.990725.tw,1
www.9bach.com,1
www.9parkplace.co.uk,1
www.a-topmachine.com,1
www.aaronandpartners.com,1
www.aattt.org.uk,1
westent.co.uk,1
www.abacoustics.net,1
www.aballu.co.uk,1
www.abbeycwmhirhistory.org.uk,1
www.abcelebration.cymru,1
www.abdurrachim.com,1
www.aberbangorpartnership.ac.uk,1
www.aberdaronlink.co.uk,1
www.aberletting.com,1
www.abernant.ysgolccc.cymru,1
www.aberporthcommunitycouncil.gov.uk,1
wern-watkin.co.uk,1
westminsterdeckandfence.com,1
welshmormon.byu.edu,1
workingwordpr.com,1
welshmills.org.uk,1
welshsailingevents.org,1
welshmalevoicechoir.org.uk,1
welshlegalhistory.org,1
welshlanguagetribunal.gov.wales,1
welshladieschoir.co.uk,1
welshfurniture.com,1
welshfoodproducers.com,1
welshfarm.co.uk,1
welshlibraries.org,1
welshsaints.ac.uk,1
westminsterinsight.com,1
welshvarsity.com,1
whiterocktrails.org,1
whitefort.ru,1
whiasu.publichealthnetwork.cymru,1
brodyrevansbros.co.uk,1
what3words.com,1
wh1.snapsurveys.com,1
welshsenateofolderpeople.org,1
wgintranet.spindogs-dev.co.uk,1
westwalesancestors.co.uk,1
scillyarchaeology.wordpress.com,1
rsu.heiw.wales,1
ru.sgames.org,1
campaign.iop.org,1
quakersmidwales.org,1
pyjamasandcrumpets.wordpress.com,1
pwygeithygig.cymru,1
putyhekecewimuf.siyamiozkan.com,1
pussreboots.com,1
purristan.com,1
purpleplaques.wales,1
campaigns.macmillan.org.uk,1
pybs.blogspot.com,1
reipobentidegu.missrucpotemadistnelmarkjongfactreti.info,1
quickfixit.net,1
qatar.singles.dating,1
radiotodayjobs.com,1
radiopublic.com,1
radioglanclwyd.co.uk,1
radioequinoxe.com,1
radiobgm.org.uk,1
cambrianutilities.com,1
quality.walesdeanery.org,1
race-nation.co.uk,1
qynagaxaqo.freelancerscomic.com,1
qylefamycok.museudelantoni.com,1
pyvuzozadadijyrux.egypharmed2018.com,1
qdpservices.co.uk,1
quod.lib.umich.edu,1
redlobsterlocationsinarizona.blogspot.com,1
rebeccaedmundsartblog.wordpress.com,1
recargarmovil.org,1
reincarnationresearch.com,1
regtrading.com,1
register.openathens.net,1
register.food.gov.uk,1
regia.org,1
regantalentgroup.co.uk,1
raiseyourskillz.com,1
refugeekindness.org,1
redlineindoorkarting.co.uk,1
qepizahumun.tonyasgaapartments.com,1
reddoor-homes.fixflo.com,1
redbrick.fixflo.com,1
recordiaucaegwyn.com,1
reclaimthepower.org.uk,1
reedsy.com,1
railrambles.cymru,1
raglanvillagehall.org.uk,1
radyrpost.co.uk,1
quaker.org.uk,1
qfp.quakerweb.org.uk,1
quotebold.com,1
quidsinmagazine.com,1
safedrivingforlife.info,1
rhydypennau.ceredigion.sch.uk,1
rockuk.org,1
rhylminiaturerailway.co.uk,1
caldys2.eu,1
robertjones.info,1
robertbowen.weebly.com,1
roadwatch.eu,1
roadto2012.npg.org.uk,1
roachiesreviews.com,1
rnli.org,1
robotvacuumcleaner.cn,1
rhydianmason.blogspot.com,1
roguh.com,1
rhwydwaith.techiaith.cymru,1
calonwen-cymru.com,1
reudyfam.blogspot.com,1
responsivevoice.org,1
respiratoryinnovation.org,1
resources.hwb.wales.gov.uk,1
resource.download.wjec.co.uk,1
revise.purplemagpie.com,1
resolve-cymraeg.lease-advice.org,1
research2.southwales.ac.uk,1
rogerboore.wordpress.com,1
roisorg.com,1
quidditchuk.org,1
rifleroffoshalen.blogspot.com,1
camcywir.cymru,1
caldera.blogponsel.info,1
reisecafe-premnitz.de,1
reportanincident.food.gov.uk,1
rhylscoutandguideband.org.uk,1
rhysdafyddjones.org,1
calling-the-shots.com,1
rhysllwyd.tumblr.com,1
rhystaylorld.wordpress.com,1
richardstaines.co.uk,1
riodejaneiro.southamerican.dating,1
rokireshigi.storeinfo.jp,1
ripitymojoxogunoq.escape-addict.com,1
rise-cardiff.cymru,1
rishton.info,1
ritorno2015.com,1
rivers-and-seas-test.naturalresources.wales,1
rivers-and-seas.naturalresources.wales,1
rjelectrics.com,1
rlloydpr.co.uk,1
rmvc.co.uk,1
roku-entscheiden-ukazat.fun,1
readingdigitalfiction.com,1
readingdaringlydarllenbeiddgar.blogspot.com,1
readingdaringlydarllenbeiddgar.blogspot.co.uk,1
singapore.asia.dating,1
shop.bragdycybi.cymru,1
shop.makersguildinwales.org.uk,1
shop.myonlinebooking.co.uk,1
shop.northumbriacommunity.org,1
shortest.link,1
shortstops.info,1
siansemporium.com,1
sianw.blogs.southwales.ac.uk,1
sioedyffrynogwen.wixsite.com,1
sioebancffosfelenshow.cymru,1
cadwieir.wordpress.com,1
shop-flagman.ru,1
simplywordpress.net,1
simplycollectiveworship.co.uk,1
sharonmariej.wordpress.com,1
simplr.us,1
simmons.ethicspoint.com,1
siit.net,1
sightlife.wales,1
sigesanblog.com,1
sibrydionmawr.wordpress.com,1
siartercartrefi.org,1
shop.aber.ac.uk,1
shoneilianironworks.co.uk,1
re-inventing-live-events.bangor.ac.uk,1
rugbyonline.blog,1
s726092860.websitehome.co.uk,1
s605356776.websitehome.co.uk,1
s4c.urdd.cymru,1
s4c.cymru,1
caitomos.com,1
ru.scribd.com,1
ryzefaqipohazyq.coopsifas.com,1
ruvivuzemyk.rangelyautomuseum.com,1
ruthindental.com,1
ruperra.weebly.com,1
rubicondance.co.uk,1
shitclic.blogspot.jp,1
rubesco.wordpress.com,1
ryubusboundrenepholirachamingwrithan.xyz,1
rosemarysutcliff.net,1
scmo.org,1
scribblah.co.uk,1
sheepwalksnowdonia.wales,1
shellfishcentre.bangor.ac.uk,1
caerdydd.ac.uk,1
shipshapelandscape.co.uk,1
shipusl.com,1
simonvanderstel.co.za,1
shaolin-rainer.com,1
sgwennusue.sueproof.wales,1
rolandclarke.com,1
serrurerie-farizon.fr,1
caerdyddwrthnos.wordpress.com,1
caerfelin.amdro.org.uk,1
caergors.org,1
seldgymreig.wordpress.com,1
selblogh.net,1
sekishow.jp,1
seniors.singles,1
sioegwyn.com,1
rooftops.jp,1
ranah02maya.mihanblog.com,1
sgllevents.blogspot.com,1
randomlyevil.org.uk,1
raticugyvewukori.greggdev.com,1
raya1wan.blogponsel.net,1
raycornelius.com,1
rayoflightwales.org.uk,1
raysphotos.net,1
razi-tajhiz.ir,1
razypemipezyn.innovationoptimiser.com,1
razzsabugzoniterc.orehcasimarmararynguricepo.info,1
rcahmw.ibase.media,1
seimonioan.blogspot.com,1
servicesonline.dwrcymru.com,1
sesiwn.com,1
sextember.org,1
secure.avaaz.org,1
secretformoney.live,1
secoursrouge.org,1
seatrust.org.uk,1
searchworks.stanford.edu,1
searchukjobs.com,1
secure.mipermit.com,1
searchlightcymru.org.uk,1
search.library.utoronto.ca,1
search.gipoco.com,1
search.digido.org.uk,1
sdtest.us,1
scrqualitymarkers-scie.nspcc.org.uk,1
scriptographyproductions.co.uk,1
searchenginesindex.com,1
scotland.lovefoodhatewaste.com,1
seenrockcymraeg.tumblr.com,1
seintiau.cymru,1
sgiliaurhwydweithio.eventbrite.co.uk,1
sgentilyfrimi.wordpress.com,1
sexy-rugby.com,1
www.anglo-american.co.uk,1
www.annapritchard.co.uk,1
www.annaswelshzoo.co.uk,1
welshchapel.com,1
wao.gov.uk,1
walesnuclearforum.com,1
walrestaurant.co.uk,1
walesyes.blogspot.com,1
waleswatersports.com,1
walestheatreawards.org,1
walesrugbyleague.co.uk,1
walesresearch.livejournal.com,1
brunel-student.fixflo.com,1
walkingthroughtime.app,1
urbanmyths.ca,1
waqi.info,1
uralstroyka.ru,1
trackacrat.com,1
tradeandinvest.wales,1
tradeboxmedia.com,1
tradingbattlenet.com,1
burnsbyyourside.org,1
bureaudesnouveautes.blogspot.com,1
trahir.wordpress.com,1
trailevents.co,1
tramitalofacil.com,1
waparts.org.uk,1
warbowwales.com,1
trans2work.eu,1
brynamanlido.com,1
watermelon-horse-sayp.squarespace.com,1
waterfrontonline.co.uk,1
wastelesssavemore.wordpress.com,1
walesforpeace.org,1
walesfilmfestival.com,1
walesexporters.org,1
walesdirectory.co.uk,1
walesdanceplatform.co.uk,1
walescottageandvenue.com,1
walesguidetraining.com,1
walesairforum.wordpress.com,1
warwick.ac.uk,1
bryncellidduarchaeology.wordpress.com,1
bryncocyn.com,1
wales.us10.list-manage.com,1
wales.nbnatlas.org,1
brynllwydwyn.co.uk,1
walesandchestercircuit.org.uk,1
bryntanat.co.uk,1
waleshealthcare.com,1
walesppa.org,1
wasco.org.uk,1
trans-ageing.swan.ac.uk,1
transdict.com,1
tonnau.cymru,1
timbowenantiques.co.uk,1
tiwnstitaniwm.weebly.com,1
burum.co.uk,1
tododls.com,1
timeforyou.cleaning,1
tiktokrealtime.com,1
tifidlinifitenisicnenotanrie.co,1
thomascharlesinstitute.com,1
thisismylanguage.eu,1
business.airband.co.uk,1
thirdsectorlab.co.uk,1
tregaronleisurecentre.co.uk,1
toastmastersdistrict61.org,1
togetherdeclaration.org,1
toiled.life-dating.ru,1
tour.ndcwales.co.uk,1
totanshida.therestaurant.jp,1
torfaenmuseum.org.uk,1
torfaen.dialogue-app.com,1
torf.llyfrgell.cymru:443,1
topvpn.review,1
togetherwe.bangor.ac.uk,1
topfiction.blog,1
tmt.wm-staging.co.uk,1
tocpublicrelations.com,1
transformativeworks.org,1
burryport.carmarthenshire-towns.info,1
transition-bounceforward.org,1
transitiontywitrawsnewid.org.uk,1
translate.bangor.ac.uk,1
travel.roadstransporter.com,1
trefollwyn.co.uk,1
trefnantgarage.com,1
treferthyr.vox-cms.com,1
bullbaygc.co.uk,1
bulliesout.com,1
trcmedia.org,1
trcgyrfaoeddcynnar.cymru,1
bursaakademicka.pl,1
bullsheadinn.co.uk,1
trawsgoed-council.wales,1
travisleekoller.blogspot.com,1
traveltradeready.net,1
travelleisure.global-article.ws,1
traveldirectory.moneyadviceservice.org.uk,1
bullockmusic.info,1
tr-1xbet.icu,1
tqg.org.uk,1
towyhotudin.travel-australia-planning-guide.com,1
welsh-cards.com,1
welch-estates.fixflo.com,1
welcometoourwoods.ac4.amitywebsolutions.co.uk,1
vadimg.com,1
btexvip05.extra.bt.com,1
vpnwp.com,1
vpnandusenetreviews.com,1
vote-2012.proboards.com,1
volunteeringmatters.org.uk,1
vts-fi.com,1
vietnamese.dating,1
video.raysonchina.com,1
victormorgan.org,1
bubbl.us,1
v-sb.net,1
vufasogekeqyki.johnsonout.com,1
uwtsdlibraryblog.blogspot.co.uk,1
buckleytownfootballclub.co.uk,1
uwchradd.ygbm.cymru,1
valeriane-leblond.eu,1
buddhisthermitage.wales,1
uswexchange.us14.list-manage.com,1
users.cs.cardiff.ac.uk,1
usa.option.news,1
us5.campaign-archive.com,1
us2.campaign-archive.com,1
vsingleyx.biodiverse.xyz,1
vietnoodlebar.net,1
wellcomecollection.org,1
vitalion.kz,1
vigorvoshakarkajill.xyz,1
vigrxplusrevealed.com,1
vikas.dev.wcukdev.co.uk,1
vinehouse1829.co.uk,1
virgendelinares.com,1
virtualdogshow.org,1
visitcrickhowell.wales,1
visithaninge.se,1
visitmyfarm.org,1
visitthevale.com,1
vocim.ru,1
vwcaliforniaclub.com,1
vogonline.planning-register.co.uk,1
volcanofridays.wordpress.com,1
volhours.com,1
volunteeracademy.blogspot.com,1
volunteering-wales.net,1
wales-camping.co.uk,1
wakemans.com,1
wakelet.com,1
wagpropertysearch.evolutive.co.uk,1
btcpost.ru,1
us.sagepub.com,1
utubedownloader.com,1
wales.breconplaybarn.co.uk,1
week.digileaders.com,1
wearehuman.canalblog.com,1
wearetearfund.org,1
brookvilletimes.com,1
web.onetel.com,1
webacc.shaw-trust.org.uk,1
webapps.rhondda-cynon-taff.gov.uk,1
webchat.cardiff.gov.uk,1
websetnet.com,1
webtranslateit.com,1
wecycle.org.uk,1
welshbloggers.blogspot.com,1
valleycatholiconline.com,1
welshbagpipes.co.uk,1
welsh.yokoheight.org,1
brohollsaint.weebly.com,1
welsh.kottoglass.com,1
welsh.dynamic-eq.com,1
wawelshsociety.org.au,1
welsh-sports-hall-of-fame.wales,1
welsh-academic-press.shopfactory.com,1
wellstonjournal.com,1
wellmi.bangor.ac.uk,1
we-edit.de,1
wdtprs.com,1
wcva.org.uk,1
broradio.fm,1
vanchhandheld.com,1
viasacra.org.uk,1
viaderwines.co.uk,1
vertrektnaso.com,1
vergamdental.com,1
verfutbol.info,1
btregions.mynewsdesk.com,1
vamtnetworknews.blogspot.com,1
velodrome.cymru,1
vdocuments.site,1
vcsestrengthchecker.org.uk,1
vcc.fitforthefuture.uk,1
vaticanholyseeapostolicnunciature.blogspot.com,1
varennaleeuwarden.nl,1
vanuatu.singles.dating,1
veecus.com,1
urotlitatiternworlnisttinhumugest.xyz,1
wales.epublicnotices.co.uk,1
wales.landscapeinstitute.org,1
wazzub-gaelic.blogspot.com,1
brotaf.com,1
toobworld.blogspot.com,1
tomthemusical.co.uk,1
www.anncatrinevans.co.uk,1
www.adzuna.co.uk,1
www.adfywio.plaidcymru.org,1
br.m.wikipedia.org,1
www.agilenation.org.uk,1
bradleys.fixflo.com,1
www.agbcaernarfonbid.co.uk,1
www.afwdl.cymru,1
www.afanforestpark.co.uk,1
www.addysgop.co.uk,1
www.aerospacewalesforum.com,1
bragdy-lleu.myshopify.com,1
www.adventis.ca,1
www.aluminiumetals.com,1
brandbag.keepwalestidy.cymru,1
www.adrianjackson.co.uk,1
branibgosmicfmafan.scapvimasmejarimysraigegeargiman.co,1
www.aemri.co.uk,1
www.acraew.org.uk,1
www.aluminum-profiles-supplier.com,1
www.alungriffiths.co.uk,1
bookwormtheatregroup.co.uk,1
www.antibodybiotech.com,1
bookshout.com,1
www.addysgmon.org,1
brecknockwildlifetrust.org.uk,1
www.aoxjet.com,1
www.adcotehouse.co.uk,1
www.allowingtime.cymru,1
www.alloutinfo.co.uk,1
boxboxshirt.com,1
www.allineatorisorridi.com,1
www.alligater.org,1
www.allthingswales.co.uk,1
www.ahpipecladding.com,1
www.ahappywanderer.com,1
br-1xbet.xyz,1
www.addiswalmara.com,1
breastcancernow.org,1
www.acronymfinder.com,1
www.acuteabrasives.com,1
www.acupuncturewestwales.co.uk,1
brecknocksinfonia.co.uk,1
www.addysg-ffalala-education.com,1
brecknocksociety.co.uk,1
breconmedicalgroup.co.uk,1
www.actionfraud.police.uk,1
www.action-project.com,1
breconstory.wales,1
www.acscool.co.uk,1
www.aootan.com,1
www.apexdisplaycn.com,1
tokyogorepolice.com,1
borz.org,1
www.annspantry.co.uk,1
borth-rowing-club.org.uk,1
www.ancienttexts.org,1
www.anastas-bethlehem.com,1
www.analoguewebportal.com,1
www.anafonhydro.co.uk,1
www.anadlu.com,1
www.amserjustintime.org,1
www.androidcasinobonus.com,1
www.amicusacademies.org.uk,1
bosquepetrificado.wordpress.com,1
www.archiveofourowno.com,1
www.amazon.fr,1
www.amazon.com,1
www.amazing-tshirts.co.uk,1
www.amazing-clothing.com,1
www.amestoragetec.com,1
www.aluminumtubessupplier.com,1
www.anebon.com,1
www.angelchambers.co.uk,1
borthcommunity.info,1
www.anncrafttrust.org,1
www.ansh.cymru,1
www.aradgoch.org,1
books.mondadoristore.it,1
www.artiegarden.com,1
www.apkboxx.com,1
www.aplus-bottle.com,1
www.apowerhouseforthewest.org.uk,1
www.appbrain.com,1
www.appicnews.com,1
www.apps-trader.com,1
www.appszoom.com,1
www.apptweak.com,1
www.aquagem.com,1
www.aquestionofcare.org.uk,1
books.google.co.id,1
www.arap.co.uk,1
www.aromaeasy.com,1
books.google.com.eg,1
books.google.com.hk,1
www.argoedd.cymru,1
www.antaigroup-china.com,1
www.arfon.com,1
www.arcenterprises.co.uk,1
www.arc-trust.org,1
www.arbdwales.co.uk,1
www.arbcore.co.uk,1
www.allthetopbananas.com,1
www.alltwaliswindfarm.co.uk,1
www.ahrc.ac.uk,1
uncomohacer.com,1
unogeiriau.blogspot.com,1
unllais.co.uk,1
universaldocumentation.com,1
uk.infreshjobs.com,1
united-kingdom.option.news,1
unferchfach.blogspot.com,1
undoing.agency,1
buddypress.org,1
undinezimmer.de,1
uncyclopedia.wikia.com,1
unicode.org,1
upfrontreviews.com,1
uk.dating,1
uk-jobs.pro,1
uhl.fitforthefuture.uk,1
tuscswansea.blogspot.com,1
tuscswansea.blogspot.co.uk,1
turkish.dating,1
turbolangs.com,1
tula71.ru,1
tuklas.up.edu.ph,1
tuskercars.com,1
unsettlingscientificstories.co.uk,1
uploads.scratch.mit.edu,1
www.allwalesforum.org.uk,1
ukandeu.ac.uk,1
tokillamachine.co.uk,1
toinformistoinfluence.com,1
top-diet.com,1
urbanliving.ukri.org,1
tricachlic.cymru,1
triosci.cymru,1
uk.jooble.org,1
uk.whatjobs.com,1
uk.workus.org,1
ukalta.org,1
ukharp.net,1
unchannel.org,1
ukllc.ac.uk,1
uknqt.epsrc.ac.uk,1
uks-prd-bsa-xp2-cd.azurewebsites.net,1
uktc.trackprogress.online,1
ukub.site,1
ukunitarians.org.uk,1
ukvisionstrategy.co.uk,1
umcc.blogspot.com,1
umuru.com,1
unate.org,1
tudalen.blogspot.com,1
trywyddyllywyddmyw.blogspot.com,1
truthhammerburinnfenriktilar.xyz,1
www.aledgwyn.co.uk,1
cy.oglyad.net,1
www.airspring-factory.com,1
www.airtoolssupplier.com,1
www.airworldmuseum.com,1
www.aksohealthcare.com,1
www.alamy.com,1
www.alawoncymru.com,1
www.albertnovosino.com,1
www.alcemi.eu,1
www.aledellis.com,1
www.aledlewisfurniture.com,1
trositanat.co.uk,1
www.aledrheon.com,1
bp-hall.co.uk,1
www.alfrescobuildings.co.uk,1
www.allagents.co.uk,1
www.alliance4usefulevidence.org,1
botuvihulypuky.pacificwomensnetwork.com,1
www.alphaplus.co.uk,1
www.alpha1awareness.org.uk,1
www.alnpathfinder.wales,1
www.alnasher.net,1
welsheggs.co.uk,1
welshcopper.org.uk,1
thingsunderstood.wordpress.com,1
tywyndistrictcoronasupport.co.uk,1
troseddachosb.llyfrgell.cymru,1
trivsanjuletmauflatroatwisnasurgosan.xyz,1
triples.office-on-the.net,1
tsswpat.co.uk,1
trinity-microsites.s3.amazonaws.com,1
tuxpaint.org,1
tweetybucks.com,1
ufi.co.uk,1
udm.moonfruit.com,1
bujoqawytydupy.mikemccarthycomedy.com,1
bukeandgass.com,1
bulb.co.uk,1
u3asites.org.uk,1
tw.sgames.org,1
tywyntowncouncil.wales,1
bulgarian.dating,1
tyranus.madpath.com,1
tyhenhenllys.wales,1
tybarcud.com,1
ty-bach-twt.co.uk,1
txtermpaperzdxv.landscaperben.us,1
research.dwp.gov.uk,1
repwblic.informe.com,1
republicancommunist.org,1
www.dementiaresearcher.nihr.ac.uk,1
www.denbighandflintshow.com,1
www.diccionarioingles.com,1
www.dianawilliamsartist.com,1
www.dhwelding.com,1
www.dhogieband.com,1
www.dhcomposite.com,1
bangorcivicsociety.org.uk,1
www.dgchunyip.com,1
www.dianemathias.co.uk,1
bank-street-unitarian-chapel-bolton.com,1
www.demanpacking.com,1
www.dimgwynt.co.uk,1
www.darogancymru.com,1
www.dapengweixiu.com,1
www.dancesofuniversalpeace.org.uk,1
www.dancefit-cardiff.com,1
www.dafyddhughesandco.com,1
www.daftonsmt.com,1
www.databasic.io,1
www.dafnedesign.com,1
www.czhucheng.com,1
www.czech.hostelworld.com,1
www.diddilydeedotsdreamland.zoomshare.com,1
www.dinasbangor.cymru,1
baseballgears.info,1
www.derrierloisirs.fr,1
www.directmediationservices.co.uk,1
www.cynwylelfed.cymru,1
www.cyrsiausabothol.cymru,1
www.denbighchoir.com,1
www.denbighldp.co.uk,1
bangorpeace.co.uk,1
bangorgolf.co.uk,1
bangorfirst.co.uk,1
www.derbymuseums.org,1
www.dereidorri.com,1
www.descriptionari.com,1
www.dinistrio.com,1
www.designaddictmom.com,1
www.designcirclewales.co.uk,1
www.designtherapy.com,1
www.desunpump.com,1
www.developingdylan100.co.uk,1
www.dewieirig.cymru,1
www.dewin.cymru,1
www.dexingmingcase.com,1
www.dioni.co.uk,1
www.diogelwchyffyrdd.caerdydd.gov.uk,1
www.czahmachine.com,1
basementproject.co.uk,1
www.givey.com,1
www.gigalighting.com,1
www.geraintdavieshearing.com,1
asian.singles.dating,1
asian.muslim.singles,1
www.gfbagsvideo.com,1
www.gfh-electric.com,1
asian.deaf.dating,1
www.ggplaw.co.uk,1
www.ghmask.com,1
www.giantsnorthwales.co.uk,1
www.giceredigionys.co.uk,1
www.gildasmusic.com,1
www.geoplace.co.uk,1
www.gingerandtall.co.uk,1
www.glengettietea.co.uk,1
www.glee.co.uk,1
asesiadauawtistiaethcymru.org,1
www.glanyfferi.ysgolccc.cymru,1
www.glanyfferi.amdro.org.uk,1
www.glanuskestate.com,1
www.geom.uiuc.edu,1
www.glanllyn-newport.co.uk,1
www.glamorled.com,1
www.geowise.co.uk,1
www.geoparcyfforestfawr.org.uk:443,1
www.cystadleuaethigantorioncymreig.com,1
www.datblygu.com,1
www.czldfloor.com,1
www.cyreal.org,1
www.dataunitwales.gov.uk,1
www.datgan.co.uk,1
www.deilen.online,1
www.deherbergvanrune.nl,1
baptistpensions.org.uk,1
www.defouland.com,1
www.deevalleywater.co.uk,1
www.deepholemachinery.com,1
baravin.co.uk,1
asmaliralindtansedesucmonsrity.co,1
www.deathember.com,1
www.de-oscuro.com,1
www.ddc.uk.net,1
www.dayofarchaeology.com,1
www.davies.info,1
www.daviddarkin.com,1
www.decoconnection.com,1
www.cy.buyoutdoorproduct.com,1
azrefs.org,1
www.europeana.eu,1
www.cyclinguk.org,1
www.cy.vmsworks.com,1
www.cy.winwinchemicals.com,1
www.cymdeithasbrodwaith.cymru,1
www.elearning.prevent.homeoffice.gov.uk,1
www.elcastillocr.com,1
baggyrinkle.co.uk,1
www.ejsign.com,1
www.eisteddfodcaerdydd.cymru,1
baekdengkak.blogspot.co.id,1
www.eurekalert.org,1
www.disabilitysportwales.com,1
www.dippingmaster.com,1
becomearef.wales,1
beca.ysgolccc.cymru,1
www.elevate.community,1
www.cymdeithaswaldosociety.org.uk,1
www.cymdeithasycymod.org.uk,1
beautiful-beast.net,1
www.cymraeg.cadmhas.co.uk,1
beaminvasion.solarbotics.net,1
www.cymraeg.monteverdisingers.org.uk,1
www.cymraeg.walescancerpartnership.com,1
www.cymraeg.walesonrails.com,1
www.cymraeg.ysgolgwaunynant.co.uk,1
www.cymraegailiaith.com,1
baekdengkak.blogspot.com,1
www.ehaseflex.com,1
www.cy.wirc.wales,1
www.edf-re.ie,1
www.eglur.co.uk,1
www.efolio.soton.ac.uk,1
www.efinegroup.com,1
www.eeniglobal.com,1
www.edwardsofgwynedd.com,1
www.eglwysyngnghymru.org.uk,1
www.educardiff.co.uk,1
www.edlonwood.com,1
www.edgeofwaleswalk.co.uk,1
www.edfenergy.com,1
www.edcw.org,1
www.elgar.org,1
www.ectopicpregnancy.co.uk,1
www.ednfoundation.org,1
www.ecostars-uk.com,1
www.eguk.org.uk,1
baghdad.iraqi.dating,1
www.eml-to-pst-converter.com,1
www.emagister.com.mx,1
www.emaconsult.co.uk,1
www.elunedgrant.com,1
www.elliotthamiltonblog.com,1
www.cymru-catalunya-association.com,1
www.cymru.fm,1
www.cymruchwareus.org,1
www.cy.uniform-odm-oem.org,1
www.cy.hthbearing.com,1
beechhouse.gpsurgery.net,1
www.cy.cnstreetlight.com,1
www.cy.cnsourcelights.com,1
www.cy.china-creator.com,1
www.cy.china-brewery.com,1
www.cy.chairoem.com,1
www.cy.greetech-switch.com,1
basketball.wales,1
www.cy.safetylockey.com,1
www.cylch.org,1
www.cymruculture.co.uk,1
www.cyfoeth.org,1
www.cyfieithwyrcymru.org.uk,1
bedsfiromadbivis.chaiginibutacklersbronfallbercheckslutboots.co,1
www.cyfiaith.com,1
www.cyffwrddcelfcyf.org,1
www.cy.tyvekproducts.com,1
www.cyclosport.org,1
www.cyberium.co.uk,1
www.cyberessays.com,1
www.cy.ydget.com,1
bedwineud.blogspot.com,1
www.cy.kangleplastic.com,1
www.cy.king-tire.com,1
www.cy.mesashower.com,1
www.cynnwrfcasnewydd.co.uk,1
www.cynnig.co.uk,1
batogyguqubago.atholmoraleephotography.com,1
bazingascience.co.uk,1
www.cyngortrefpenrhyn.co.uk,1
www.cyngortrefcastellnewyddemlyn.cymru,1
www.cylchygarn.co.uk,1
www.cyngorcymunedpontyberemcommunitycouncil.co.uk,1
www.cyngorcymunedllangoedapenmon.co.uk,1
www.cyngorcelfyddydaucymru.org.uk,1
www.cyngorarthogcouncil.cymru,1
bbsrc.ukri.org,1
www.cymunedau2dot0.org.uk,1
www.cymruygwirflas.co.uk,1
www.cyngorcymunedllanrhystud.com,1
www.cylchmeithrintrelai-caerau.co.uk,1
bedandbreakfastincardigan.co.uk,1
www.cylchgrawnbarn.com,1
www.cy.porschetuner.com,1
www.cy.newstar-led.com,1
www.cy.mmcoatedal.com,1
www.gladstoneslibrary.org,1
asia.dating,1
www.emuarticles.com,1
www.ffionhaf.co.uk,1
www.fiber-optico.com,1
www.fginsight.com,1
autistance.org,1
www.ffug.co.uk,1
www.ffriddyllyn.gwynedd.sch.uk,1
www.ffridd.anglesey.sch.uk,1
www.fastenerscrews.com,1
www.ffoton.wales,1
www.fflintyrifanc.co.uk,1
www.ffiws.cymru,1
avalentinesdayideas.com,1
www.fenharxz.com,1
www.ffermpenybont.co.uk,1
www.ferwig.org,1
automaticdoor.info,1
www.fasten4.nl,1
awen-libraries.azurewebsites.net,1
www.fanhaopets.com,1
www.ewloegreen.co.uk,1
www.ewigbike.com,1
awowen.co.uk,1
www.evrfc.co.uk,1
www.ferrovial.com,1
www.fencing-cn.com,1
www.everythingschangingbook.com,1
www.favirginhairvideo.com,1
www.government-online.net,1
arwyr-cyfrifiad-2021.addysgycyfrifiad.org.uk,1
www.gospellighthouseofprayer.com,1
arwyrbwyd.cymru,1
www.gorllewingwyllt.com,1
www.gowerscapes.com,1
www.eurocarparks.com,1
www.fzhgp.com,1
www.fychinamedical.com,1
www.fastfom.net,1
www.faw.org.uk,1
www.femalesachievingbrilliance.org.uk,1
www.fbcmb.co.uk,1
www.fcha.org.uk,1
www.fdf.org.uk,1
www.febwebbing.com,1
www.feedage.com,1
www.feellife.com,1
www.feeltek.net,1
avrupabirligigazetesi.com.tr,1
www.felinwales.org,1
www.felshare.com,1
www.evolutionmegalab.org,1
www.excaliburgenerator.com,1
www.ginormous.solutions,1
www.free-web-cam-chat.com,1
authorstevecostello.com,1
www.filthyrichslots.com,1
www.fostercarecooperative.co.uk,1
www.fosterswiss.com,1
www.foyles.co.uk,1
www.fpsonline.org.uk,1
www.francisboutle.co.uk,1
www.frankbathroomvanity.com,1
www.franklinmining.com,1
www.free-translator.com,1
atgofion.co.uk,1
www.ezlasermachine.com,1
www.freeslotsipad.com,1
www.freeunblocked.pw,1
www.freeview.co.uk,1
www.friendsofcefnonn.org.uk,1
www.frontop.com,1
atgof.co,1
www.fscyal.com,1
www.fxpremiere.com,1
www.fxctool.com,1
astudio.cardiffmet.ac.uk,1
www.fydd.org,1
www.exerciseregister.org,1
www.evernew-hose.com,1
www.famoussteel.com,1
www.everfineplastics.com,1
awyriach.cymru,1
www.event-rater.com,1
www.eurosrowlands.com,1
www.europebreakingnews.net,1
www.europeantimes.news,1
www.evergrowingcage.com,1
www.fibereye2.com,1
awenthelibrary.cymru,1
www.exec-appointments.com,1
www.familylives.org.uk,1
www.exonumi.com,1
www.familyarts.co.uk,1
www.familiesfirstnewport.org.uk,1
www.faithbuilders.org.uk,1
www.fadedpage.com,1
www.excitech-sh.com,1
www.factbites.com,1
www.eyelashes-for-cars.com,1
www.extrasoccer.net,1
awenanon.blogspot.com,1
www.expresscasino.com,1
www.govyou.co.uk,1
www.gracebestbuy.com,1
www.goodpracticewales.com,1
www.gcgcc.org.uk,1
www.geiriadursbaeneg.com,1
www.geiriadurffrangeg.cymru,1
www.geigerbay.com,1
www.gaytimes.co.uk,1
www.gecko-kalimba.com,1
www.gdyazhu.com,1
www.gdpr.associates,1
www.gdjones.co.uk,1
www.gcsconveyor.com,1
www.gciwales.org,1
www.gdzhisen.com,1
www.gelligaerlocalhistoryappreciationsociety.org.uk,1
www.gaia-tech.com,1
www.gllsportfoundation.org,1
www.globalsteps.eu,1
www.grundtvig.org.uk,1
www.gtdigitalaerials.co.uk,1
www.gtl-toolsbank.com,1
www.guildofcool.com,1
www.gumtree.com,1
artuk.org,1
www.guspayne.com,1
www.gelert.tv,1
www.gemnice.com,1
www.grahamhall.org,1
asterix-obelix.nl,1
www.gingerbread.org.uk,1
www.glanaethwy.com,1
asmallstone.com,1
www.genimal.com,1
www.gendrosprimary.com,1
assemblywales.us7.list-manage.com,1
www.garyacrylic.com,1
www.gartholwg.org,1
www.garethdjones.co.uk,1
www.gardinerstreetdublin.com,1
www.gatortrack.com,1
www.gcar-cgc.org.uk,1
www.gaofeng-petro.com,1
www.gamesmixie.com,1
www.gamcare.org.uk,1
www.gamblingtherapy.org.uk,1
www.gamblingcommission.gov.uk,1
www.galwgofal.gov.uk,1
www.gaitoms.com,1
astud.net,1
www.glenwoodchurch.org,1
www.gavo.org.uk,1
artsinfopointuk.com,1
artsalivewales.org.uk,1
arts4dementia.org.uk,1
www.glroofsheet.com,1
www.golleyslater.com,1
www.goleudyvictimandwitnessservice.org.uk,1
www.goldenyacca.cymru,1
www.goenergyshopping.co.uk,1
www.godnmac.com,1
www.gomushroom.com,1
www.godlyplay.uk,1
asalah-nasri.blogspot.com,1
www.gmmdjx.com,1
www.gmk-valve.com,1
www.glpurifier88.com,1
arts-engine.org.uk,1
www.glorystarlaser.com,1
arzthaftungsra.de,1
www.global-inflatables.com,1
www.goodjobs.org.uk,1
www.goodschoolsguide.co.uk,1
www.greenlanebiketours.co.uk,1
www.greenhealthwales.co.uk,1
www.greatplacescheme.org.uk,1
www.greatbritishjobs.co.uk,1
www.gratingcompany.co.uk,1
www.golyg.com,1
www.greenman.net,1
artwarefineart.com,1
www.groupeve.com,1
artpembrokeshire.co.uk,1
www.gwct.org.uk,1
www.gweikelaser.com,1
www.gweithgareddcorfforolamaethcymru.org.uk,1
www.gweledigaeth.com,1
arteffact.uk,1
www.gwynedd.info,1
arsenalnorthwales.com,1
www.gwylifan.org,1
www.gwylffairnant.co.uk,1
www.gwylbwydmormenai.com,1
www.gwybodaethcaernarfon.co.uk,1
www.growyourownpotatoes.org.uk,1
www.gwrychcastle.co.uk,1
artandeducationbythesea.co.uk,1
www.gwersylltdental.co.uk,1
www.gwerddon.org,1
artawe.com,1
artcarbootique.com,1
www.gwentpcp.org.uk,1
www.gwilymbowenrhys.com,1
www.eglwysgymraegllundain.org,1
www.emyrwilliams.com,1
repository.bilkent.edu.tr,1
teksciory.interia.pl,1
textuploader.com,1
buzz50.com,1
testu.eu,1
testblog.axcis.co.uk.gridhosted.co.uk,1
tessabide.com,1
teras.bangor.ac.uk,1
tfw.cymru.activemap.co.uk,1
tenovuscancercare.org.uk,1
tenbyaberstories.wordpress.com,1
teleadreson.com,1
teithio.blogspot.com,1
thefancharity.org,1
teifitrout.co.uk,1
teiars.co.uk,1
tenedoresafilados.blogspot.com,1
teganautegid.cymru,1
thai.dating,1
bute.cardiffcouncilwebteam.co.uk,1
theeuropeancitizen.blogspot.com,1
thedigicoach.co.uk,1
thediffdaff.com,1
thedcd.org.uk,1
thefairyglen.co.uk,1
thefestivalofdiscovery.com,1
thechirurgeonsapprentice.com,1
thetrueway.xyz,1
thelibraryofwales.com,1
themageebrothers.com,1
themovablefeast.org,1
thenewsmates.com,1
thenorthwood.co.uk,1
busnescymru.llyw.cymru,1
thepartisanbaker.com,1
theperfumecritic.com,1
business.research.southwales.ac.uk,1
theuncommission.org,1
thetoolkit.me,1
thesportshub-cardiff.com,1
businessgrowth-treforest.wales,1
thesunsetplan.com,1
thefitzwilliamathay.com,1
thestrelz.com,1
thesnowdoniasq.co.uk,1
thesecretyurts.com,1
thequaysurgery.co.uk,1
thepurpleslatecompany.com,1
thepilgrimsprocess.com,1
thephysicaltherapistsalary.com,1
butchersclub.wales,1
theatrbaracaws.zenfolio.com,1
skywestva.net,1
sportdocbox.com,1
southwalescentralcoroner.co.uk,1
sqlblogcasts.com,1
sq.bibles.org,1
spycejones.com,1
spotlightonmuseums.wordpress.com,1
sportschaplaincy.org.uk,1
sportsbook-pt.xyz,1
socialservicesblaenau-gwent.caerphilly.gov.uk,1
sports.global-article.ws,1
sports-bets.top,1
cabgwynedd.wales,1
southernjanitor.com,1
cabinetdentairemoris.be,1
cabinetofcuriosities.moonfruit.com,1
cable-length-tester-supplier.com,1
sports-council-wales.org.uk,1
socialnewsdaily.com,1
socialmediawire.com,1
socialcoopforumwales.wordpress.com,1
slideplayer.com,1
slaycorp.com,1
slashcash.ru,1
southwales.us14.list-manage.com,1
southamerican.dating,1
thebmc.co.uk,1
socialworkstudent.wikidot.com,1
thebiologist.rsb.org.uk,1
thebigtribute.co.uk,1
theaudienceagency.org,1
theatrtroedyrhiw.wixsite.com,1
theatrnanog.aspire2be.app,1
theatrewithoutborders.com,1
theblackjoymixtape.com,1
sionjobbins.com,1
sunnysanguinity.com,1
sumber-berita-online.blogspot.com,1
societyofauthors.org,1
source.joinmastodon.org,1
sociic.com,1
socitm.govmetric.com,1
socitm.net,1
softplug.com,1
soilassociation.octo-firstclass.co.uk,1
solicitorsfortheelderlynorthwales.co.uk,1
soliloquios.blogia.com,1
solvecryptogram.com,1
solvonauts.org,1
soundandvisionpr.blogspot.com,1
thelastgallerywales.blogspot.com,1
thekretka1.blogspot.com,1
thekickplateproject.blogspot.com,1
tarwdu.com,1
taliesin.co.uk,1
taliesinartscentre.co.uk,1
talkcpr.cymru,1
tanattranslation.co.uk,1
tanu.blog,1
taphavipas.no.comunidades.net,1
targetjobs.co.uk,1
targetovariancancer.org.uk,1
tarianarlein.co.uk,1
tarianglyndwr.blogspot.co.uk,1
tasavvuf.info,1
taithoklahoma.blogspot.com,1
taste-of-vienna.com,1
tastedeevalley.wales,1
technologyconnected.net,1
techno.gavinarakeleronmalofym.info,1
bw001.ddtestsite.co.uk,1
techgamebox.com,1
tech-story.net,1
tech-cy.bangor.ac.uk,1
taikabox.com,1
teassignmentxqvj.gloriajohnson.us,1
taliesin.academi.org,1
bwytagwyllt.wordpress.com,1
thehutsinthehills.co.uk,1
rhosyddbach.co.uk,1
reportitnow-global.com,1
resetuk.org,1
relational.enterprisebydesign.ac.uk,1
revselfserve.secure.conwy.gov.uk,1
rexiraxidakezuba.iniinisamoa.com,1
rhufain.com,1
rhuddlan-history.com,1
rhosyr.co.uk,1
rhosygilwen.co.uk,1
rhosygad.tel,1
rexemalynoha.sheepshedgalleryandtearoom.com,1
siop-a.co.uk,1
rhosneigr-on-line.co.uk,1
calmkids.net,1
rhoiorganau.org,1
rhizomenetwork.wordpress.com,1
rhedynguesthouse.co.uk,1
rhapsodyofrealities.org,1
calmview.flintshire.gov.uk,1
rhosllanerchrugblog.blogspot.com,1
thex-axis.com,1
siondafyddpalmer.com,1
tdke.hu,1
tcth.co.uk,1
tcrm.co.uk,1
sy23restaurant.com,1
tablettingscience.com,1
tabletsbaratasya.com,1
tabernacl.wordpress.com,1
tabernacl-porthcawl.org.uk,1
tabcaerfyrddin.blogspot.com,1
swyddi.pcydds.ac.uk,1
taacardiff.wordpress.com,1
synergyinteriors.co.uk,1
syndod.wordpress.com,1
sydney.dating,1
sy-stem.co.uk,1
tcells.org,1
swyddle.cymru,1
t2knowledgebank.co.uk,1
support.ebbitt-media.com,1
teethforlife.org,1
tegfryn.com,1
theguidetoaromatherapy.com,1
thehappytenant.fixflo.com,1
thehistoryofparliament.wordpress.com,1
thehmmfoundation.co.uk,1
thehobbledehoy.com,1
tackk.com,1
swyddigwag.businesslink.gov.uk,1
switchboardonline.co.uk,1
techtal2.blogspot.com,1
tbhub.co.uk,1
tawe.gannon.me.uk,1
teachlearncreate.com,1
taieryri.co.uk,1
tafarnyfic.com,1
tafarnybyd.blogspot.com,1
swarcoeconnect.org,1
swanseauniversity.zoom.us,1
swanseauni-wifi.swansea.ac.uk,1
swanseauni-wifi.swan.ac.uk,1
swanseaphilchoir.org,1
swanseanewsonline.com,1
swgfl.us18.list-manage.com,1
bywynybyd.wordpress.com,1
swans100.com,1
suvcw-dept-tn.org,1
susygeqekotewahu.botanicusart.com,1
survey.sogosurvey.com,1
survey.aber.ac.uk,1
supportkevinandtyler.com,1
swanseacentral.info,1
sla.org.uk,1
sklep.waterpoint.pl,1
www.energynetworks.org,1
www.dmbdavies.co.uk,1
bahantarbiyyah.info,1
www.dystonia.org.uk,1
www.easho.org.uk,1
www.dryjanuary.org.uk,1
www.drupal.org,1
www.druidry.org,1
www.dofe.info,1
www.docstoc.com,1
www.do-well.co.uk,1
www.dmmccb.com,1
www.dksportbot.com,1
www.e-skills.com,1
www.dolffinquay.com,1
www.diy-solar-energy.org,1
www.diversitydashboard.co.uk,1
bangkok.dating,1
www.distinctivetravels.com,1
www.dishonmarket.com,1
www.discoverwater.co.uk,1
www.discoverdylanthomas.com,1
www.diweddygwt.co.nf,1
www.ecbasis.org,1
www.e-faith.org,1
www.eaml2.org.uk,1
www.dongguan-hongyu.com,1
bahisegirisyap.icu,1
www.duxia-bagmachine.com,1
www.dwp.gov.uk,1
bancc.finance,1
bame.wales,1
www.dx-blast.com,1
balabedandbreakfast.co.uk,1
www.dyff.co.uk,1
bakeitinstinct.com,1
www.dylancernyw.com,1
www.dylansavingsquad.co.uk,1
www.dylanwad.com,1
www.earth.ox.ac.uk,1
www.dylanwilliamsmusic.co.uk,1
www.dymocks.com.au,1
www.ebenezer.org.uk,1
bahai-library.com,1
www.ebay.com.au,1
www.eatwelshlamb.com,1
www.easyprecast.com,1
www.easyfundraising.org.uk,1
bancorganics.co.uk,1
www.eastweb.ro,1
www.dolgam-snowdonia.co.uk,1
www.druces.com,1
slotogram.com,1
www.etlsolutions.com,1
www.erasmusplus.org.uk,1
www.eroseglass.com,1
www.erotic-articles.nl,1
www.erpxmis.com,1
babicaerdydd.wordpress.com,1
babel.lexilogos.com,1
www.escaperoomsnewport.co.uk,1
www.eudemonbaby.com,1
www.etsy.com,1
www.etswales.org.uk,1
b-vag.org.uk,1
www.epicretreats.wales,1
www.estufitas.com,1
www.engage.org,1
www.estuarygrouppractice.co.uk,1
www.esri-swansea.org,1
www.esrc.ac.uk,1
www.espartnership.wales,1
www.esferico.net,1
www.esferico.co.uk,1
www.escinternational.org,1
www.estarspareparts.com,1
backpackertours.eu,1
www.environmental-expert.com,1
bancyfelin.amdro.org.uk,1
www.dosbarth.cymru,1
www.drefwen.wales,1
www.drefachfelindregardeningclub.co.uk,1
www.dramawales.org.uk,1
www.dragonsoccer.co.uk,1
www.domus-cambria.com,1
www.dragonpetroleum.co.uk,1
www.dragoncharging.co.uk,1
www.downs-syndrome.org.uk,1
www.doveslandingoa.com,1
www.doullbooks.com,1
www.doorfoldvideo.com,1
bacpacio.wordpress.com,1
www.dragondrilling.co.uk,1
www.disabledpeopleandbrexit.co.uk,1
www.economigwynedd.info,1
www.ecrimewales.com,1
bad-wolf.com,1
www.english.heacademy.ac.uk,1
bacwshaf.co.uk,1
www.enterprise.ac.uk,1
www.ents24.com,1
www.envicool.net,1
www.dulas.org.uk,1
www.duhoctrunghoa.com,1
www.dshprecision.com,1
storapiphforseroclicaprefulljotil.co,1
summeroflovefestival.com,1
squimple.wordpress.com,1
stacilo-liep-dobre.fun,1
stiwdiomaelor.com,1
stockdailydish.com,1
stockmarca.com,1
c2project.org,1
stonesaudio.nl,1
stopclimatechaoscymru.org,1
stopia.cymru,1
store.sarncambria.co.uk,1
smartaronacarsetzvascrededfisemfi.xyz,1
storiaberhonddu.cymru,1
stories.slowways.org,1
storytellertree.org.uk,1
storyworks.org.uk,1
straeonaberadinbychypysgod.wordpress.com,1
strategaethdai.blogspot.com,1
streamular.com,1
streetlightsmean30.co.uk,1
sulydemano.tecknoquestllc.com,1
suggestbookmark.info,1
snowdoncafe.com,1
smartby.ru,1
www.artsprofessional.co.uk,1
smarineljoserre.nuahispostperpillpahganiformilldownther.info,1
skiatsu.ru,1
cadigwen.cymru,1
site.stgilestrust.org.uk,1
site-wrgb.soticcloud.net,1
siopmanon.com,1
siopgymunedolcilcain.co.uk,1
siop.cymdeithas.cymru,1
sites.manchester.ac.uk,1
square-quick.com,1
slsawales.org.uk,1
soc.businesswales.gov.wales,1
smashingcareer.com,1
snowdontaxi.com,1
snowdonianaturalslateproducts.co.uk,1
snowdonia-society.org.uk,1
snowdonia-holidays-llanbedr.co.uk,1
snowdonia-farm-holidays-wales.co.uk,1
smallwind.org.uk,1
cadeiriaumon.com,1
snap.bangor.ac.uk,1
smsverify.pro,1
smsquotes.in,1
sueterrey.co.uk,1
sucelopizilo.frithwilliams.com,1
sublimewales.wordpress.com,1
steemit.com,1
stafellnewyddion.co.uk,1
staging.llandoverysheepfestival.co.uk,1
sse.co.uk,1
stbenetwelshchurch.org.uk,1
stdavidscathedralfestival.co.uk,1
stevejee.com,1
stephenkingston.com,1
stephendoughty.wales,1
stemgogledd.cymru,1
steffanjoneshughes.wordpress.com,1
stdavidscathedral.org.uk,1
subetterread.wordpress.com,1
steelremembered.org,1
steam-academy.co.uk,1
stdavidsinfo.org.uk,1
stdavidshallcardiff.co.uk,1
stdavidsgin.wales,1
stdavidsday.uk,1
stdavidsday.blogspot.com,1
stedmood.ru,1
www.artnorthwales.co.uk,1
www.arts-wales.co.uk,1
staging-pontyclun.darkgreen.media,1
staging.adultlearnersweek.wales,1
staging.awen-wales.com,1
staging.forcardiff.com,1
stickers.acidodivertido.com,1
su.careers,1
c-r-y-p-t-o.eu,1
studentportal.gcs.ac.uk,1
c20society.org.uk,1
stu.swan.ac.uk,1
struttandparker.fixflo.com,1
streetpianos.com,1
c-p-walker-son.fixflo.com,1
stfc.ukri.org,1
stevsurcecoghulolaxnazoremether.co,1
stevensassoc.co.uk,1
stateofnature.wildlifetrusts.org,1
startup.southwales.ac.uk,1
startup-toulouse2.fr,1
starfishlabs.co.uk,1
staging.podfollow.com,1
staging.ontheland.co.uk,1
cabancaderidris.cymru,1
staging.notforgotten.wales,1
cabankingsland.blogspot.com,1
cy.osianmeilir.com,1
www.mandywilliamsconsulting.cymru,1
cy.offshorelegends.com,1
www.remploy.cymru,1
www.refinehotelsupply.com,1
www.reference.com,1
www.redskytentco.org,1
www.public-law.wales,1
www.redlineindoorkarting.co.uk,1
www.public-sector.co.uk,1
www.publicaffairscymru.org,1
al-ijtihad.com,1
www.publiclawproject.org.uk,1
www.prostatecanceruk.org,1
www.renacpower.com,1
www.regionalstudies.org,1
ailryfelbyd.blogspot.com,1
www.returntoworkmums.com,1
www.retropacman.com,1
www.retrobit.tv,1
www.procurexlive.co.uk,1
www.proffiliolleoedd.cymru,1
www.resolver.co.uk,1
www.progression-training.co.uk,1
www.project-hizuki.com,1
www.reservationcentral.co.uk,1
www.refurbs.org.uk,1
www.registersecurely.com,1
www.proleanhub.com,1
www.semanticscholar.org,1
www.senlinbaocap.com,1
www.seagenwales.co.uk,1
www.senkai-garment.com,1
www.pendresurgeryholywell.co.uk,1
www.seneddydyfodol.cymru,1
www.penedeyrnmissionarea.co.uk,1
www.senedd.tv,1
www.pengtongfabric.com,1
agawiktor.pl,1
www.semw.com,1
ageconnectsnewales.org.uk,1
www.regulatorbookshop.com,1
www.penderynpri.cymru,1
www.shuotiangroup.com,1
www.ruthemilydavey.co.uk,1
www.podantur.com,1
www.prosurge.com,1
www.protagonize.com,1
www.religiouseducationcouncil.org.uk,1
www.religiouseducationcouncil.org,1
www.relationshiphub.net,1
www.reicapitalgrowth.com,1
www.publicsectorvacancies.co.uk,1
www.prolingua.gal,1
ainsleyhillard.com,1
www.recycleforbridgend.wales,1
www.rags2riches4schools.co.uk,1
www.qyize.com,1
www.raecarpenter.co.uk,1
www.rachelbusby.com,1
www.radicalwales.org,1
www.qub.ac.uk,1
www.rewodacn.com,1
www.qiw.wales,1
www.rcslt.org,1
www.pwllhelirfc.com,1
aimenergyactiongroup.co.uk,1
ajenforce.co.uk,1
www.pysgotaogwenfishing.com,1
www.recruit3.org.uk,1
www.reclaimthefields.org.uk,1
www.reciproc8mobiles.co.uk,1
www.pysgotaogwenfishing.org,1
aka.cool,1
www.qingdaoconele.com,1
www.qdcnpetproducts.com,1
www.rebeccawynkelly.com,1
www.qdruidetai.com,1
www.quickloanfunding.net,1
www.rainbowbiz.org.uk,1
alandalebrewing.com,1
www.puttix.com,1
www.promolux.com,1
www.promptexecutivehire.co.uk,1
www.propel.wales,1
www.propertyconciergegroup.co.uk,1
aildysgu.blogspot.co.uk,1
www.prosiectsiarc.com,1
www.rentsmart.gov.wales,1
www.resdiary.com,1
www.pushpullconnector.com,1
www.pusituo.com,1
airhostess.singles.dating,1
www.quickcncmachine.com,1
www.rcm.org.uk,1
www.qmmetal.com,1
www.raysonglobal.com.cn,1
www.qp-petproducts.com,1
www.rangers.wales,1
www.qqpets.com,1
www.ramseyisland.co.uk,1
www.qualityskillsalliance.co.uk,1
www.ql-brush.com,1
www.qualityslurrypump.com,1
www.sense.org.uk,1
www.pencefnfeeds.com,1
www.pencampwyriechyd.wales.nhs.uk,1
www.pembrokedockcommunityschool.co.uk,1
www.shellfish.wales,1
www.pedair.cymru,1
www.pefd.co.uk,1
www.peiyinapp.com,1
www.sheep-music.co.uk,1
www.shed-building-plans.com,1
www.peakseekers.in,1
www.shapingtv.co.uk,1
www.sgwadiausgwennu.org,1
www.pembroke-refinery-cogen.cymru,1
allliveradio.com,1
allsites.com,1
www.sgs.co.uk,1
www.sgiliaucymru.co.uk,1
affair.dating,1
www.sfesocket.com,1
afonyddcymru.org,1
www.shade.org.uk,1
www.pembrokeshirecommunitytransport.org.uk,1
allwalesboatshow.com,1
www.shhofen.com,1
www.shuangliang-ecoenergy.com,1
www.shenfengbz.com,1
www.pearlsinperil.scot,1
www.senseofoccasion.co.uk,1
www.planetmagazine.org.uk,1
www.sam4ynysmon.org.uk,1
www.salvationarmy.org.uk,1
all-aboard.co.za,1
alivebeing.com,1
alislamnet.com,1
www.salixfinance.co.uk,1
www.salimali.co.uk,1
alexandranursinghome.com,1
www.sadwrncymdeithasol.cymru,1
www.plaidllanelli.wales,1
alexanderandco-dunstable.fixflo.com,1
www.schooljotter.com,1
alexanderandco-bicester.fixflo.com,1
www.sakysteel.com,1
agewellhwyliogmon.org.uk,1
www.sailnoar.co.uk,1
www.sailing-club.org,1
alexanderandco-aylesbury.fixflo.com,1
www.plassey.com,1
alexanderandco-pinner.fixflo.com,1
www.schoolfinder.com,1
www.pensionsadvisoryservice.org.uk,1
www.shuangjiesafetyshose.com,1
www.patrickjemmer.com,1
www.shuangbeiglass.com,1
www.sciencemadesimple.co.uk,1
www.sdtzgloves.com,1
www.sdspraybooth.com,1
www.pennawd.com,1
www.peniel.ysgolccc.cymru,1
www.scybearing.com,1
www.scritturegiovani.it,1
www.pennyauctionsoftware.net,1
www.pennyslots.org.uk,1
www.scottishpower.co.uk,1
www.scojetchina.com,1
www.scie.org.uk,1
alsina-sa.com,1
www.schulers.com,1
www.pensions-ombudsman.org.uk,1
www.sculpturecymru.org.uk,1
www.pembrokestory.org.uk,1
www.seabreezerfid.com,1
www.seainclusion.co.uk,1
www.seo-web-internet-marketing.com,1
africa.dating,1
www.sensitarrendering.com,1
www.pencader.org.uk,1
www.sdzthl.com,1
www.sea-change-living.com,1
www.seaangling.org,1
www.seabb.sk,1
www.showcaves.co.uk,1
www.shouttawe.co.uk,1
www.paulinedown.com,1
www.shopk.com,1
www.shenhe-bearing.com,1
alscient.com,1
www.pcnpa.co.uk,1
alpha.webarchive.org.uk,1
www.shjnstec.com,1
www.pdfdocfile.com,1
www.shineeje.com,1
www.pdsa.org.uk,1
www.shichengindustry.com,1
www.pdsw.org.uk,1
www.shiatsuhampshire.co.uk,1
www.payday.in.th,1
alededwards.com,1
www.sewahtbekasi.com,1
www.pen-cei-guest-house.co.uk,1
www.penlandentalcare.co.uk,1
www.penllynultra.co.uk,1
www.realsfx.com,1
www.readbag.com,1
www.saferinternet.org.uk,1
www.sunrise-chem.com,1
www.surfsnowdonia.com,1
www.surf-nature.eu,1
www.nextlevelworship.com,1
www.suprex.uk,1
www.supremecourt.uk,1
www.nfyfc.org.uk,1
action.cyclinguk.org,1
www.nhm.ac.uk,1
www.nhsjobs.com,1
www.sunshinebelt.com,1
www.nice.org.uk,1
acsidenvamosphe.guekrisbiolayviacmomunalcumrelote.co,1
www.sunnyrecruitment.co.uk,1
www.sunnyglove.net,1
www.sunhealthmedical.com,1
www.nicefiller.com,1
www.nicehut-window.com,1
www.nhsbt.nhs.uk,1
www.streetlight-solar.com,1
www.streetfootballwales.com,1
www.streetchoir2013.org.uk,1
www.nsen-valve.com,1
www.surveygizmo.eu,1
www.sustainabilityexchange.ac.uk,1
www.nsuk.com,1
www.nobooko.com,1
www.substance.net,1
www.subpals.com,1
www.nicustomstradeacademy.co.uk,1
www.nide-industry.com,1
www.studysupport.in,1
www.studyhelpuk.co.uk,1
www.studiomelyn.com,1
www.nimbleproductions.co.uk,1
www.studiesintravelwriting.com,1
www.studentminds.org.uk,1
www.nodmasink.com,1
www.nicerelay.com,1
www.strutnut.com,1
www.nogood-boyo.co.uk,1
www.nonspillcap.com,1
www.stronghero3dfila.com,1
amserisymud.wales,1
amrwd.com,1
www.northern-gateway.co.uk,1
www.substancemisuseworkforcewales.org,1
www.sueproof.wales,1
www.sugarmamaslovefree.com,1
www.stephaniewindsorlewis.com,1
actiononhearingloss.org.uk,1
www.reach-out.org.uk,1
www.stjosephscatholicps-swansea.co.uk,1
amnestycardiff.org,1
amnesty.org.uk,1
www.stfc.ac.uk,1
www.nortonaccountancy.co.uk,1
www.nosda.co.uk,1
www.stoneandsurfaces.co.uk,1
www.stmonicatrust.org.uk,1
www.notepet.co.kr,1
ammanfordtc.co.uk,1
www.notion.so,1
ammanfordchurch.com,1
www.storia900bivc.it,1
amgueddfasyrhenryjones.org.uk,1
action.trusselltrust.org,1
anangsantan.bcz.com,1
www.sustainablefoodplaces.org,1
www.newworldbelieve.com,1
www.ncmh.info,1
acceleratingfuture.com,1
www.ndcs.org.uk,1
www.ndna.org.uk,1
www.tac-cymru.co.uk,1
www.northwalessheepdogsociety.org.uk,1
amoghbl1.com,1
www.nsun.org.uk,1
www.nusawards.org.uk,1
www.nsvvalve.com,1
www.stemgingereducation.com,1
amfor.net,1
www.stelli.co.uk,1
www.stewardship.org.uk,1
www.nurturemagu.com,1
www.nus-wales.org.uk,1
www.steddfodllandoch.btck.co.uk,1
www.stdavidsideas.co.uk,1
actonstem.co.uk,1
www.stdavidsdayinlondon.com,1
action.savethechildren.org.uk,1
www.stdavidsdaygroup.ac.uk,1
www.nutsaboutmarketing.com,1
www.stdavidandstmair.co.uk,1
www.steel-structural.com,1
www.newyorkwelsh.com,1
www.nsandi.com,1
www.nptpsb.org.uk,1
www.stpaulscwprimary.cymru,1
www.stpadarns.co.uk,1
www.storyboardthat.com,1
www.sianllewelynphotography.co.uk,1
www.sia.homeoffice.gov.uk,1
www.shwldimwl.com,1
agordrysau-openingdoors.org.uk,1
www.roathcardiff.net,1
albert-fessler.gallery,1
www.postcardsfromthefuture.org.uk,1
www.rossettcommunitycouncil.cymru,1
www.pop.cymru,1
www.podchaser.com,1
www.poetrybooks.co.uk,1
www.russellhughes.co.uk,1
www.ruralvibes.eu,1
www.runlincoldshrink.com,1
www.police-life.co.uk,1
www.robmimpriss.com,1
www.ruggedi.com,1
www.rugbycodebreakers.co.uk,1
www.popat.co.uk,1
www.rubberfloorcovering.com,1
www.polyblog.io,1
agordrysauopeningdoors.wordpress.com,1
www.royalvoluntaryservice.org.uk,1
www.royal.uk,1
www.pontyclercfarmhouse.co.uk,1
www.royal-welsh.com,1
www.robertowenmuseum.co.uk,1
www.robot-trading.io,1
www.risepipe.com,1
www.rosehilloffices.co.uk,1
www.re-vived.com,1
airbornewarriors.co.uk,1
www.qehs.carms.sch.uk,1
www.qdhuaxingroup.com,1
aias.us,1
www.rfhyd.com,1
www.proactis.us,1
www.rosin-kings.com,1
www.porta.wales,1
www.rosevillapembs.co.uk,1
www.rootschat.com,1
www.robpiercy.com,1
www.porthcawlmarina.co.uk,1
www.porthcawlschool.co.uk,1
www.room334.com,1
www.porthmadog.co.uk,1
www.popethgweithlu.com,1
www.roodergroup.com,1
www.rolls-royce-smr.com,1
www.roderickevanswoodturning.co.uk,1
www.positivechoices-wales.org,1
www.rockandrollpoet.co.uk,1
www.rowanvalebooks.com,1
www.pontydysgu.org,1
www.pontygof.cymru,1
www.prdl.org,1
www.princes-trust.org.uk,1
www.prince-of-persia.eu,1
albanian.dating,1
www.powysfhs.org.uk,1
www.powyslandclub.co.uk,1
www.powyslearningpathways.wales,1
www.powystransition.org.uk,1
www.rmets.org,1
www.rlcase.com,1
www.prayforschools.org,1
ahawards.co.uk,1
www.rubberfactorysuppliers.com,1
www.rivkirosetraining.co.uk,1
www.preloved.co.uk,1
www.preselibluestone.co.uk,1
www.ripplemagazine.net,1
www.pressurelantern.com,1
www.prestatyncatholicchurch.org.uk,1
www.prestatynwalkingfestival.co.uk,1
www.pricelesstreasuresonline.com,1
www.primarytimes.co.uk,1
www.rily.co.uk,1
www.rmjones-bobijones.net,1
www.rhun.cymru,1
www.proactis.com,1
www.rfidang.com,1
www.pobolywe.cymru,1
www.rnli.org,1
www.poundslots.com,1
www.richest-group.com,1
alawoncymru.com,1
alanindyfed.blogspot.com,1
www.priodasfachgymreig.co.uk,1
www.ribo-crack.com,1
www.rhysmeirion.com,1
www.priorygroup.com,1
aheas.icu,1
www.rhwyd.org,1
www.princesofgwynedd.com,1
ahfiresafetytraining.co.uk,1
www.rhoscommunitycouncil.co.uk,1
www.rhiannonart.co.uk,1
ahrc.ukri.org,1
www.prisonsupportroles.co.uk,1
www.rheumatology.org.uk,1
www.rhayader.powys.sch.uk,1
www.rhannu.org.uk,1
agent160theatre.blogspot.com,1
www.plasticextrusionsupplier.com,1
www.tabernaclechoir.org.uk,1
www.wjpcc.com,1
www.learnaboutfilm.com,1
www.womenintune.co.uk,1
www.womenandwar.wales,1
22betregistration.com,1
www.wmsawms.co.uk,1
www.leaskmarine.com,1
www.legitvpn.com,1
www.wllr.org.uk,1
www.leegardenspool.co.uk,1
www.leetags.com,1
www.wizbii.com,1
www.learn-kit.com,1
www.lefeldau.co.uk,1
www.wixhc.com,1
www.wixhc.cn,1
www.wits.wales,1
www.legalservicesboard.org.uk,1
www.wlga.gov.uk,1
www.welsh.banksfinder.net,1
apps8.cardiff.gov.uk,1
3xsoftware.co.uk,1
www.louisekellydesigns.com,1
www.wook.pt,1
www.workingmums.co.uk,1
www.villarios.eu,1
www.lesozoh.com,1
www.wired-gov.net,1
www.leinycambrian.co.uk,1
www.wireclothmesh.com,1
www.winsfordguardian.co.uk,1
www.winrowsolicitors.co.uk,1
www.winetrailwales.co.uk,1
www.windsor-fellowship.org,1
www.leonardo.org.uk,1
www.wiremeshyuze.com,1
www.leqiwanju.com,1
www.windrushcymru.org.uk,1
www.wishgb.co.uk,1
www.lestroispuitscongenies.com,1
www.letterboxclub.org.uk,1
www.windowsmailtooutlook.com,1
www.win-doormachine.com,1
www.wildsounds.com,1
www.lgbtsport.cymru,1
www.lgp.hafal.org,1
www.lercwales.org.uk,1
www.ldvfeight.eu,1
2manygirlzhere.org,1
www.lovemywales.org,1
www.vikkihowells.com,1
www.maerdyprimarysch.co.uk,1
www.lotteryextreme.com,1
www.longda-inc.com,1
www.longdiaocnc1.com,1
www.lotteryticketonline.info,1
www.visitdeanwye.co.uk,1
a55j16j16a-publicinquiry.co.uk,1
www.visitanglesey.co.uk,1
www.loosemores.co.uk,1
www.visiondirect.co.uk,1
www.viscountorgans.wales,1
www.virtuallyislamic.com,1
www.viponlinecasinos.com,1
www.londonwelshchorale.org.uk,1
apkchecker.com,1
www.visitcrickhowell.co.uk,1
9usualsuspects.uk,1
www.luxface.com,1
www.lwhbryncir.co.uk,1
www.us-visa-online.org,1
www.urdd4.org,1
www.maelorsouthcommunitycouncil.co.uk,1
abcymruawards.com,1
www.maenofferen.gwynedd.sch.uk,1
a1egypt.com,1
www.visitmidwales.co.uk,1
www.videolan.org,1
www.vaughangething.wales,1
www.lovesmsbd.com,1
www.victoriabunkhouse.co.uk,1
www.vicarageholidayhomes.co.uk,1
www.veredus.co.uk,1
www.lottotrillions.com,1
www.lsp-international.com,1
www.lucy-kelly.com,1
www.vehicle-certification-agency.gov.uk,1
www.lucyfaithfull.org.uk,1
www.ludlowadvertiser.co.uk,1
www.valve-pipe-fitting.com,1
a-pedwar.co.uk,1
www.luluae.com,1
www.lunnlearning.com,1
www.lunwenei.com,1
www.veluwserioolservice.nl,1
www.luqi-tech.com,1
www.vipfurnitures.com,1
www.lotteryrandom.com,1
www.visitswanseabay.com,1
www.logosdictionary.org,1
Sian.Holleran@colegaucymru.ac.uk,1
www.wiremeshsupplier.com,1
www.worksafesafework.info,1
www.ldsolarpv.com,1
www.llanberismountainrescue.co.uk,1
www.welshcommunists.org,1
www.lianchengpumps.com,1
www.welshgovernmentpc.co.uk,1
www.llandoverydentists.co.uk,1
360swansea.co.uk,1
aqualuz.org,1
www.welshsociety.com,1
www.welshsoccerarchive.co.uk,1
www.welshsingersshowcase.com,1
www.llanberisguides.com,1
www.welshsingerscompetition.com,1
3colleges.com,1
www.welshpremier.com,1
www.welshgreetingcards.co.uk,1
www.llandaffcathedral.org.uk,1
www.welshpower.com,1
www.llanddona.org,1
3ar.be,1
www.welshmountainsheep.cymru,1
www.welshlavender.com,1
www.welshlanguagecommissioner.wales,1
www.llandeilodentists.co.uk,1
appsportal2.npt.gov.uk,1
apteka.social,1
www.welsh.visitcardiff.com,1
www.welshgamefair.com,1
www.lilliput.com,1
www.lincolnshireindependents.org.uk,1
www.lifestylespread.com,1
www.liyangprinting.com,1
www.lj-laundry.com,1
www.welshtriathlon.org,1
www.llandrillo.ac.uk,1
www.welshgovernmentcssc.co.uk,1
www.welshgoldwordsandmusic.com,1
www.llandudnogiftfair.co.uk,1
3chat.ru,1
www.llanellich.org.uk,1
www.welsheggs.co.uk,1
www.welsheconomicchallenge.com,1
www.llandybie.org.uk,1
www.llandre.org.uk,1
www.llandyfaelog.org.uk,1
www.welshchessunion.uk,1
www.welshcheesecompany.co.uk,1
www.welshchamberorchestra.com,1
www.welshbowls.co.uk,1
aptelan.wordpress.com,1
www.llandoverycollege.com,1
www.welshholidaycottages.com,1
www.llanddaroghousing.wales,1
www.lampeterpermaculture.org,1
www.writersplaques.org,1
www.wyida.com,1
www.kuer-group.com,1
www.wyg.com,1
www.kydultrasonic.com,1
www.wyevalleyaonb.org.uk,1
www.wyball-screw.com,1
www.kyffinwilliams.info,1
www.labeyond.com,1
2015.experiencewalesinvenice.org,1
www.lactationcymru.co.uk,1
315005.moonfruit.com,1
2017.bigpedal.org.uk,1
www.lakecountryhouse.co.uk,1
www.ww-organicenergy.com,1
www.lakesideprimaryschool.co.uk,1
www.lalala-productions.co.uk,1
www.laleche.org.uk,1
www.wtfinaldrive.com,1
www.lampeterbeerfestival.co.uk,1
www.wrn.aber.ac.uk,1
www.ladybagcn.com,1
www.lampetertrees.co.uk,1
www.worldbookday.com,1
www.lanrfid.com,1
www.ldfsp.com,1
2s2u.com,1
www.lhchambers.co.uk,1
www.landandlakes.co.uk,1
www.writefromtheheartkeepsakes.co.uk,1
www.wrexhamplaid.cymru,1
www.landscape.mmu.ac.uk,1
www.wrexhamindustrialestate.co.uk,1
www.wrexhamglyndwrsu.org.uk,1
www.langford-driving-school.co.uk,1
www.wrexhamcommunitylottery.co.uk,1
2017.dysgucreadigol.celf.cymru,1
www.writerscafe.org,1
www.wrexham.com,1
www.lardercymru.wales,1
www.latchwales.org,1
www.launchvolt.com,1
arcadecampfa.cargo.site,1
2018.dysgucreadigol.celf.cymru,1
www.worldsocialism.org,1
www.worldofbooks.com,1
www.worldchefs.org,1
www.urcwales.org.uk,1
www.urbeauty1.com,1
www.schilbantiquarian.com,1
www.philip-huckin.com,1
75-3-247-200.lightspeed.sntcca.sbcglobal.net:81,1
applications.ceicwales.org.uk,1
www.walescarbonfootprint.gov.uk,1
www.wyngarthdaynursery.com,1
www.tanabigroup.com,1
www.natratex.co.uk,1
www.saracenstyres.co.uk,1
www.petsuppliesbar.com,1
www.pfjobs.co.uk,1
www.sanowax.com,1
www.sanhe-robot.com,1
www.lleucu.com,1
www.sandybear.co.uk,1
www.phonesspy.com,1
www.physicalliteracyjourney.wales,1
www.piano-tuners.org,1
www.sanbarbato113.it,1
www.pilipala.cards,1
www.pilipalas.co.uk,1
www.pillgwenllyprimary.org,1
www.sanan-cctv.com,1
www.sammons.co.uk,1
www.wales247.co.uk,1
www.lletycaerdydd.co.uk,1
www.pje.co.uk,1
www.waleshrnetwork.cymru,1
99movies.icu,1
www.voa.gov.uk,1
www.vizworx.co.uk,1
www.vivamedia.tv,1
www.volunteeringinafrica.org,1
www.walestheatreawards.com,1
www.waiterio.com,1
7reasons.org,1
www.walesrugbyleague.co.uk,1
www.walespublicservices2025.org.uk,1
www.walesgolf.org,1
www.walesantiques.co.uk,1
52-4.com,1
www.llefyddllewyrchus.cymru,1
www.walesessentialskills.com,1
www.walescottages.com,1
www.walescottageandvenue.com,1
www.lliwiol.com,1
6edgwynllyw.weebly.com,1
www.walesbybike.com,1
720p.fr,1
appointments.spirehealthcare.com,1
www.samjonesplumbing.com,1
www.pjhome.plus.com,1
www.urbansaints.org,1
www.sacredknottattoo.com,1
allans.pl,1
www.sacredfirecommunity.org,1
aledwyn.com,1
www.plasticspray.com,1
agilitypr.news,1
www.plasyndre.co.uk,1
www.plate-coil.com,1
agincourt600wales.com,1
www.s3advertising.agency,1
www.playlistforlife.org.uk,1
www.rz-industry.com,1
www.place2be.org.uk,1
www.rygbi.btck.co.uk,1
www.rya.org.uk,1
www.pleserpur.co.uk,1
www.rwchem.com,1
www.rwan.cymru,1
www.rvasurveyors.com,1
www.plurvel-tech.com,1
www.pluscool-activewear.com,1
www.pnarchive.org,1
www.rykay.com,1
www.placiauawduron.org,1
ageconnectstorfaen.org,1
www.petrab.co.uk,1
www.penyfforddtennisclub.com,1
www.pethauolyv.co.uk,1
www.savant.co.uk,1
agencysnob.com,1
allewisband.blogspot.com,1
www.pentraethcaravans.co.uk,1
www.pentredwr.co.uk,1
www.pentyrchrugby.co.uk,1
www.scgearmotor.com,1
www.penwernfach.co.uk,1
www.penybryncottage.co.uk,1
www.sccymru.co.uk,1
www.savethecoalexchange.com,1
www.samewe.net,1
www.peptidejymed.com,1
agefriendly.info,1
www.peredur.net,1
www.perfectdescent.com,1
www.perfectvisionopticians.co.uk,1
www.perfume-spray.com,1
www.perisandcorr.com,1
www.sbarciafflic.org,1
www.permaculture.org.uk,1
www.llys-y-fran.co.uk,1
www.llyrwilliamsart.co.uk,1
app.seesaw.me,1
academic-practice.blogspot.com,1
www.uvndt.com,1
api.parliament.uk,1
www.utopspcfloor.com,1
www.utk.co.uk,1
www.mabonamabli.co.uk,1
www.mabwysiaducgcymru.org.uk,1
apennyinthepound.wordpress.com,1
www.macintyrecharity.org,1
www.uswconferenceservices.co.uk,1
www.uwchaled.org.uk,1
www.vitaminihandmade.com,1
apcwtsh.cymru,1
www.viva.org.uk,1
44breizh.com,1
www.wbq.org.uk,1
www.wbmdr.org.uk,1
www.llanidloes.com,1
www.llanllyfni.org.uk,1
www.wavedragon.co.uk,1
www.wave69.co.uk,1
www.wats-on-events.com,1
www.llansannan.org.,1
www.lyonsflooring-uk.com,1
www.lynnecartlidge.com,1
www.llynbibleweek.org.uk,1
www.maghullandlydiateu3a.org.uk,1
www.madog-rowing.co.uk,1
www.urbanmyths.ca,1
apccs.police.uk,1
www.universeoptical.com,1
www.universe.wales,1
www.unitingchurchsketty.org.uk,1
www.magazinecafestore.com,1
www.unitedstudios.co.uk,1
www.unitasterdays.com,1
www.maggiescentres.org,1
www.uprising.org.uk,1
www.lyherbio.com,1
www.luxpowertek.com,1
www.usnewsrank.com,1
www.macularsociety.org,1
abayuuti.org,1
www.vale-consultancy.co.uk,1
www.v1airpurifier.com,1
www.lxsuliao.com,1
www.uzo-pak.com,1
abbreviationfinder.org,1
abc-lettings.com,1
4040.ffotogallery.org,1
www.llansantffraidglynceiriog.org.uk,1
www.watersofwales.org.uk,1
www.vri.cymru,1
www.webrecruit.co,1
www.webpokercasino.com,1
www.llangewydd.co.uk,1
www.llangollen-railway.co.uk,1
www.webhostingsecretrevealed.net,1
www.webdesignwales.net,1
www.llangattock-cc.gov.wales,1
app.corcencc.org,1
www.llawrbetws.co.uk,1
www.walessportawards.co.uk,1
www.lluoeddarfogsirgar.org.uk,1
www.llantrithyd.com,1
www.voter-info.uk,1
appfiiser.gounboxing.com,1
www.llwybrllaethog.co.uk,1
www.votedavidjones.com,1
89.248.64.90,1
www.volunteermatch.org,1
www.volunteerityourself.org,1
www.vulcanlodgecottages.co.uk,1
www.llyn-maritime-museum.co.uk,1
9947448e-70c9-4509-9b0a-ed897eb9ec0b.azurewebsites.net,1
www.webrss.com,1
www.webteam.berkshire.nhs.uk,1
www.llangefnichiropractic.com,1
www.wedacdisplays.com,1
www.waterfrontchurch.com,1
4pillarearlylearning.com,1
4smobilecatering.co.uk,1
www.wanzhipipe.com,1
www.wanxuanglass.com,1
www.wamwhataboutme.co.uk,1
4thstcog.com,1
www.wato.org.uk,1
www.waleswatersports.com,1
www.wdexhaustpipe.com,1
www.llangollenfoe.org.uk,1
www.llanfaircommunitycouncil.co.uk,1
www.welparch.com,1
www.well-pcb.com,1
www.weldomachining.com,1
www.llanfairpwll.org,1
www.weiwomachinery.com,1
www.llangammarch.wales,1
www.llangancouncil.co.uk,1
www.weightlifting.wales,1
www.wearetvo.com,1
www.nearbyevents.co.uk,1
www.neathtowncouncil.gov.uk,1
www.lightladdemberton.com,1
www.yuxihongbao.com,1
www.jamiesmithsmabon.com,1
www.joysourcehome.com,1
www.hesperiagolf.com,1
www.ysgolbodalaw.org,1
www.ysgolbroaled.com,1
www.humphreyfeedsandpullets.co.uk,1
www.healthylifeactivities.co.uk,1
ysgolcwmyglo.org,1
www.hummadruz.co.uk,1
www.yuyu-machinery.com,1
www.heartofgwyneddartfestival.co.uk,1
www.health-protective.com,1
www.humanresourcing.co.uk,1
www.ysgolbroelwern.cymru,1
ysgolcraigyrwylfa.weebly.com,1
ysgolcymer.co.uk,1
www.yyftfiberglass.com,1
www.huna.org,1
yscankaya.com,1
ysgoledern.org,1
www.ysgol-uwchradd-aberteifi.co.uk,1
www.yyd.org.uk,1
ysgoleifionydd.org,1
www.joycewatson.org.uk,1
www.ysgoldyffryncledlyn.co.uk,1
www.hotcourses.ae,1
www.headtoheart.co.uk,1
yronomastegydd.wordpress.com,1
www.ysgol-llandysul.co.uk,1
yrheriwr.wordpress.com,1
www.huwtudor.co.uk,1
www.ysgolfelinwnda.com,1
ysgolglancegin.cymru,1
www.joyo-filter.com,1
www.hotcourses-turkey.com,1
1xbet-apk.xyz,1
www.hc-steelgrating.com,1
www.zbaolang.com,1
www.ivypipandrose.co.uk,1
www.hxtiankai.com,1
www.ypod.cymru,1
www.hcpackagingasia.com,1
archive.jncc.gov.uk,1
www.highseaplas.com,1
www.hotcourses.com.br,1
www.iwatatech.com,1
19056414.wixsite.com,1
www.hcpc-uk.org.uk,1
www.hotonmc.com,1
ysgoldolbadarn.org,1
www.imb.org.uk,1
www.indiavisa-online.org,1
youbets.xyz,1
www.h-net.org,1
www.kiwicymraeg.com,1
137.44.9.43,1
www.gzyezhifurniture.com,1
www.jobsrmine.com,1
www.kleen-sweep.biz,1
www.klebag.com,1
www.jobs.com,1
www.homesteadcsl.co.uk,1
wythnoselusennau.cymru,1
www.hafjonesandpegler.co.uk,1
1reward.wordpress.com,1
wytepimequsixeres.travelingartsfiesta.com,1
www.jobswipe.net,1
www.ysgolpenalltau.com,1
www.inquest.org.uk,1
www.kizzymerielcrawford.com,1
wypocisvegongtheresetfatersterno.co,1
www.kinrom.com,1
www.ysgolpentraeth.cymru,1
www.improve-ov.com,1
www.jobtraccymru.co.uk,1
www.inspiringimpact.org,1
arlein.sirgar.gov.uk,1
youribiza.es,1
www.huwdaviesphotography.com,1
www.heyworker.co.uk,1
1xbet-app.xyz,1
www.hew.ac.uk,1
www.jianyikang.com,1
www.healthwisewales.gov.wales,1
www.yxzx-extrusion.com,1
www.husmanalcohol.com,1
www.healthycitydirectory.co.uk,1
www.joininuk.org,1
www.yjhjchn.com,1
yteithiwrrhadlon.blogspot.com,1
www.xzff.com,1
www.hacksdirect.com,1
1487792c38l56w.kostroma-servis.ru,1
1xbetregistration.com,1
www.kisch-online.de,1
1library.net,1
www.india-visa-online.org,1
www.incredimailtooutlook.org,1
www.improvisersnetworks.online,1
ytiwtiadur.corcencc.org,1
www.highfrequency.com.cn,1
www.hoticle.com,1
yggmoodle.bridgend.gov.uk,1
www.jhkxzs.com,1
www.ysgolcasmael.co.uk,1
www.ysiopflodau.co.uk,1
www.jclmm.com,1
www.ytygwyrdd.cymru,1
www.ysgolbrotegid.co.uk,1
www.helfagelf.co.uk,1
www.hualibao-protectivefilm.com,1
www.huamachinery.com,1
www.hqftex.com,1
www.joystartools.com,1
ysgolbrynrefail.org,1
www.helpforheroes.org.uk,1
www.joysun-machinery.com,1
www.ysgolbrogwydir.org,1
www.juliejamesms.co.uk,1
ysgolbropreseli.cymru,1
www.yukerivet.com,1
www.jasdegolf.com,1
www.hqqnbattery.com,1
www.herockworkwear.uk,1
arfonjones.cymru,1
arfon.email,1
www.ysgolceinewyddceredigion.co.uk,1
www.ysgolbroogwr.cymru,1
www.hwbhwyliau.org,1
yes-great.com,1
www.harbourguides.com,1
www.harbourwayproject.com,1
ysgolionargau.sirgar.llyw.cymru,1
www.ymuno.com,1
www.kanwinn-china.com,1
yourplanetneedsyou.org.uk,1
www.zhonghe222.com,1
www.jonesassociatesifa.com,1
www.icolistingonline.com,1
www.iqchallenger.com,1
www.ysgolygelli.org,1
www.huajuncrafts.com,1
yoykempanel.com.tr,1
www.yk-parts.com,1
ygg-pontardawe.j2bloggy.com,1
www.hc-machine.net,1
www.hello4x4.com,1
www.heloawales.co.uk,1
www.ysgolbrolleu.co.uk,1
ymaichi.co.uk,1
ymaacacw.blogspot.com,1
www.jaynebryant.wales,1
www.ysgolcornhir.org,1
www.hrc.utexas.edu,1
www.hermdecosteel.com,1
www.hspkgr.com,1
ardpont.co.uk,1
1xbet-es.icu,1
www.jpsmedical.com,1
www.ytpals.com,1
www.htcncmachining.com,1
www.hsplasticgroup.com,1
www.jtaluminumcircle.com,1
www.ytiwtor.org,1
www.jszsrigging.com,1
www.ysgolbrynconin.co.uk,1
www.ysgolbrofamau.co.uk,1
archive.ahdb.org.uk,1
www.heatingoilshop.com,1
www.janetredlertravelandtourism.co.uk,1
www.hdrede.com,1
yggd-cwmllynfell.j2bloggy.com,1
www.yznuoya.com,1
www.yzdongao.com,1
www.jigso.wales,1
www.hotcourseslatinoamerica.com,1
www.iwngwent.wales,1
yggllangynwyd.org.uk,1
www.huafumelamine.com,1
www.henblascountrypark.com,1
www.henbant.org,1
www.ytplasticmasterbatch.com,1
yi.sgames.org,1
ysgolbodalaw.org,1
www.jsyngyly.com,1
1xbet-bets.icu,1
www.hspackaging.com,1
www.jsdclighting.com,1
www.hslctech.com,1
www.ysgolcalon.cymru,1
www.jetwayamenities.com,1
www.hrdept.co.uk,1
www.jr-events.co.uk,1
www.ytdrintl.com,1
www.yt-plastics.com,1
www.jrf.org.uk,1
ylolfa.blogspot.com,1
www.herbal-ingredients.com,1
www.ystwyth.cc,1
www.howards-ssangyong.co.uk,1
www.henglicai.cn,1
www.ystradfarmweddings.co.uk,1
architechwales.com,1
yourcountryyourcall.com,1
www.haimwoodshooting.com,1
www.kanyihemp.com,1
www.yikangmedical.com,1
www.interfaithweek.org,1
www.ygggllantrisant.cymru,1
www.johnstoncpschool.co.uk,1
www.ysgolllanrug.cymru,1
www.kertouch.com,1
armedmanberlin.com,1
yclawdd.cymru,1
www.kevinbrennan.co.uk,1
www.ysgolllanystumdwy.cymru,1
www.johnstown.amdro.org.uk,1
www.jobmedic.co.uk,1
www.interlingua.com,1
1xbet-giris.xyz,1
www.hanortex.com,1
www.ieuanmorris.com,1
www1.bridgend.gov.uk,1
www.hannorlux.com,1
www.kd-physicalrehab.com,1
ysgolpencae.cymru,1
www.inthewelshwind.co.uk,1
www.keav.bzh,1
www.hjfoodmachinery.com,1
www.ysgolllanbedrgoch.org,1
www.hmcd-pigment.com,1
www.jobisjob.co.uk,1
ysgolpontrobert.weebly.com,1
www.ysgolrhiwabon.co.uk,1
www.holyhiatus.co.uk,1
www.yesismore.cymru,1
www.imlhxs.com,1
www.integroaccounting.com,1
www.yihui-press.com,1
www.yieemo.buzz,1
www.ygstorageequipment.com,1
yddwylan.amdro.org.uk,1
www2.barnesandnoble.com,1
archives.wales,1
www2.societyofauthors.org,1
www2.bfi.org.uk,1
www.kerfoots.com,1
www.hlpklearfold.com,1
www.hanesllambed.org.uk,1
www.ikia-tanda.com,1
www.hongxiangmould.com,1
www.insynchealth.com,1
www2.accaglobal.com,1
www.hongwangstainless.com,1
ycrochan.cymru,1
ysgolpendalar.org,1
www.interrisksolutions.com,1
17sportsmanagement.blogspot.com,1
www.imagegroup.org.uk,1
www.ilovefairwater.com,1
www.honestsh.com,1
www.johnfrancis.co.uk,1
www3.open.ac.uk,1
www.yffarmers.co.uk,1
www.johnslabourblog.org,1
1xbetdownload.net,1
www8.hitachi.co.jp,1
yourgreenfuture.org.uk,1
www.hmic.gov.uk,1
www.keyword-suggest-tool.com,1
ysgoltryfan.org,1
www.kfddesigns.com,1
www.haitungchem.com,1
www.imagenfinal.net,1
www.imardis.org,1
aroltri.cymru,1
www.interaclick.net,1
www.hrla.org.uk,1
www.johnsonindustries.com,1
www.interculturalroots.org,1
www3.cardiffmet.ac.uk,1
1xbet-giris.icu,1
www.ysgolmaesydderwen.co.uk,1
ysgolpenmachno.org,1
ychief.blogspot.com,1
ysgolpentreuchaf.org,1
www.kehaisonic.com,1
archive.org,1
www.hkymould.net,1
www.kenite-sawblade.com,1
yogaibawb.org.uk,1
yogahousewales.com,1
www.ifashione.com,1
yogaessencerishikesh.com,1
ynysmonmind.co.uk,1
ysgolpenysarn.co.uk,1
www.ysgolmaesincla.org,1
www.yimibtspeaker.com,1
www.ysgolgymraegdewisant.co.uk,1
www.hlf.org.uk,1
www1.swansea.gov.uk,1
yourhomeyourcounty.wales,1
www.keliernb.com,1
www.kenfigcorporationtrust.co.uk,1
www.ilf.org.uk,1
yogalaurakaradog.wordpress.com,1
www.ygf.swan.ac.uk,1
www.xikooaircooler.com,1
xn--lda.cc,1
xrrf.blogspot.com,1
zithromaxazithromycin.com,1
www.institutelm.com,1
www.yasentag.com,1
www.ybedol.com,1
www.insulatorcn.com,1
your.socialenterprise.academy,1
www.kidney.de,1
ytymbl.ysgolccc.cymru,1
www.homestartmonmouthshire.org.uk,1
www.ysgolplasbrondyffryn.co.uk,1
zjkasite.com,1
zhongtu.com.cn,1
arolwg.gwynedd.llyw.cymru,1
www.holamon.cat,1
zeta.ecommzone.com:80,1
arddunrhiannon.wordpress.com,1
youngconwy.com,1
www.xfinsulation.com,1
www.infobasecymru.net,1
2012.cymru.gov.uk,1
www.infinixinc.com,1
www.gxyfoods.com,1
www.inkcapjournal.co.uk,1
ysgolnefyn.org,1
www.kinghoodvpsa.com,1
www.xida-electronics.com,1
www.ysgoltreferthyr.cymru,1
arolwg.gwynedd.gov.uk,1
www.kilsbybb.co.uk,1
www.homey-tec.com,1
www.hailanbio.co,1
www.kidwellybowls.com,1
yonderdatasolutions.com,1
www.jobs-in-transport.com,1
1xbetgiris.icu,1
ybeudy.com,1
www.ydemlheddwch.cymru,1
www.insurancecentrewales.com,1
ystiwdiobrint.co.uk,1
www.ysgolsyrhughowen.org,1
www.hahav.org.uk,1
www.kimachemical.com,1
www.kinhat.com,1
www.kingswel-machinery.com,1
www.hafod.org.uk,1
www.hafrenscientific.com,1
wyddfa.blogspot.com,1
www.yangrutingtrade.com,1
www.impact-innovation.co.uk,1
zerunsy.com,1
archive.thealberthall.co.uk,1
zoek.uk,1
www.gzberlin.com,1
www.xilongglass.com,1
www.hnjlfrp.com,1
yuip.org,1
www.innovas.co.uk,1
ytywi.lilydewaruile.com,1
xanthel.com,1
www.homemz.com,1
youngpeople.ndcsbuzz.org.uk,1
www.homeandbuild.co.uk,1
za.unawe.org,1
xesivyheze.magny-notaires.com,1
zuio.tv,1
100bets.top,1
zerkalo-fastpay-kazino.best,1
zeriikosoves.org,1
zeevou.com,1
xwikinexus.aber.ac.uk,1
www.gymaccessories.org,1
www.gymownermonthly.co.uk,1
www.gz-sourcing.com,1
www.jobsinpsychology.co.uk,1
young.greenparty.wales,1
www.xr-ovenlamp.com,1
www.home-luce.com,1
www.xledlight.com,1
www.hobbycarbon.com,1
www.kubbamachine.com,1
www.infoclinika.com,1
www.wynnstayagriculture.co.uk,1
yasumukadzu.storeinfo.jp,1
www.wzmanufacturer.com,1
www.ktc-cn.com,1
zyngafacebookpokerchips.com,1
www.ksjzq.com,1
www.holiday-pembrokeshire.co.uk,1
www.gwyneddwebtv.com,1
www.holyheadparishchurches.co.uk,1
zwanzigtausendfrauen.at,1
www.kristofferhughes.co.uk,1
yazikom.com,1
www.gwynllyw.co.uk,1
www.gxygwood.com,1
www.klmachinery.com,1
www.hofficoffibala.co.uk,1
www.ysgolpumheol.co.uk,1
www.xjboxluk.com,1
www.infectionlearninghub.co.uk,1
www.ysgolygelli.cymru,1
yearofthesea.walesonline.co.uk,1
www.neehao.co.uk,1
www.simmiles.com,1
www.osprey-tools.com,1
adroddiadblynyddol-13-14.urdd.cymru,1
www.orielodl.com,1
www.societyofauthors.org,1
www.oxforduniversity.com.cn,1
www.ozon.ru,1
www.sinomaco.com,1
www.singlefinancialguidancebody.org.uk,1
afacymru.org,1
www.parkplazacardiff.com,1
www.silviculture.co.uk,1
www.smartparkingintl.com,1
www.silversprings.plus.com,1
www.parksidepractice.com,1
www.silicone-odm.com,1
www.parcelforce.com,1
www.gwynedds.co.uk,1
www.silentroofltd.com,1
www.significados-nombres.com,1
www.parrysfurniture.co.uk,1
www.part-time.uk,1
www.signature-leather.com,1
www.osiangrifford.com,1
www.smashwords.com,1
www.sidafasteners.com,1
www.orchidstudygroup.org.uk,1
www.sjhs.newport.sch.uk,1
www.owmarchnadybobl.co.uk,1
www.sis.cymru,1
altonmurphy.co.uk,1
www.skiddle.com,1
adventuresintinpot.blogspot.com,1
www.ouhaipackaging.com,1
www.slotsmobile.co.uk,1
www.orchardero.co.uk,1
www.socialworktoday.co.uk,1
www.orellfuessli.ch,1
www.smileymindskids.com,1
www.snurf.in,1
www.snowslippers.co.uk,1
adolygiadllywodraethwyr.cymru,1
alungriffiths.co.uk,1
www.snowdoniawool.co.uk,1
www.ott-china.com,1
www.snowdoniaconstruction.com,1
www.snowdoniacanoeclub.org,1
www.snowdonia.gov.wales,1
www.smo.uhi.ac.uk,1
www.sigineer.com,1
www.particutlloi.co.uk,1
www.special-metal.com,1
www.sportpicturescymru.co.uk,1
www.oratlas.com,1
www.softcat.com,1
www.sqthealth.com,1
www.sputtr.com,1
www.sproutwired.com,1
www.oho-inflatables.com,1
www.spotonps.pl,1
www.oil-fieldvalve.com,1
www.oilbayer.com,1
www.sportsleaders.org,1
www.ogwen.org,1
www.pamlai.cymru,1
www.sportingmemoriesnetwork.com,1
addons.thunderbird.net,1
www.spoonerspub.co.uk,1
www.spoonersporthmadog.co.uk,1
www.spongyelephant.com,1
www.spirehealthcare.com,1
www.spiethstorage.com,1
www.olionbyw.co.uk,1
www.oliveoiltimes.com,1
addtoyourlife.wales.nhs.uk,1
www.talkingzone.co.uk,1
www.sional.co.uk,1
www.sianrichardsmusic.co.uk,1
www.pageinsider.com,1
www.parkwayfoam.com,1
www.oxygen-finance.com,1
www.sinsdementia.com,1
www.papercraftcentral.net,1
advertisingtips.in,1
alteredpt.com.au,1
aeminternational.co.uk,1
www.siopuwchaled.co.uk,1
www.siopria.co.uk,1
www.siopinc.com,1
www.pagwynedd.org,1
www.pantophyl.cymru,1
www.pailanguagelearning.com,1
www.sioellandeiloshow.org.uk,1
www.palestinecampaign.org,1
www.siop-glasfryn.com,1
aeron.360.cymru,1
www.sionedgwendavies.com,1
www.sionedglyncelf-art.com,1
www.sioned.cymru,1
www.panocity.de,1
www.pantdu.co.uk,1
www.sjhs.org.uk,1
www.sjtech-led.com,1
www.owcable.com,1
www.stcatz.ox.ac.uk,1
www.nbfoodmachine.com,1
www.nbinvestmentcasting.com,1
www.nbjge.com,1
www.nbjiatong.com,1
www.tafarnyfic.com,1
www.tafarnsinc.cymru,1
www.nbtsida.com,1
www.tafarn.cymru,1
www.nbwinwinea.com,1
www.taffswellfc.com,1
www.sytonkiosk.com,1
www.nbyiteng.com,1
www.sy-microfiberleather.com,1
www.newinnllanddewibrefi.co.uk,1
www.newparkrides.com,1
www.swanseacommunitydirectory.org.uk,1
achau.co.uk,1
www.newportbus.co.uk,1
achievemoretraining.com,1
acoustiguide.com,1
www.swaconline.org,1
www.swaac.org.uk,1
www.taiceredigion.org.uk,1
www.nb-hey.com,1
www.outstandingdm.com,1
www.nestwales.org.uk,1
www.ncfe.org.uk,1
www.nefyn.com,1
andalusian.xyz,1
www.szzhsbag.com,1
www.nerobali.com,1
www.nersdb.info,1
www.szdqpack.com,1
www.nestlingsnursery.co.uk,1
www.nestpensions.org.uk,1
www.szbowei-ch.com,1
www.negocios-inteligentes.com,1
www.taigwynedd.co.uk,1
www.netooze.com,1
www.nbzkls.com,1
www.tactile-indicator.com,1
www.talhenbonthall.co.uk,1
www.naturcymru.org.uk,1
www.naturewellbeing.wales,1
www.naturewise.org.uk,1
www.natwest.com,1
www.tailikids.com,1
www.navy-net.co.uk,1
acecus.org,1
www.svg.lv,1
www.newportmind.org,1
www.slider.com,1
www.swinginbill.co.uk,1
www.swigsmoothies.co.uk,1
www.neway.mobi,1
www.newba.org.uk,1
www.newbridgememo.co.uk,1
www.sweetremedies.co.uk,1
www.switech1978.com,1
www.nwcbooks.com,1
www.nwcr.org,1
www.stcadocs.org.uk,1
www.slcc.co.uk,1
www.suzuki-gb.co.uk,1
alumni.aber.ac.uk,1
www.slatergordon.co.uk,1
www.ourokhome.com,1
www.skillsforcareanddevelopment.org.uk,1
www.skillsevents.com,1
www.skillscymru.co.uk,1
www.skillsacademywales.co.uk,1
www.oujiangroup.com,1
alu280.wixsite.com,1
www.skewsiskin.net,1
www.new-law.co.uk,1
www.new-era.nl,1
www.swisstypelathe.com,1
www.swnissound.com,1
www.newportyouthcouncil.org.uk,1
www.sutungnewenergy.com,1
www.news33live.com,1
acp.planninginspectorate.gov.uk,1
www.newsnow.co.uk,1
www.newsplancymru.info,1
www.sustainablescaleupcluster.wales,1
anarchol.wordpress.com,1
www.syautopart.com,1
www.newgenapps.com,1
www.swcidelic.com,1
www.neu-presse.de,1
account.dwrcymru.com,1
accrovtt.com,1
www.swsbridalboutique.co.uk,1
www.neuaddbuddug.com,1
www.swrawp-wales.org.uk,1
www.swpg.co.uk,1
www.swoosh.me.uk,1
www.neuaddyrhafod.co.uk,1
www.newcis.org.uk,1
www.oldstmellonscommunitycouncil.org.uk,1
addisongazette.com,1
www.ysgolygwendraeth.co.uk,1
www.yourliri.com,1
www.yourfoodjob.com,1
www.jkgvalve.com,1
www.hillandroberts.co.uk,1
www.jovilife.com,1
archiveshub.ac.uk,1
yfro.amdro.org.uk,1
ysgolglanwydden.co.uk,1
yrathroabsennol.blogspot.com,1
www.hzhinew.com,1
www.yourgreenfuture.org.uk,1
1stllandysul.org,1
www.ysgolyllan.co.uk,1
www.yourlocalpantry.co.uk,1
www.hzd-industry.com,1
ygawyragoredcymru.wordpress.com,1
www.jlpjobs.com,1
www.youlumi.com,1
www.youblisher.com,1
www.hanyingcultural.com,1
www.iolomorganwg.wales.ac.uk,1
www.hooloo.com,1
www.ionos.co.uk,1
archive-org-2014.com,1
www.hilf.co.uk,1
www.idealist.org,1
ysgolglanmorfa.org,1
www.joomla-solutions.com,1
www.ysgolgwaunynant.co.uk,1
www.hillsidesecurechildrenshome.co.uk,1
www.iam100.co,1
ysgolglanwydden.schooljotter2.com,1
www.haydndenman.co.uk,1
www.jiscinfonet.ac.uk,1
www.hbgcdl-fasteners.com,1
www.youscribe.com,1
www.hbhuanhao.com,1
www.justreal.ru,1
www.harnischlacey.com,1
ygbmalmaen.blogspot.com,1
1xbet-bets.xyz,1
www.hblygroup.com,1
www.youstudy.com,1
www.hytokstech.com,1
ardouracademy.com,1
www.hospitalityjobsuk.com,1
www.zealwayceramic.com,1
yrhenddeurodiwr.wordpress.com,1
www.hays.co.uk,1
ydemlheddwch.cymru,1
www.hoopers.co.uk,1
www.st-davidvetcentre.co.uk,1
www.kamgoldauto.com,1
www.hansymlaser.com,1
www.itsmyshout.co.uk,1
www.zmantenna.com,1
yourlocalcrowd.co.uk,1
www.zetindental.com,1
www.irfs.org.uk,1
1xbet-bonus.xyz,1
www.kanaif.com,1
www.jmshealth.com,1
www.kamroller.com,1
www.jonesbryn.plus.com,1
www.zohery.com,1
www.yogaibawb.org.uk,1
www.kactussport.com,1
www.yongyu.com,1
www.irishrcloud.co.uk,1
www.york.ac.uk,1
www.harley-st-clinic.com,1
www.hirwaunpower.co.uk,1
ysgolgynraddkingsland.co.uk,1
www.harbour-master.com,1
www.historicharboursofirelandandwales.com,1
www.ysgolyfrenni.co.uk,1
www.hiveaid.co.uk,1
www.ysgolygarnedd.org.uk,1
www.hitexinternational.com,1
ydiwrnodmawr.com,1
www.kavounautoparts.com,1
www.zodshopdesign.co.uk,1
www.idcrawl.com,1
ysgolllanfechell.org,1
www.hitachi-hgne-uk-abwr.co.uk,1
ysgolioniachgwynedd.org,1
www.ioff.de,1
www.ioshjobs.com,1
www.hanyanggreenhouse.com,1
www.ieuanevans.co.uk,1
www.hansuichemistry.com,1
www.ysgolybedol.co.uk,1
ynysmon.maethucymru.llyw.cymru,1
www.joinqdsteel.com,1
www.iestynroberts.com,1
www.zoopla.co.uk,1
www.hontza.net,1
www.iechydmeddwlycyhoedd.org,1
www.ymca-wales.ac.uk,1
archivesearch.cf.ac.uk,1
www.ymcacardiff.wales,1
www.himalayanlearning.org,1
www.k2tv.co.uk,1
www.jonmorris.net,1
www.sondaggisocial.it,1
www.opanwales.org.uk,1
www.sophpower.com,1
www.sonuker.com,1
www.sonicrush.net,1
amazingthingshappen.tv,1
www.songligroup.com,1
www.opendoors.wales,1
www.soundbookproject.com,1
www.opendoorsdenbighshire.org.uk,1
www.songaah.com,1
www.opengovernment.org.uk,1
www.soundandstoryproductions.co.uk,1
adnoddau.cbac.co.uk,1
www.solvacare.co.uk,1
www.solublecoffeeb2b.com,1
www.solar-powersystem.com,1
www.sokenswitch.com,1
www.optical.org,1
www.opendoorsuk.org,1
www.ombudsman.org.uk,1
www.sounddiplomacy.com,1
adminjustice.bangor.ac.uk,1
www.sortitionfoundation.org,1
amazon-services.fixflo.com,1
www.hipohyfryd.co.uk,1
www.standard-chem.com,1
www.stay4you.com,1
www.nwpcp.org.uk,1
www.staxx-mhe.com,1
www.nyas.net,1
www.nyforgedwheels.com,1
www.statemaster.com,1
www.startyourowngoldmine.com,1
www.objetivocupcake.com,1
www.stanwell.org,1
www.st-aidans.pembrokeshire.sch.uk,1
www.stalbans-pontypool.org.uk,1
www.speakersforschools.org,1
amdro.org.uk,1
www.oft.gov.uk,1
www.ofunnygames.com,1
www.st-melangell.org.uk,1
www.ogamigam.com,1
www.ogharriesfuneraldirectors.com,1
www.ogmios.org,1
www.ogofogof.com,1
www.stammering.org,1
www.opticpatchcord.com,1
www.omidaze.co.uk,1
www.omnicnc.com,1
www.onceuponalearningadventure.com,1
www.jxsten.com,1
www.zerkalo-fastpay-kazino.best,1
www.jkyliftchair.com,1
www.joomla.org,1
www.ianerix.com,1
www.yourdictionary.com,1
www.hautekmachinery.com,1
www.jordanblogs.org,1
www.haveagowales.co.uk,1
www.ysgolgodrerberwyn.cymru,1
www.hauming.cc,1
www.jynjcz.com,1
www.spacehive.com,1
www.jz-metal.com,1
www.youmeiya.net,1
ysgolgymraegcwmbran.co.uk,1
www.iccwales.com,1
www.jlgrating.com,1
www.ironworksstudio.co.uk,1
www.icasting-machining.com,1
www.icaewvolunteers.com,1
www.iawn.cymru,1
www.harold.thimbleby.net,1
www.youraccompanist.com,1
ypodllyfrau.podbean.com,1
www.youngliberals.uk,1
www.isni.org,1
www.oncommonground.co.uk,1
www.onecarmarthenshire.co.uk,1
www.sova.org.uk,1
www.onehistoricgarden.co.uk,1
www.onenote.com,1
www.soundproof-panel.com,1
www.oneplanetcouncil.org.uk,1
www.southwalesrecordsociety.co.uk,1
www.southwalesmason.com,1
www.onevoicewales.org.uk,1
www.ongenealogy.com,1
addysg.miconwy.cymru,1
www.onlinedisclosures.co.uk,1
www.onlinegambling24.com,1
adew.org.uk,1
www.southeastwalestourismawards.co.uk,1
www.southwestwales.info,1
www.kudlanka.cz,1
www.radioline.co,1
www.infoslobber.com,1
www.iardhendre.co.uk,1
www.whauc.com,1
www.lighthouse-healthcare.co.uk,1
cy.officeswivelchair.com,1
orchardweb.co.uk,1
orlikandson.co.uk,1
origins.museumsvictoria.com.au,1
originalones.org,1
capelnewydd.org,1
original.abd.org.uk,1
orielqueenshallgallery.org.uk,1
capelillundain.org,1
orielcolwyn.org,1
ordorf.wordpress.com,1
ordnancesurvey.co.uk,1
orieltanyrhallgallery.vpweb.co.uk,1
osapp.com,1
online-traveling.ru,1
ongl.co.uk,1
onestopsolutionnvs.in,1
ocdtest.com,1
occasionalcinema.org,1
observatoriodalinguagalega.org,1
oakleighschool.co.uk,1
nyecountdown.com,1
nwwt-shop.sketchfiles.co.uk,1
ocksa-gjort.fun,1
ors.org.uk,1
ostoday.org,1
nwnwa.org.uk,1
onparproductions.co.uk,1
porthmadogfc.com,1
portheirias.com,1
postgrad.cawcs.wales,1
ntcymru.walesonline.co.uk,1
penelin.blogspot.com,1
pendinepark.co.uk,1
onlinecasino123.com,1
onlinecoatings.org,1
onlinetoolkit.net,1
onnenmon.wordpress.com,1
ontheedgeofreason.com,1
option.news,1
op.europa.eu,1
opalexplorenature.org,1
opencall.diffusionfestival.org,1
openfoodnetwork.org.uk,1
openingup.wonderboxpublishing.com,1
openlibrary.org,1
openplaques.org,1
openspace.orieldavies.org,1
openwaterswimathon.org,1
optical.org,1
carbonliteracy.com,1
nwna.co.uk,1
pea.fm,1
pavs.org.uk,1
partner-tools.moneyadviceservice.org.uk,1
partner-tools.moneyhelper.org.uk,1
partners.aber.ac.uk,1
parysguides.weebly.com,1
canolfanyglowyr.home.blog,1
passionmakeup.fr,1
passtheparcel.cymru,1
pauldooley.com,1
canolfanseren.co.uk,1
pavofundingnews.blogspot.com,1
payments.southwales.ac.uk,1
ous.us,1
pb-llyfrgell-ymchwil.blogspot.com,1
pbb.tiscaliinfierna.online,1
pbgmz.wordpress.com,1
pbion.com,1
penbre-sirgar.bookinglive.com,1
pembsinclusionservice.wales,1
pembrokestory.org.uk,1
pembrokeshirecoasttrust.wales,1
pembrokeshirecaresociety.co.uk,1
peacenews.info,1
partiponty.cymru,1
oundleprimary.com,1
nwc.unioncloud.org,1
one-two-tree.co.uk,1
nwba.ac.uk,1
nurses.dating,1
ntwelshcoast.blogspot.com,1
nwpcp.org.uk,1
otikfonts.com,1
oclmenai.blogspot.fr,1
oeapng.info,1
oneplanetcardiff.co.uk,1
oneonline.monmouthshire.gov.uk,1
oneearthtextiles.co.uk,1
capelsaron.blogspot.com,1
pendresurgery.co.uk,1
oldstmellonscommunitycouncil.org.uk,1
odli.cymru,1
oldoakdentalpractice.co.uk,1
ointment.org.uk,1
oinstafonts.com,1
ogwen-rescue.org.uk,1
ofwat.shorthandstories.com,1
capital-law.co.uk,1
oengus.io,1
okopipi.org,1
portugal-farmacias.life,1
posib.org,1
post.carmarthenharriers.co.uk,1
polish.dating,1
pentrehafod.school,1
pharmacyresearch.wales,1
pevicotyxy.software-comparativo.com,1
peterlarge.fixflo.com,1
peterblack.blogspot.com,1
perfectpitchcamping.co.uk,1
perdidanautopia.com,1
percprovnatretimurupsisyltuthoho.co,1
pharmacyonlinecanadian.site,1
pengeulanhelen.blogspot.com,1
politicallyvegan.com,1
phil-a-phuket.com,1
primedermalcare.com,1
priokville43.uiwap.com,1
prisonersolidarity.wixsite.com,1
prisonlinkcymru.org.uk,1
prisonvisits.service.gov.uk,1
privatefostering.org.uk,1
prod.hcpc-uk.org,1
products.groupdocs.app,1
produk-andalan.com,1
professional.ciww.com,1
canolfanfelinfach.org.uk,1
philedwards4aberconwy.blogspot.com,1
postcodes.royalmail.com,1
pennyjones.me.uk,1
piece-contact.fun,1
pianoencyclopedia.com,1
pensions-advice.me.uk,1
pensaer-hd-architect.com,1
penrijamesceredigion.blogspot.com,1
penrhyncoch.ceredigion.sch.uk,1
penrhosarms.com,1
penrallt.org,1
pentrebach.org,1
penparcau.org,1
pennydjones.cymru,1
philipm-personalweb.co.uk,1
pennau.co.uk,1
penllyn.com,1
penllwyn.ceredigion.sch.uk,1
peniel.amdro.org.uk,1
penparc.ceredigion.sch.uk,1
policyinpractice.co.uk,1
pentrefoelas.org.uk,1
peoplepill.com,1
phytovation.co.uk,1
philiprdavies.wordpress.com,1
professional.singles.dating,1
professionalmoron.com,1
professioneleidentiteit.nl,1
pontypoolmuseum.org.uk,1
porcweek.wales,1
caniadur.info,1
portal.southtynesidehomes.org.uk,1
pop-up-hub.com,1
pontrhydfendigaid.pumlumon.org.uk,1
pontarddulaiswalkingclub.com,1
pomiddebsrocktesciapinowersadoperch.co,1
polskidrob.com.pl,1
politicsbyrebuttal.blogspot.com,1
cankayaerkekyurdu.com,1
politicalemails.org,1
profile.glam.ac.uk,1
portal.welsh-blood.org.uk,1
portfield-special-school.j2bloggy.com,1
premcamaldaburtatalwalahobackprin.xyz,1
precious-testimonies.com,1
prdl.org,1
prairieheart.org,1
praacticalaac.info,1
powys.gov.uk,1
portatiles-baratos.net,1
potters.co.uk,1
portal.cardiffstudents.com,1
portal.cartreficonwy.org,1
portal.edoconline.co.uk,1
portal.mid-walesha.co.uk,1
profitbiz.xyz,1
project-metal.co.uk,1
projecteliseg.wordpress.com,1
publiclawtoday.co.uk,1
publications.parliament.uk,1
pt.librarything.com,1
psychcardiffmet.wordpress.com,1
psych.caerdydd.ac.uk,1
psu.walesdeanery.org,1
primalumrabubbser.compwinsenspeapasebichisancatosment.info,1
psr.llgc.org.uk,1
prv.cymru,1
proyectopuente.com.mx,1
proxyq.com,1
prosiectpenrhyn.wordpress.com,1
projectorrepair.co.uk,1
projectme.platfform4yp.org,1
prv.space,1
pressat.co.uk,1
prepster.info,1
premioodairfirmino.caritas.org.br,1
particutlloi.co.uk,1
pdfhost.io,1
pnburrows.com,1
jymasagenynec.thebindyagency.com,1
journolink.com,1
joyinflatable.video2b.com,1
jpslurrypump.com,1
karachi.dating,1
kakomessenger.com,1
kajebaxusaby.ogmaexpo.com,1
kaderixafofaxijom.rafaelrvalcarcel.com,1
k7.media,1
jyngl.blogspot.com,1
joe9889.wixsite.com,1
jycicucetojedoguk.happyplacekidsgym.com,1
journey-assist.com,1
jycepyxaxu.lombardspirit.com,1
juvikifipociwu.astonmartingo.com,1
justus.anglican.org,1
julierenszer.blogspot.com,1
juergenwilke.com,1
jylegawalewepezog.escape-addict.com,1
jobs4staffordshire.co.uk,1
jobs4network.co.uk,1
jobs.themj.co.uk,1
jiahengyuanchem.com,1
journey-to-nowhere.ru,1
joszko.blog,1
jerminproductions.co.uk,1
iwoc.iww.org.uk,1
cds.daswales.org,1
initialteachereducation.co.uk,1
inform.wales,1
cdoc.org.uk,1
info.copronet.wales,1
inflatablefun-wales.co.uk,1
infinityds.co.uk,1
indycube.com,1
ininet.org,1
ignoudocs.com,1
jahshakasurf.com,1
josephparry.org,1
joedigrabhamblog.wordpress.com,1
johnlawton.online,1
johnmuirtrust.org,1
cbawales.archaeologyuk.org,1
join-us.nspcc.org.uk,1
join.localgiving.org:443,1
joinmastodon.org,1
jon-summers.livejournal.com,1
jonesbrothersbenllech.co.uk,1
jordan-lawyer.com,1
jersey4shop.com,1
jeremyhuwwilliams.com,1
pdf-magazines.org,1
heliwr.com,1
jobs-newport.onewales.com,1
jobs.findyourflex.co.uk,1
karenblakeacademy.com,1
ifstcandv.org,1
idp.llgc.org.uk,1
hebatojyxynozije.axendadeportiva.com,1
heinecke.pagesperso-orange.fr,1
hekatecovenant.com,1
heleddfychan.blogspot.co.uk,1
heleninwales.livejournal.com,1
celtic-congress.org,1
jobs.bangor.ac.uk,1
help.open.ac.uk,1
help.swan.ac.uk,1
hemorrhoidcures.net,1
henacynflin.blog,1
henafasiwixymika.innovationoptimiser.com,1
henebnews.wordpress.com,1
celt2002.tripod.com,1
henryjonesbuilders.co.uk,1
hensoneditorialservices.co.uk,1
hepatitisspecialist.com,1
jobs.abe.org.uk,1
jobs.britishcouncil.org,1
jellycast.com,1
jac.judiciary.gov.uk,1
jelalugazivy.autorepairssimivalley.com,1
jiqanikaxyq.texasbestchambers.com,1
jeddah.arab.dating,1
jdconveyor.com,1
japontotal.com,1
janerosecakes.com,1
jandphomeimprovements.co.uk,1
jamiesmithsmabon.com,1
jakarta.dating,1
jdrf.org.uk,1
ccbodedern.co.uk,1
jobs.careeraddict.com,1
jobric.com,1
jobs.plymouthherald.co.uk,1
jobs.npt.gov.uk,1
jobs.natives.co.uk,1
jobs.lawgazette.co.uk,1
jobs.justlanded.com,1
jobs.insidehousing.co.uk,1
jobloving.com,1
jobs.hertfordshiremercury.co.uk,1
jobs.cibsejournal.com,1
inlandborderfacilities.uk,1
innovo.org.pl,1
insidedvla.blog.gov.uk,1
pantdu1.blogspot.com,1
pariswelshsociety.org,1
parentinfo.org,1
parcyrhun.amdro.org.uk,1
cantorion-creigiau.org,1
paramount.fixflo.com,1
parade.maindee.org,1
pakistani.dating,1
paradacreativa.es,1
papernerds.de,1
pantyrhedyn.weebly.com,1
pantdu1.blogspot.co.uk,1
painconcern.org.uk,1
panedascon.blogspot.com,1
pallmallholidaypark.co.uk,1
cantorionrhos.com,1
mathematicsplayground.dcs.aber.ac.uk,1
maternalmentalhealthalliance.org,1
materials.ac.uk,1
inthepinktherapiesandtraining.co.uk,1
investfund.info,1
inview.doe.in.gov,1
invisioncommunity.co.uk,1
palarmstroy.com,1
ourpantryonline.wales,1
cdn-2.fenews.co.uk,1
p2pcitizenadvocacy.co.uk,1
pdavengers.eu,1
pcnpa.co.uk,1
pcl-eu.de,1
pca.st,1
pe-zone.com,1
parti-ponty.webflow.io,1
parselcanol.blogspot.co.uk,1
parkrowdance.co.uk,1
padarn.wales.nhs.uk,1
capahamprogdanabobouracnimatnetp.xyz,1
oxfamilibrary.openrepository.com,1
owainllyredwards.co.uk,1
oxeq.life-dating.ru,1
oxcourseworkbzfl.larryclark.us,1
padelist.net,1
owlman.neocities.org,1
owain-glyndwr-embassyllysgenhadaeth.blogspot.co.uk,1
owabitoyo.themedia.jp,1
ow1516.com,1
outlet-property.fixflo.com,1
cape-campaign.org,1
out.carmarthenharriers.co.uk,1
iopc-complaints-welsh.egressforms.com,1
iopc.11.dev.fourplc.com,1
iossoeuropa.com,1
iloverida.blogspot.com,1
insynchealth.co.uk,1
inspireevents.co,1
in.via.com,1
improvisation.ws,1
impactproject.eu,1
immaginepoesia.wordpress.com,1
imkassandreias.gr,1
imaginegroup.fixflo.com,1
inanerteberba.leyneracsusemabtopormopulpate.co,1
imagine-magazine.org,1
ikaching.co.uk,1
iphoneaddict.fr,1
ik4.es,1
iiv.investinginvolunteers.org.uk,1
ihbc.org.uk,1
iguanastropicales.com,1
imagefactory.hu,1
iwanrhys.com,1
incline.media,1
indonesian.dating,1
insightsesc.co.uk,1
insideoutart.co.uk,1
intarch.ac.uk,1
ccig-fgym.rhiwen.com,1
ironsoftware.com,1
irrigadordental.pro,1
iqessayljgp.communiquepresse.info,1
iqt.wales.nhs.uk,1
ir.interstellar.tours,1
iranactua.tk,1
iranian.dating,1
ccrw.org.uk,1
ccog.eu,1
irfs.org.uk,1
irisbarcelos.blogspot.com,1
ivohub.com,1
ccheilteach.ie,1
itss.cardiffmet.ac.uk,1
iticymruwales.weebly.com,1
it.unawe.org,1
istayhome-info.vercel.app,1
intecsta.cymru,1
istanbul.turkish.dating,1
ispp.ie,1
islamicwebsites1.blogspot.com,1
ishare.caerdydd.gov.uk,1
ccllandysulcc.org.uk,1
pigroastwisconsin.com,1
playandplaywork.com,1
hiponixygo.lemoisduvinnaturel.com,1
my.bible.com,1
naasmusicschool.com,1
cardiffreferees.org.uk,1
n-deti.ru,1
mybreakme.com,1
mybook.ru,1
myaolmailx.com,1
myaccount.pembrokeshire.gov.uk,1
my.sgames.org,1
my.liveireland.com,1
mycih.cih.org,1
mx-life.tv,1
naturalforestpractice.com,1
mwynamwydro.wordpress.com,1
mwncillwy.blogspot.com,1
mwgsi.com,1
muwafulerofuxoh.lphsbands.com,1
musterpoint.co.uk,1
mx.beibl.net,1
nerc.ukri.org,1
mydriverslicence.com,1
cardifftothesee.com,1
mzayat.com,1
cardiffmmu.teamkinetic.co.uk,1
naturalhistory.museumwales.ac.uk,1
mytsd.uwtsd.ac.uk,1
naturalfatburner.net,1
napotpickratmures.alsupvestraclimodukbestlicenttacta.co,1
narberthnaturalhealth.co.uk,1
narrowgaugerailwaymuseum.org.uk,1
national-library-of-wales-gift-shop.myshopify.com,1
national.lgfl.net,1
nationalarchives.gov.uk,1
nationalfloodforum.org.uk,1
cardiffnewsroom.co.uk,1
nationalwatersafety.org.uk,1
cardiffnaturalists.org.uk,1
neqynesuvozozusi.travel-australia-planning-guide.com,1
naturalmidwales.co.uk,1
neilandmeg.com,1
neil4bc.blog,1
nefyn.rnmcloud.com,1
ncvo.charityjob.co.uk,1
nci-northwales.org,1
naaswch.org,1
ncefoodfestival.wales,1
naturewise.org.uk,1
naturalweigh.co.uk,1
cardiffnaturalists.blogspot.com,1
cardiffswimming.co.uk,1
mytruko.com,1
newinitiatives.walesdeanery.org,1
nhsfuturefit.org,1
northcardiffdentalimplants.co.uk,1
northwalescamerata.co.uk,1
northwalescommunityalert.co.uk,1
cardiff.books-plus.org.uk,1
ns6.com,1
cardenistingloustaseresfitojocu.co,1
cardiff-student.fixflo.com,1
npe.conwy.gov.uk,1
novazidisy.applikando.com,1
notebrokering.com,1
notebook.community,1
noeljames.co.uk,1
nos.ukces.org.uk,1
northwood-tyneside.fixflo.com,1
northwood-glasgow.fixflo.com,1
northwood-central.fixflo.com,1
northwalesmagazine.com,1
northwalesjobs.co.uk,1
nostalgic-mccarthy-a5188d.netlify.com,1
nfpsynergy.net,1
nfer.ac.uk,1
nexttourismgeneration.eu,1
non-stop-locksmith.com,1
cardiff.carpe-diem.events,1
mystrokeguide.com,1
music.osmo-montesano.it,1
mystockmarketnews.com,1
myfreebulletinboard.com,1
myslalom.ru,1
mynyddybetwswindfarm.co.uk,1
mynyddmawrchoir.co.uk,1
mynyddllandegai.org.uk,1
mynediadamddim.com,1
mylearning.nspcc.org.uk,1
myglobaldocuments.com,1
myownpension.org.uk,1
nerdlybeachparty.org,1
nlc.celticleisure.org,1
neryshurford.co.uk,1
nia-wales.com,1
niamhrblog.com,1
nianeb.weebly.com,1
nibynimudo.silentsoundsparty.com,1
niddtachochobi.blogspot.com,1
nightout.org.uk,1
nigywukuzasulywu.smdphotographie.com,1
nitalyhociwexot.prosportsfandom.com,1
nivewebaqalis.porkfection.online,1
cardiffpoetryfestival.com,1
nantconwytreeservices.co.uk,1
nannau.wales,1
cy.theomegle.com,1
cy.tutorialcup.com,1
cy.trialhosting2.info,1
collectiveworship.uk,1
cy.top10supplements.com,1
cy.top-tag.com,1
cy.ukpokertournaments.com,1
cy.tonnytool.com,1
cy.tianhui169.com,1
cy.threelucky.com,1
cy.thesustainablestudio.com,1
cy.thenahid.com,1
cy.sgames24.com,1
cy.thecambazoo.com,1
cy.tmdunhill.info,1
cy.tfw-urban.spindogs-dev7.co.uk,1
cy.ultimateluxuryvillarentals.com,1
coleshillwales.uk,1
cofion.techiaith.cymru,1
cofnod.org.uk,1
cofoqumefuwykar.hildebrandsguld.com,1
cofrestru.dosbarthdigidolwru.co.uk,1
cohl.tech,1
cy.tyroto1688.com,1
commonshansard.blog.parliament.uk,1
nanel.co.uk,1
cy.poponlineshop.com,1
cy.nylonpulley.com,1
conscious-tribal.uk,1
cy.ntnytech.com,1
connecting-classrooms.britishcouncil.org,1
cy.sexdollfetish.store,1
cy.pdyear-china.com,1
conference-bookaccommodation.bangor.ac.uk,1
competition.adesignaward.com,1
computerdoc.xyz,1
cy.porno-multfilmy.ru,1
cy.popgah.com,1
cy.sfchemicals.com,1
cy.pop-scarves.com,1
cy.peoplefirstbridgend.co.uk,1
cy.polishairsoft.net,1
cy.pobedidijabetes.org,1
comradegaming.com,1
cy.phonepantalla.com,1
concentric.health,1
confederatemuseumcharlestonsc.com,1
cy.pestlures.com,1
cy.pobol-y-cwm.wikia.com,1
cy.vatacvalves.net,1
colinnosworthy.wordpress.com,1
cy.vakeelon.com,1
cy.systurfs.com,1
comisiwnetholiadol.wordpress.com,1
cy.sunglassesodm.com,1
cy.templatebankasi.com,1
combiproject.eu,1
cy.tecstiliau.org,1
cy.tecfree-cooling.com,1
cy.teamlandshoes.com,1
cy.tanki.ua,1
cy.sunbeamoem.com,1
cy.szlightall.com,1
cy.sydneysarge.org,1
cy.urdolls.com,1
cy.surnameanalysis.com,1
cy.surezenprotect.com,1
cy.super-seo-guru.com,1
cy.sunraev.com,1
cy.szbxlpackaging.com,1
www.gwyneddbats.org.uk,1
gwylplant.org.uk,1
gwyneddfootballleague.pitchero.com,1
cardiffquakers.com,1
nahugymenumytyfa.kurt-haspel.com,1
cy.testeck.com,1
cy.softmedal.com,1
cy.shansongpro.com,1
cy.shbalmxy.com,1
coleridgefestival.org,1
cy.upinfloor.com,1
cy.unviot.com,1
cy.unifonpaper.com,1
cy.underwoodhealing.com,1
cy.urgreenyard.com,1
gwylnolamlan.blogspot.co.uk,1
cy.testerschina.com,1
colwynbid.co.uk,1
cy.stonemach.com,1
cy.stonegallary.com,1
cy.ssdcraneparts.com,1
cy.sptct.com,1
cy.speedleopard.com,1
cy.speedgolfball.com,1
cy.suedefabricsupplier.com,1
commanjack.wordpress.com,1
commons.m.wikimedia.org,1
cy.shimgepump.com,1
cy.shengyangmachinery.com,1
cy.shdaeyeonchem.com,1
newportwalesmarathon.co.uk,1
newfoodentrepreneurs.org.uk,1
playlotteryonline.info,1
mind.org.uk,1
mswales.com,1
mss.clwydpensionfund.org.uk,1
mrproducer.co.uk,1
mrhyspowell.com,1
mrc.ukri.org,1
mtraccymru.co.uk,1
monmawncymru.com,1
cardigancountyshow.org.uk,1
moneysmarttoolkit.co.uk,1
mindfulnessinschools.org,1
mimtwmllai.blogspot.com,1
mtresu.com,1
milltirsgwar.cymru,1
military.dating,1
mihc.org.uk,1
careermasterguide.com,1
migrations.uk,1
midogguide.com,1
mid-man.com,1
micronations.wikia.com,1
micronations.wiki,1
microgeek.ru,1
mtib.co.uk,1
monmouth.churchinwales.org.uk,1
midwalesfoodandlandtrust.org.uk,1
motio.com,1
monmouthcarnival.co.uk,1
monmouthcastlemuseum-archives.org.uk,1
monmouthshire.cpdsewales.org.uk,1
monmouthshirecc.wordpress.com,1
montsoc.org.uk,1
monumentalwelshwomen.com,1
moodle.botwnnog.gwynedd.sch.uk,1
moodle.tywyn.gwynedd.sch.uk,1
morgans.fixflo.com,1
morristonorpheus.com,1
motoclubsantateresa.it,1
mtsen.org,1
moufirsfundcalgude.leiweaniniturlereehephanaradoct.info,1
movemoreeatwell.co.uk,1
moviemusicfilmmusik.blogspot.com,1
mowytisydomysesu.atholmoraleephotography.com,1
mp3fy.com,1
musatalent.it,1
mundoaldia.es,1
multilingualeurope.eu,1
multidict.net,1
mulcharimecapa.ficnacougsimemicketptingrenskosaran.co,1
micomidaperuana.com,1
michaelquale.com,1
neweconomyorganisers.org,1
police.research.southwales.ac.uk,1
planed.libsyn.com,1
cannasurgery.co.uk,1
canmlwyddiant.llgc.org.uk,1
plantanglican.org,1
plantglyndwr.blogspot.com,1
plasmenaihealthcentre.co.uk,1
platfform.cymru,1
platform51.org,1
play.hymnswithoutwords.com,1
play2048game.net,1
pointdorg.be,1
plaidgogleddcymru.blogspot.com,1
podyssey.fm,1
podsgorio.fireside.fm,1
podpis-kwalifikowany.pl,1
podcasts.google.com,1
canolbarth.ybont.org,1
pngtopdf.net,1
pmproofreading.com,1
plombier-chauffagiste-lebaillif.fr,1
plc.celticleisure.org,1
playquestadventureplay.co.uk,1
cannibalhollywood.blogspot.com,1
plaidcymru.fundraise.tech,1
mirimawr.co.uk,1
mnroy.com,1
mirznanii.com,1
cardiganinternetradio.com,1
monarchiabancaria.blogspot.com,1
moilin.co,1
cardiganthroughtheages.com,1
modelprimaryschool.ysgolccc.cymru,1
modeles-excel-gratuits.com,1
mirror.git.trinitydesktop.org,1
mochyndaear.blogspot.com,1
mobile.audible.co.uk,1
mjledlighting.com,1
placesofpoetry.org.uk,1
mitiminiryfo.happylifekennel.com,1
mister-bet.xyz,1
misstebot.blogspot.com,1
mobilesignature.eu,1
mathstephens.pbworks.com,1
nt.pcnpa.org.uk,1
ntsnowdonia.wordpress.com,1
pinewood.fixflo.com,1
piwwc.org,1
pjinstitute.co.uk,1
miciplwm.co.uk,1
michael-jones.fixflo.com,1
museumvictoria.com.au,1
melkinsprophecydecoded.blogspot.com,1
news.wales,1
news.science,1
newsquestevents.co.uk,1
nsc.dnadevelopment.co.uk,1
music-preparation.co.uk,1
museums.elevatordesign.co.uk,1
melin.org.uk,1
melindaron.org,1
melindrafod.cymru,1
melinllynon.co.uk,1
melvillereview.com,1
newsintheworld.cf,1
melynwy.blogspot.com,1
melysion.blogspot.com,1
membermojo.co.uk,1
memorycardrecovery.net,1
cariadcards.co.uk,1
careyoukeep.com,1
mendipvets.net,1
mennabonsels.com,1
carersuk.stagingbox.co.uk,1
carersoutreach-reachmypotential.blogspot.com,1
newsinfonia.org.uk,1
cardiffcamra.org.uk,1
meetbristolres.bzon.uk,1
cardifffilmoffice.co.uk,1
newcastleemlyntowncouncil.co.uk,1
newcastle.sydney.dating,1
newrybeachholyhead.co.uk,1
newalesgreenparty.org.uk,1
neverseconds.blogspot.com,1
neu.cymru,1
network-radios.com,1
neteamagzedetamiwinneredeto.co,1
nestpensions.org.uk,1
nestaeluned.co.uk,1
nerht.heritage-railways.com,1
newsplanwales.info,1
cardiffembroidery.co.uk,1
news.royalmailgroup.com,1
newyddionmyfanwy.blogspot.com,1
cardiff.theodi.org,1
cardiff.zoom.us,1
cardiffbreakfastclub.com,1
newtonfallowell-lincoln.fixflo.com,1
newsspectrum.eu,1
news.china.com.au,1
newsroom.ee.co.uk,1
mentermaldwyn.cymru,1
mezibarkegularasida.info,1
mewngofnodi.sir-benfro.gov.uk,1
cariadgwincalpol.wordpress.com,1
maxspeedtest.com,1
mawddach.com,1
mauritania.africa.dating,1
mattadams5x60.wordpress.com,1
carmarthen-live-welsh.hostingssf.aquilaheywood.com,1
mhminsight.com,1
medical.marswales.org,1
medievalismtransformed.bangor.ac.uk,1
meinirwyn.com,1
meimac.cymru,1
meganwilliamspt.co.uk,1
mettbicicherfickcimaliscanerniho.co,1
meetyourdatingpartner.com,1
meetup.australian.dating,1
medieval-wales.bangor.ac.uk,1
meetcardiff.com,1
meds.better.care,1
medracounselling.com,1
carinsurancequotescvo.top,1
meditationinwales.org,1
meditationguru.over-blog.com,1
meditatenorthwales.com,1
mblog.mgronline.com,1
mcpactions.com,1
meddygfasarn.gpwales.com,1
mediamatic.tv,1
metashare.ilsp.gr:8080,1
careers.place2be.org.uk,1
meta.miraheze.org,1
mekkaoui.net,1
mesk-wa-raihane.ahlamontada.net,1
merthyr.rfc.wales,1
merddogblog.wordpress.com,1
careers.s2recruitment.co.uk,1
meqobykerufaq.ogmaexpo.com,1
careers.walesdeanery.org,1
mentermon.com,1
merthyrleisure.co.uk,1
mejorapp.net,1
meithrinfamorlonursery.co.uk,1
meirionnyddartistssociety.wordpress.com,1
media.slc.co.uk,1
media.service.gov.wales,1
media.pugwashtheband.com,1
media.ofcom.org.uk,1
media.info,1
media.as,1
hiqiqasuqinocery.savilerowandco.com,1
hinterdemschneesturm.de,1
www.whitland.amdro.org.uk,1
www.twletteratura.org,1
www.ukunitarians.org.uk,1
www.mamhilad.com,1
anglo-american.co.uk,1
www.tynrhosfarm.co.uk,1
anturiaethaurhysarbyd.blogspot.com,1
www.meditecho2.com,1
www.txroller.com,1
www.twtvalvecn.com,1
www.twoinmind.org,1
www.twoeightceramicsvideo.com,1
abergavennyfoodfestival.wordpress.com,1
ap-thomas.co.uk,1
www.meeebooks.com,1
www.twgirltop.info,1
www.medievalswansea.ac.uk,1
www.megatrimming.com,1
www.meinirgwilym.com,1
www.turkey-visa-online.org,1
www.meirionmill.co.uk,1
www.turing-scheme.org.uk,1
antiwarsongs.org,1
www.meithrinfaogwen.co.uk,1
www.mao-shuo.com,1
www.mantell-aur.com,1
www.tunemachinery.com,1
www.majortests.com,1
www.tywyn.gwynedd.sch.uk,1
www.tyrcwmniau.gov.uk,1
www.typingstudy.com,1
www.mathscareers.org.uk,1
www.ucasprogress.com,1
www.mavilledemain.fr,1
www.marchelloka.com,1
www.uksport.gov.uk,1
www.unicycle.co.uk,1
www.unicode.org,1
www.makaton.org,1
www.ultimatenewgamecheats.com,1
www.makefood-international.com,1
www.unicef.org.uk,1
www.unibest.cc,1
www.underthethatch.co.uk,1
aberaeronfestival.co.uk,1
www.ukriversguidebook.co.uk,1
aberaeronsportsclub.co.uk,1
www.mammal.org.uk,1
www.unawe.org,1
www.unaexchange.org,1
www.meithrinfaserbach.co.uk,1
www.tumbral.com,1
www.thankyouforslowingdown.org,1
www.mwpr.ca,1
www.mikeparker.org.uk,1
www.tgmember.com,1
www.tfa.org.uk,1
androidcheats.edu.pl,1
www.mvtpaix.org,1
abmaitranrebootssee.billeurothsevolmocootisupballnekit.co,1
www.texthelp.com,1
www.mwmt.org.uk,1
www.testhardness.com,1
www.mwnt.cymru,1
www.test-net.org,1
www.unionchemqd.com,1
www.mwtcymru.co.uk,1
www.mx-ledgrowlight.com,1
www.mycariad.org,1
www.mycaterlink.co.uk,1
www.myewc.wales,1
www.mylanguageexchange.com,1
aboriginal.australian.dating,1
www.myleslangstone.org.uk,1
www.muxco.com,1
ablpokeronline.net,1
www.tonnau.com,1
anturiaethauglyndwr.blogspot.com,1
www.tv-1.co.uk,1
www.mdxlacefabric.com,1
aberconwycarhire.org.uk,1
www.medievalchester.ac.uk,1
www.medicohongkong.com,1
www.tynici.com,1
www.tymeirion.co.uk,1
www.maxseebio.com,1
www.maxtracktire.com,1
www.maxwintool.com,1
www.maynardjameskeenan.us,1
www.mbam.eu,1
anturiaethaupeladito.blogspot.com,1
www.mediawise.org.uk,1
www.ty-bach-twt.co.uk,1
www.med-linket.com,1
aberdaronbandb.co.uk,1
www.tycoonlabo.com,1
www.tycerddshop.com,1
www.tycefn.com,1
www.tycastell.cymru,1
www.tyblodau.co.uk,1
www.mediareform.org.uk,1
www.tybarcud.com,1
www.u3a-llandrindod.org.uk,1
www.uahirise.org,1
www.uat-visitwales-com.nomensa.com,1
www.transcribe-this.com,1
www.mensshedclydach.co.uk,1
www.trustmark.org.uk,1
www.truckleafspring.com,1
www.mental.guide,1
antimetrix.blogspot.com,1
antibioticguardian.com,1
www.troi.org,1
antelaguerraactua.org,1
answers.yahoo.com,1
www.tryace.net,1
www.tramstationcottage.co.uk,1
www.transdeluxe.com,1
www.trailsnorthwales.info,1
www.totalrl.com,1
www.michemcel.com,1
www.torsionspringsupplier.com,1
www.micropreparedslides.com,1
abergynolwyn.com,1
www.toprollformingmachine.com,1
www.toppraffel.se,1
www.topallgroup.com,1
www.topahydraulic.com,1
www.trysordy.org.uk,1
www.trywydd.co.uk,1
www.mascots.cymru,1
www.merlinswalk.com,1
www.traveltracker.org.uk,1
www.travellingahead.org.uk,1
www.travellerstimes.org.uk,1
www.travel-and-sleep.com,1
www.trapvillagehall.com,1
www.mentungstenring.com,1
www.translations-group.com,1
www.merchedchwarel.org,1
annuaire-hypnose.com,1
www.meridiam.com,1
www.trelawnydmalevoicechoir.com,1
www.menaiholidays.co.uk,1
www.tribeseo.com,1
www.triggerhappycreative.com,1
www.trinitycentre.wales,1
abergavennywritingfestival.com,1
www.memorialgrant.org.uk,1
antimili-youth.net,1
www.tticables.com,1
www.tstinstruments.com,1
www.menaicentre.co.uk,1
www.tsoshop.co.uk,1
www.michaeltuck.co.uk,1
www.midaevse.com,1
www.top-tag.com,1
www.uklivestock.co.uk,1
anisaunders.com,1
www.towyvalleymilk.co.uk,1
www.towntrailswales.co.uk,1
www.tourismswanseabay.co.uk,1
www.mflighting.com,1
www.mhpa.co.uk,1
www.tppuk.com,1
www.tumblinghills.com,1
antiteilchen.com,1
www.tumblr.com,1
www.mariahayes.info,1
www.midwalesevents.co.uk,1
www.ukclimbing.com,1
www.mariecurie.org.uk,1
www.ukcampsite.co.uk,1
www.uea.org,1
www.ucd.ie,1
anwenrobertsart.co.uk,1
www.marlin.ac.uk,1
www.ukraine-detective.org,1
www.ucc.ie,1
www.ucanproductions.org,1
www.tpascymru.org.uk,1
anna-visser.com,1
www.tpmw.co.uk,1
annamcmorrin.co.uk,1
www.midwalesluxuryhuts.co.uk,1
www.midwalesminetours.com,1
www.midwalesmyway.com,1
www.tootthetinytugboat.com,1
angola.africa.dating,1
abersochcamping.co.uk,1
www.tonyearchem.com,1
www.midwalescaravanpark.co.uk,1
www.tumble.amdro.org.uk,1
www.mic-led.com,1
www.mi-nomination.com,1
www.traffic-wales.com,1
anngriffiths.cardiff.ac.uk,1
www.traeth-clubhouse.co.uk,1
www.tradingstandards.uk,1
www.traderbinary.net,1
annbowenjones.co.uk,1
www.meta-net.eu,1
www.trabajosyempleo.com,1
www.metal-nanomaterials.com,1
www.tourguide-wales.cymru,1
www.musicweb-international.com,1
www.mtaa.co.uk,1
www.mentoraconwycym.btck.co.uk,1
www.thewave.co.uk,1
www.thefastners.com,1
www.theentheostrust.org,1
www.theeducator.com,1
www.thecssc.com,1
www.thecommunitydevelopmentpodcast.co.uk,1
www.movetomidwales.com,1
www.theccc.org.uk,1
www.moviemapnorthwales.co.uk,1
aneurindaycare.org,1
www.mountain-training.org,1
www.morfabychan.com,1
www.morganandmona.com,1
www.morethanbedsbangor.co.uk,1
www.thevillagedentalpractice.com,1
www.theventure.wales,1
aberystwythac.wordpress.com,1
www.monmouthshire.madeopen.co.uk,1
www.thesecretyurts.co.uk,1
www.theredcard.org,1
www.therapywithtess.com,1
www.monster.co.uk,1
www.montlibdems.org.uk,1
www.thefca.co.uk,1
www.thefertilityinstitute.co.uk,1
www.theplas.co.uk,1
www.misneachabu.ie,1
www.ticketweb.uk,1
www.tkstarbag.com,1
www.tjcylr.com,1
www.tir-a-mor-scouts.org.uk,1
www.mipermit.com,1
www.miracle-leather-bag.com,1
www.timworstall.com,1
www.timskinner.co.uk,1
www.mirnavseh.com,1
aberth.com,1
www.tkm-solutions.it,1
www.moumoum.com,1
www.toniaantoniazzi.co.uk,1
www.theweatherlottery.com,1
www.monmouthshire-torfaen-yos.org.uk,1
www.thegowersociety.org.uk,1
www.theglobe-angle.com,1
www.morlan.org.uk,1
www.morlocommunitiesfirst.com,1
aberystwythdoctors.org.uk,1
www.mostraligabue.it,1
www.motoringwriters.com,1
www.thehomeschoolingresource.com,1
aberystwythbandb.co.uk,1
www.mudandroutes.com,1
www.wikimedia.org.uk,1
www.weshallnotberemoved.com,1
www.liveolight.com,1
www.wern.ac.uk,1
www.liverpoolmuseums.org.uk,1
www.wfmchem.com,1
www.whahealthcare.co.uk,1
www.whamine.com,1
www.lingua-translations.com,1
www.wikizeroo.org,1
35.214.71.15,1
www.libdems.org.uk,1
www.livehoster.com,1
www.wikidata.org,1
www.wig.co.uk,1
www.libertinorecords.com,1
www.librariesdeliver.uk,1
www.whties.com,1
www.liweimetal.com,1
www.whq.org.uk,1
www.whnb.org.uk,1
www.whitmorehigh.org,1
www.whitlandmemorialhall.org.uk,1
arab.dating,1
www.littletotstoys.co.uk,1
www.theparkgatehotel.wales,1
www.magiccar168.com,1
www.thenational.wales,1
www.thenakedscientists.com,1
www.themic.org.uk,1
www.themanengine.co.uk,1
www.thelcswansea.co.uk,1
www.thelarchcladdingcompany.co.uk,1
www.theimprovkitchen.com,1
www.thepicturemakers.co.uk,1
www.unisoningwent.org.uk,1
www.magnetndfeb.com,1
www.linovision.com,1
www.littlebirdfilms.co.uk,1
www.linphos.com,1
www.linuxcapable.com,1
www.lionhotel-llanbister.co.uk,1
www.westwalesfreemasons.org,1
www.lisaeurgaintaylor.com,1
www.lishughesjones.com,1
www.westmercia.police.uk,1
www.lit-across-frontiers.org,1
www.westglamorgan.org.uk,1
www.lithtech.com.cn,1
www.tkthvac.com,1
abertawe.maethucymru.llyw.cymru,1
www.mineracommunitycouncil.co.uk,1
www.national-aquarium.co.uk,1
www.nantgaredig.ysgolccc.cymru,1
andriusmusic.com,1
www.tbicardiffairport.com,1
andrewscott.co.uk,1
www.narberthfoodfestival.com,1
www.n2o2gas.com,1
www.narrowtex.co.za,1
www.natashaborton.com,1
www.natcen.ac.uk,1
www.tastetrailwales.co.uk,1
abso-fishing-lutely.com,1
www.teachingassistantjobs.uk,1
www.tangres100.com,1
www.nationalstar.org,1
andrewloganmuseum.org,1
abusesupportdirectory.wales,1
www.taxoservice.com,1
www.msfoma.org,1
www.mywelshpool.co.uk,1
www.myunichoices.com,1
www.mynaturalhairextensions.com,1
about.openfoodnetwork.org.uk,1
www.nantgaredig.amdro.org.uk,1
www.teadog.com,1
angleseyhalfmarathon.com,1
www.mumbles-pier.co.uk,1
andyorourke.com,1
www.mug-run.com,1
www.thebiggive.org.uk,1
aberystwythego.co.uk,1
www.mulhollandbuilders.co.uk,1
www.theatrfelinfach.cymru,1
aberystwythuniversitycollections.wordpress.com,1
www.mylingo101.com,1
www.multi-sports.co.uk,1
www.theatr-twm-or-nant.org.uk,1
www.mumsnet.com,1
www.techgamex.net,1
www.theantonsarehere.com,1
androidguias.com,1
www.museumsassociation.org,1
www.thatuniversitystudent.com,1
www.musgraveengine.com,1
androiddatarecovery.solutions,1
abiestyn.com,1
www.mylocalcouncil.info,1
www.tenderwrite.com,1
www.mymarketinginc.com,1
www.teknicoolairconditioning.com.au,1
www.teioni.co.uk,1
www.teilosant.amdro.org.uk,1
www.thewilliamastonhall.com,1
www.thisisgower.co.uk,1
www.monalifting.wales,1
www.tickettailor.com,1
aberystwythac.co.uk,1
www.thinkark.co.uk,1
www.theworldswife.com,1
angharadlee.blogspot.com,1
www.moneynosurvey.xyz,1
www.moneysavingexpert.com,1
www.theworks.co.uk,1
www.thewelshgroup-art.com,1
www.teifivalleyholidays.co.uk,1
www.thewelfare.co.uk,1
angharadlee.com,1
www.monlarder.wales,1
www.mksmartcard.com,1
www.missingpeople.org.uk,1
www.tongyidaqz.com,1
www.tongxingbag.com,1
www.tolis.co,1
www.mindmeister.com,1
abersochgolf.co.uk,1
www.thomas-goddard.com,1
www.mommatoldmeblog.com,1
www.mohammadasghar.org.uk,1
www.thtransformer.com,1
www.myscience.org.uk,1
www.mysoonlink.com,1
www.mysterionartlab.com,1
aboutrus.ru,1
www.teiars.co.uk,1
www.teensvscancer.com,1
www.teenmassage.org,1
www.teejac.com,1
www.tecsunpharma.com,1
www.tecnobreak.com,1
www.techwikies.com,1
www.technologytocare.org.uk,1
www.technojobs.co.uk,1
www.mythslegendsodditiesnorth-east-wales.co.uk,1
www.tefude.com,1
www.thebouncingwriter.co.uk,1
www.mrccleanroom.com,1
www.mr-pym.co.uk,1
www.ticketlineuk.com,1
www.modelprimaryschool.ysgolccc.cymru,1
www.thuum.org,1
www.trbextract.com,1
anotherviewengland.tripod.com,1
hindsfeetfarm.org,1
case-studies-cscjes.org.uk,1
lottoenlinea.info,1
lottoiminternet.info,1
louisemitchell.com.au,1
louisvuittonsaleson.com,1
loveyourclothes.org.uk,1
lowerabdominalexercisesforwomenathome.blogspot.com,1
lowriellenphotography.co.uk,1
lowrievansofficial.co.uk,1
casinoslotstech.com,1
m.cy.autogasdongxu.com,1
lytecezopajowutin.tropheesrotary-d1760.com,1
lottiandwren.com,1
lysafutabi.mpcs.online,1
lyqehupatojexo.akikopavolka.com,1
lwct.org.uk,1
longden-cook-real-estate-ltd.fixflo.com,1
luxuryinfomedia.blogspot.com,1
luxnordica.com,1
lunedgwawrevans.com,1
lucalorenzon.blogspot.com,1
lqdweb.com,1
lpwscheme.org.uk,1
lottoenligne.info,1
lotsoftots.weebly.com,1
luxurycastlehire.co.uk,1
hostrooster.com,1
hr.southwales.ac.uk,1
hpc-uk.org,1
howmany.sizeofwales.org.uk,1
howiees.com,1
housingjustice.org.uk,1
housing.valeofglamorgan.gov.uk,1
hopelessmaine.com,1
housesforsaletorent.co.uk,1
hotfreebooks.com,1
hotelsbalkan.com,1
hostingpill.com,1
losderi.com,1
celf-able.org,1
horticulture.ahdb.org.uk,1
hotspot.ahlamontada.com,1
karenwilliamsgemwaith.wordpress.com,1
katalog.ub.uni-paderborn.de,1
kathryncampbelldodd.co.uk,1
lonweb.org,1
looloosclub.co.uk,1
loot.com,1
loquevendra318.com,1
lpcity.tk,1
londonwelshgolf.com,1
mapio.co.uk,1
carwynevans.com,1
llyfrlloffion.blogspot.com,1
llyfrauprinaber.wordpress.com,1
castlecourtdental.co.uk,1
llyfrau.com,1
llwyngwril.org.uk,1
llwyfancantorioncymreig.com,1
llwydowen.blogspot.com,1
llyfrgellbabel.wordpress.com,1
llanoddian.co.uk,1
casadepiedratrevelin.com,1
makaton.org,1
llynherbs.co.uk,1
maldwyn.llgc.org.uk,1
malirees.wordpress.com,1
malltraeth.com,1
carmarthenharriers.co.uk,1
malw.wordpress.com,1
mansionhousecardiff.co.uk,1
mantomantheplay.com,1
manttreesam.tk,1
map.pubscymru.co.uk,1
mapasinteractivos.didactalia.net,1
lltb.co.uk,1
llynleisure.com,1
loispatagonia.blogspot.com,1
llanwrtydtc.webs.com,1
loisgwenllian.blogspot.com,1
llinell-amser.co.uk,1
llianoni.blogspot.com,1
lleynsheep.com,1
casualotaku.com,1
lletyceiro.com,1
llesiantgwyneddamon.org,1
lliorhydderch.com,1
lleisiwr.techiaith.cymru,1
lle.llgc.org.uk,1
llanwenog-sheep.co.uk,1
castellalun.com,1
llansteffan.amdro.org.uk,1
llansadwrn-wx.info,1
llanrhystudcovidaid.com,1
llechyfedach.amdro.org.uk,1
m.cy.blazedisplay.com,1
lloegrambyth.wixsite.com,1
castlehotelaberaeron.co.uk,1
logic-estates.fixflo.com,1
casinotester.info,1
localgov.offchan.com,1
horaciofumero.com,1
honorpedican.com,1
history.research.southwales.ac.uk,1
harvestbooks.co.uk,1
gwynhall.com,1
gwynethglyn.com,1
census.gov.uk,1
hiraethcymru.com,1
hallfarmholidaycottages.co.uk,1
hamper.wales,1
he.player.fm,1
hcpc-uk.co.uk,1
hcgdiethealthy.com,1
hayfestival.com,1
celticsource.online,1
gwyrddaidd.wordpress.com,1
cemi.bank-guiden.biz,1
harry-harper-roath.fixflo.com,1
harpcolumn.com,1
happyvalentinesdayy.com,1
happynewyear.wiki,1
hanshblascyntaf.fireside.fm,1
hansard.parliament.uk,1
hands---off.org,1
harps-in-north-wales.uk,1
ce0470li.webitrent.com,1
centralwebteam.wufoo.com,1
gyhomeworkkukd.musikevents.us,1
hola-led.com,1
hidroponia.org.mx,1
hiltaivrouwdosdapel.scheesunchoponlapabepucebetigwinn.co,1
hikiriaka.storeinfo.jp,1
heartscreening.wales,1
highstreetsafari.com,1
hg.mozilla.org,1
heyu.dating,1
hewidstud.co.uk,1
hetyhejegyc.dirkbraeckmanvenice2017.com,1
hereforhomes.org.uk,1
hepcw.procureweb.ac.uk,1
healthyprestatyn.org.uk,1
gyxolalijuhyvyha.frithwilliams.com,1
healthandwellbeing.bangor.ac.uk,1
health.idoxgroup.com,1
hajaladiqaji.hotellewin.com,1
haipac.org.uk,1
hagyta-absoluto.fun,1
hafodwenog.ysgolccc.cymru,1
hafanbooks.org,1
hackear-cuenta.com,1
halfwayschool.org,1
cenedlmewncan.cymru,1
hispanic.dating,1
history.swansea.ac.uk,1
hu.imed.guru,1
homeless.org.uk,1
ianparri.net,1
hz-feiying.com,1
hywasyquqagyjit.thuoctrigiatruyenbaphuong.com,1
hypobyvywyqyv.ebookcompare.icu,1
ibwilliams.co.uk,1
html5forxp.com,1
hrnews.co.uk,1
hrconnexionswales.co.uk,1
homesadhoc.co.uk,1
homes.trovit.co.uk,1
holy-name-catholic-primary-school.j2bloggy.com,1
hu.vi-go.eu,1
holidaycottageinnorthwales.co.uk,1
holidaycorfu.org,1
celfogwmpas.org,1
holiday-pembrokeshire.co.uk,1
hogans.fixflo.com,1
hofodafyzocuhyni.stcroixcaribbeanweddings.com,1
hmcts-trainee-legal-advisers.co.uk,1
hitekhedhelp.blogspot.com,1
cellic-dev.llgc.org.uk,1
historyforumwales.org.uk,1
iard.co.uk,1
iattm.serveusers.com,1
cebajofuzewilakej.gloryland-church.com,1
htpaperjpyk.alexandru.me,1
humanism.eaction.org.uk,1
humanism.org.uk,1
humanists.uk,1
hunters-camberwell.fixflo.com,1
husiqipaqog.laikipiatourism.com,1
hutsworkshop.org,1
huwllywelyn.com,1
huwm.net,1
hwylio-llyn.co.uk,1
hybacecymru.com,1
hydraulic-seal.com,1
hydro-bpt.bangor.ac.uk,1
cecordogeterlou.teykerdisffreerbittconldestetempmorcufidd.co,1
hylexisifoc.menards.club,1
hynewugyqiviviq.wrcch2016.com,1
idmcrackdownload.net,1
identify.plantnet.org,1
ictflintshire.co.uk,1
icrservice.co.uk,1
iconewsblog.wordpress.com,1
ice.org.uk,1
mapiau.sirddinbych.gov.uk,1
mapymatebcovid.cymru,1
www.treadlightly-uk.org,1
liturgicalnotes.blogspot.com,1
llancarfancinema.co.uk,1
llanbedrogtaxis.co.uk,1
llanbedrdc.co.uk,1
cateringpackage.aber.ac.uk,1
llandeilo.gov.uk,1
llaisdy.co.uk,1
llafar-bro.blogspot.co.uk,1
llaethjenkinsmilk.co.uk,1
lixadykecovuzekom.sheepshedgalleryandtearoom.com,1
live-sports24seven.blogspot.com,1
lithuania.singles.dating,1
llanddonavillagehall.co.uk,1
llafarbro.blogspot.com,1
literaryatlas.wales,1
catchapp.net,1
llandoveryfolkdancing.co.uk,1
llangwmchoir.co.uk,1
llangunnor.amdro.org.uk,1
llangorshall.co.uk,1
llangennith-hall.co.uk,1
llangennech.schooljotter2.com,1
llangain.amdro.org.uk,1
llandafpost.co.uk,1
legalwales.org,1
llanfairpwllbowlingclub.co.uk,1
kukura.co.uk,1
keating-estates.fixflo.com,1
kawaliracteder.guispurobalarinenepsatasbuejer.co,1
kenlecaponathtyadarcsiphapindeiprob.co,1
ledlamp.china-led-lighting.com,1
kipri.ru,1
klingon.fandom.com,1
kycyfyhicehuh.bowvalleychorus.com,1
kycajurewyj.bextselfreset.com,1
kwasans.org,1
kw.wikipedia.org,1
kshowsubindo.org,1
leeswoodcommunity.org.uk,1
kirydekizajilykur.sonmezlerpipeprofile.com,1
krk-rechtsanwaelte.de,1
kontroltek.biz,1
konpa.japanese.dating,1
konituqexorowuvo.travel-australia-planning-guide.com,1
kobuxemebimymad.scrapbookingnadiastpierre.com,1
ko.bibles.org,1
knitowl.blogspot.com,1
korea.dating,1
leeaspland.com,1
llandeilomusicfestival.org.uk,1
catalunyadiari.com,1
marchnadogwen.co.uk,1
lifeathmrc.blog.gov.uk,1
list.uvm.edu,1
lisfields.org,1
lioligammekerti.rsenotbahorncozerformdawdmorttagalvoi.info,1
linkhansa.com,1
link.qualificationswales.org,1
link.library.umkc.edu,1
cathaysbrass.weebly.com,1
lingvoforum.net,1
lingvist.info,1
lifeseeker.wales,1
licreg.secure.conwy.gov.uk,1
library.gayhomeland.org,1
licao7.com.br,1
libromundo.es,1
lingvo.org,1
www.gwyneddfhs.co.uk,1
crisis.org.uk,1
www.ukri.org,1
abergele.rfc.wales,1
www.treeoftheyear.org,1
www.treehunter.co.uk,1
www.menteriaith.org,1
librarycatalog.ecu.edu,1
lists.nottingham.ac.uk,1
llandysul-ponttyweli.co.uk,1
liberationtheremedy.com,1
llandysiliogogo.org,1
llandudnomuseum.wordpress.com,1
llandudnochurches.org.uk,1
llandudno.delwedd.cymru,1
llanfaircaereinionshow.co.uk,1
gwyneddfhs.co.uk,1
literaryatlas.cymru,1
listen-europe.eu,1
libraries.wales,1
libr.org,1
libalysoncym.wordpress.com,1
letssup.co.uk,1
lgbthistorymonth.co.uk,1
lexisweb.co.uk,1
library.celt.dias.ie,1
lexicon.psi-web.org,1
letscount.ichild.co.uk,1
les2peresnoel.com,1
leonardcheshire.org,1
lensflaircymru.co.uk,1
leightonandrews.live,1
legislation.vlex.co.uk,1
cawgw.co.uk,1
kehoecountryside.com,1
keltalingvoj.blogspot.com,1
m.unistats.ac.uk,1
m.mediawiki.org,1
carreg-gwalch.com,1
carreglafar.co.uk,1
carros.com,1
carsten-stemm.de,1
caru-weddings.co.uk,1
carucasau.blogspot.com,1
carwynellis.com,1
carreggwalch.wordpress.com,1
carwyntywyn.blogspot.com,1
m4-casnewydd.gateleyhamer-pi.com,1
m.cy.unifonpaper.com,1
carmarthenramblers.org.uk,1
magnoxsites.com,1
magistrates.judiciary.uk,1
maginsberg.co.uk,1
magiceirwen.wordpress.com,1
magiccar168.net,1
m.zdgov.com,1
maesmieri.org.uk,1
maes-t.com,1
made.cymru,1
carreg-gwalch.co.uk,1
carmarthenshiremeansbusiness.wales,1
kemijamutoh.novarekabet.com,1
marklesliewoods.blogspot.com,1
marchoges.co.uk,1
marcpieniazek.co.uk,1
carmarthenarts.org.uk,1
marylloydjones.co.uk,1
martinrodgers.co.uk,1
martinco-stokeontrent.fixflo.com,1
martinco-crewe-nantwich.fixflo.com,1
marthastoneproductions.co.uk,1
mailsrv.carmarthenharriers.co.uk,1
marta63.ru,1
marketingdirectmag.co.uk,1
carmarthenshiremeadows.com,1
marketing.comli.com,1
mariellisdunning.cymru,1
maridv.bangor.ac.uk,1
margaretsandbach.co.uk,1
marlionllc.com,1
mail1.carmarthenharriers.co.uk,1
mail.thenetcardiff.org.uk,1
carmarthenmalechoir.co.uk,1
m.egwwritings.org,1
m.cy.yiwushiningcrystal.com,1
macuisinevapeur.maison.com,1
carmarthenshirecharities.org.uk,1
machcarecentre.org.uk,1
leaders.fixflo.com,1
learningonscreen.ac.uk,1
learn.christianaid.org.uk,1
catrinfinchandseckoukeita.com,1
catholicconspiracy.com,1
laytonforstatesenate.com,1
launchpad.youngfoundation.org,1
laugharnepoetryfilm.com,1
laugharne.amdro.org.uk,1
lasuitedelarte.blogspot.com,1
lassculleberrocomrasotquidicmettbubb.co,1
labargemoscow.ru,1
mabtycyngor.blogspot.com,1
la.wikipedia.org,1
kyvebavovekicufe.sciroccowinds.com,1
catrinherbert.com,1
kilsbycottage.co.uk,1
kidwelly.carmarthenshire-towns.info,1
kidneyresearchunit.wales,1
kghomeworkksme.du-opfer.info,1
kevindonnelly.org.uk,1
kingkingblues.com,1
caveman-werbeagentur.de,1
learningwelsh.wordpress.com,1
learnwelsh.cymru,1
leasautin.weebly.com,1
lecoingolf.fr,1
carmarthenshire.media,1
llannon.ceredigion.sch.uk,1
llangynog.org,1
llangynnwr.amdro.org.uk,1
laboutiquedelupi.com,1
labs.uk.barclays,1
ladyllanover.org.uk,1
lafan.cymru,1
lafexuxafutawolaq.travel-australia-planning-guide.com,1
lake-railway.co.uk,1
lakedigital.co.uk,1
lamigygehidydyza.tomsseweranddrainserviceoh.com,1
lampeterevents.co.uk,1
lang.moy.su,1
languagehat.com,1
languagelearningjourney.com,1
languagetrainer.eu,1
lann-anna-2.overblog.com,1
laqetavapyjorisa.write-mypaperforme.com,1
largeassociates.com,1
laserblast.co.uk,1
zztik.com,1
