domain,count
,167270
vijesti.hrt.hr,4893
dnevnik.hr,4026
www.vecernji.hr,3192
www.tportal.hr,3105
www.24sata.hr,2939
www.index.hr,2842
hr.rbth.com,2681
sport.hrt.hr,2161
ba.voanews.com,2061
sibenskiportal.rtl.hr,1580
epodravina.hr,1517
www.maxportal.hr,1311
www.jutarnji.hr,1299
blog.dnevnik.hr,1293
www.nacional.hr,1292
m.vecernji.hr,1253
hr.wikipedia.org,1242
www.logicno.com,1233
metro-portal.hr,1180
www.hercegovina.info,1055
hr.m.wikipedia.org,1033
www.seebiz.eu,996
www.krenizdravo.hr,973
kamenjar.com,967
www.novilist.hr,960
www.novagra.hr,908
www.politikaplus.com,856
balkans.aljazeera.net,836
narod.hr,836
direktno.hr,825
regionalni.com,823
www.sloboda.hr,815
www.jabuka.tv,805
drpriyankaonlineclinic.com,778
www.kastela.org,772
jatrgovac.com,770
express.24sata.hr,741
minber.ba,698
www.zna.hr,698
www.energypress.net,669
www.rtl.hr,663
sportnet.rtl.hr,650
www.zagreb.info,649
womensecr.com,621
www.totalno.hr,620
arhiva.nacional.hr,605
www.unicath.hr,601
dugopolje.org,588
www.antenazadar.hr,584
miss7mama.24sata.hr,572
matis.hr,565
hayat.ba,561
bjelovar.info,537
slobodnadalmacija.hr,530
www.nedjelja.ba,530
hrvatska-danas.com,527
www.cybermed.hr,521
poskok.info,514
www.bljesak.info,510
likaclub.eu,507
net.hr,500
www.hrvatski-fokus.hr,499
teleskop.hr,497
www.srednja.hr,497
zg-magazin.com.hr,496
www.dalmacijadanas.hr,492
www.zadarskilist.hr,491
www.geopolitika.news,483
miss7zdrava.24sata.hr,480
sibenskiportal.hr,464
www.braniteljski-portal.com,456
metkovic-news.com,451
www.agrobiz.hr,450
gol.dnevnik.hr,448
morski.hr,445
www.radio-djakovo.hr,441
www.stara.suvremena.hr,430
www.tjedno.hr,427
tris.com.hr,427
zadovoljna.dnevnik.hr,421
virovitica.info,417
www.dnevnik.ba,407
dubrovnikinsider.hr,401
hr.cghomehealth.com,399
www.vijesti.me,398
www.naturala.hr,390
www.stolac.co,390
hrvatski-vojnik.hr,388
hip.ba,387
www.autograf.hr,385
ploce.com.hr,384
ogportal.com,383
www.vecernji.ba,382
narodne-novine.nn.hr,382
eurosong.hr,380
www.radio-baranja.hr,377
atma.hr,376
miraedreamclinic.com,375
www.glasistre.hr,374
www.moj-posao.net,370
totalinfo.hr,368
m.sibenik.in,366
www.savjetnica.com,366
www.krizevci.info,366
www.europarl.europa.eu,364
lokalni.vecernji.hr,359
nk-slaven-belupo.hr,353
www.hkv.hr,350
www.057info.hr,348
www.globalcir.com,347
www.mojevrijeme.hr,345
mail.hakave.org,341
medjimurje.hr,338
arhiva.fightsite.hr,335
novosti.hr,332
dumpor.com,332
www.h-alter.org,328
www.liburnija.com,327
hr.librahealthclub.com,327
www.centarzdravlja.hr,325
www.remyhairfetish.com,322
www.libela.org,317
baranja.hr,317
hr.atlanticsouthmedical.com,315
www.poslovni.hr,313
hrv.omagencies-medical.com,313
www.icv.hr,309
mega-media.hr,307
seebiz.eu,307
hercegovina.in,304
hr.merithealthnorthwestms.com,303
radiokrizevci.hr,302
politikaplus.com,302
detonic.shop,300
ika.hkm.hr,293
www.osijek031.com,291
www.bitno.net,290
www.slobodnaevropa.org,287
belisce.hr,287
sirokibrijeg.info,287
lider.media,287
joomboos.24sata.hr,287
book.hr,287
otvoreno.hr,282
www.civilnodrustvo.hr,280
sh.m.wikipedia.org,280
www.nacionalno.hr,280
hrv.sunflowerparkhealthcare.com,279
actacroatica.com,277
hr.primarycarewestfield.com,275
geek.hr,274
makarska-danas.com,270
hr.westwindenhancedcare.com,266
www.moja-djelatnost.hr,265
www.dnevno.hr,263
hr.emmedmedical.com,262
www.prakticanzivot.com,261
djurdjevac.hr,259
beauty-care-cochin.com,259
hr.canebayprimarycare.com,259
www.magicus.info,259
www.medicalpasifik.com,258
m.metro-portal.hr,257
bjelovarac.hr,255
www.agroklub.com,247
www.slobodna-bosna.ba,245
www.hnd.hr,240
www.building-body.com,238
www.hspf.info,238
hr.reoveme.com,238
www.ps-portal.eu,237
dovemedicalclinic.com,234
hr.gorod-uspeha.com,230
unknown-days.com,228
objektivno.hr,228
www.hcl.hr,228
sibenski.slobodnadalmacija.hr,227
sh.wikipedia.org,226
www.glas-koncila.hr,225
vatrogasni-portal.com,224
www.dalmacijanews.hr,223
www.zupa-zabok.org,222
hrv.caremorefoundation.com,222
www.kaj.hr,221
crosarka.com,220
velikagorica.com,216
www.kulturpunkt.hr,215
hrv.lynnshapiromedicalwriter.com,214
ramski-vjesnik.ba,214
www.varazdinske-vijesti.hr,214
evarazdin.hr,214
libela.org,213
progledajmo.com,212
hr.lifehealthcaregroup.com,212
rimeteo.com,212
radio.hrt.hr,211
www.storyboardthat.com,210
www.gloria.hr,208
matrixworldhr.com,207
autoportal.hr,203
hr.julinse.com,202
savez-dnd.hr,202
varazdinske-vijesti.hr,201
sportska.revija.hr,201
hr.konafamilyhealthcenter.com,199
www.medjugorje-info.com,199
www.culturenet.hr,199
sbplus.hr,199
arhiva.portalnovosti.com,198
mok.hr,197
www.glas-slavonije.hr,195
siscia.hr,195
dugoselo.hr,192
hkm.hr,191
pobijeni.info,191
studomat.ba,188
radiosarajevo.ba,188
glazbeni.info,188
cityportal.hr,186
www.radiodux.me,183
prelistaj.hr,182
magazin.hrt.hr,181
www.radiomoslavina.hr,181
hr.urgenthealthcaresolutions.com,181
www.vitez.info,180
inorte.org,180
hr.maychola.com,180
akademija-art.hr,179
www.tacno.net,179
www.fokus.ba,178
mail.dugirat.com,177
www.zgkult.eu,176
www.rama-prozor.info,176
studentski.hr,173
mail.crnemambe.hr,173
7dnevno.hr,172
www.rirock.com,172
faktor.ba,171
www.rtvbn.com,171
www.moja-prava.info,169
www.republika.eu,169
www.icm-vukovar.info,169
story.hr,169
beta.e-justice.europa.eu,169
imcites.com,168
www.advance.hr,168
www.radiodrnis.hr,168
mojusk.ba,166
www.nezavisniportalsirokopolje.hr,166
muralist.hr,166
www.zagrebancija.com,166
music-box.hr,166
hr.365dailyjournal.com,165
hrvatskepraviceblog.com,165
www.rrif.hr,164
hr.brovarnya-rivne.com,164
ljubuski.net,163
pravisavjeti.com,162
www.varazdin-info.com,162
hrv.sophealthcare.com,161
www.krajina.ba,160
profitiraj.hr,160
preporucamo.com,159
www.autonet.hr,159
vjeronaucni-portal.com,158
yashiclinic.com,157
podravski.hr,157
haler.blogger.ba,157
flaviasorrentino.com,157
www.zgportal.com,157
hnk-zajc.hr,156
www.hakom.hr,156
viroviticaonline.com,155
www.poslovni-savjetnik.com,155
corningnaturalhealth.com,154
edic-cakovec.eu,154
novi-vinodolski.hr,154
f1.pulsmedia.hr,153
www.udruga2gbr-gromovi.hr,153
www.ebooking.com,151
www.bild.ba,151
www.072info.com,149
www.hia.com.hr,148
www.smh.hr,147
www.een.hr,146
bluewater-cafe.com,145
ra-sb.hr,144
www.bug.hr,144
zakon.poslovna.hr,144
www.grude-online.info,144
www.mojarijeka.hr,144
mojfaks.dnevnik.hr,144
novac.jutarnji.hr,143
ravnododna.com,142
sabor.hr,141
gorila.jutarnji.hr,141
hr.vivacello.org,141
wmforum.geek.hr,140
kliker.info,139
www.faktor.ba,139
zupa-medulin.com,139
esavjetovanja.gov.hr,139
forum.bug.hr,138
www.istriaterramagica.eu,138
www.mirovina.hr,138
hr.casanovyskincare.com,138
www.poslovniforum.hr,136
www.hzjz.hr,136
rastimo-u-vjeri.com,136
www.zagreb-danas.com,136
www.svijetsigurnosti.com,135
mvinfo.hr,135
www.hoo.hr,134
www.doktorehitno.com,134
www.rijeka.hr,134
hr.oneangrygamer.net,134
senzor.ba,133
www.prometej.ba,133
www.glaspodravine.hr,133
narodni.hr,133
dubrovacki.slobodnadalmacija.hr,132
kozarac.ba,132
direkt-informator.hr,132
www.zagorje.com,131
bracdanas.com,131
www.klikni.hr,129
sportske.jutarnji.hr,129
www.osijek.hr,129
gastro.24sata.hr,129
hr.jlda.org,128
www.crol.hr,128
arhivanalitika.hr,128
teen385.dnevnik.hr,128
hr.naturalearthhealing.com,127
www.inmedia.ba,127
vcz.hr,126
www.redovnistvo.ba,126
mondo.ba,124
www.haber.ba,124
www.grad-glina.hr,123
dugirat.com,123
www.franjevci-split.hr,123
www.netokracija.com,122
support.microsoft.com,122
medjugorje-info.com,122
hrv.nielsenhealth.com,121
povijest.hr,121
www.yugopapir.com,120
cistracun.net,120
www.caportal.in,120
cijepljenje.info,120
www.nezavisne.com,120
esava.info,120
www.virovitica.net,120
alter.plus,119
www.zagrebacki.hr,119
hr.winesino.com,119
www.vladahbz.com,118
www.ogulin.hr,118
www.valpovstina.info,117
www.femina.hr,117
portal53.hr,116
www.otisak.ba,116
www.volim-losinj.org,116
vrijeme-i-promet.hrt.hr,116
hr.beautysalonmarketing360.com,116
prigorski.hr,116
rhzk.hr,116
www.ferata.hr,116
www.sisak.info,115
hr.magicgardening.net,115
www.plivamed.net,115
kuharica.avaz.ba,115
hr.fresh-beautiful-style.com,114
www.intracoastaleyecare.com,113
www.novizivot.net,113
hr.medicaltreatmentsinindia.com,113
ordinacija.vecernji.hr,113
www.coolinarika.com,113
www.dorh.hr,112
www.zumberacki-vikarijat.com,112
www.zupanijaposavska.ba,112
nogometplus.net,112
www.posao.hr,111
idesh.dnevnik.hr,110
www.kronikevg.com,110
www.pozega.hr,110
interdompaneli.com,109
dulist.hr,109
www.crosport.hr,108
m.vecernji.ba,108
www.startnews.hr,108
avaz.ba,108
hr.erich-hartmann.com,108
trogirskiportal.hr,108
www.cimerfraj.hr,108
zgexpress.net,108
labin.com,108
novi-radio.hr,108
mrak.org,108
www.fitness.com.hr,108
hrvatskonebo.org,107
www.kgz.hr,107
hr.ommbulletin.com,107
oskultura.com,107
www.dw.com,107
moje-djakovo.com,106
hr.videotutorial.ro,106
vlada.gov.hr,106
www.serijala.com,106
www.croatianaviation.com,106
mojahrvatska.vecernji.hr,106
horoskopius.com.hr,106
www.najbolji-recepti.com,105
irska.ie,104
sisak.hr,104
www.roditelji.hr,104
hr.penzion-gallus.cz,104
hr.timurovets.com,104
tuzlanski.ba,104
wall.hr,104
most-hrvatska.hr,104
braniteljski.com,104
www.beblia.com,103
www.suhopolje.hr,103
verbum.hr,103
www.n-um.com,103
www.radiosamobor.hr,103
hr.iliveok.com,102
magazinplus.eu,102
klfm.org,102
www.034portal.hr,102
konzerva.hr,102
starmo.ba,102
e-justice.europa.eu,102
povijest.net,102
www.hrvatskareprezentacija.hr,101
arhiv.stav.ba,101
www.skolskiportal.hr,100
01portal.hr,100
www.sminkerica.com,100
www.selca.hr,100
icz.hr,100
www.visokoin.com,99
zupa-svkriz.hr,99
sprdex.com,99
fama.com.hr,99
057info.hr,99
biomateriais.com.br,98
drava.info,98
punkufer.dnevnik.hr,98
www.sinj.hr,98
poduckun.net,98
hr.invirosolutionsgroup.com,97
kroativ.at,97
www.zupa-otocac.hr,97
americanmedicaladvisory.com,97
www.radioorasje.com,97
www.zenit.ba,96
www.kasonline.eu,96
zivim.gloria.hr,96
pora.com.hr,96
freshpress.info,96
www.bh-index.info,96
www.zupa-vugrovec.com,96
panopticum.hr,95
focusonline.eu,95
voxfeminae.net,95
astroportal.in,94
radiong.hr,94
www.slunj-crkva.hr,94
aimeetxt.com,94
eclectica.hr,93
www.hrhb.info,93
www.vaticannews.va,93
www.grude.com,93
volim-losinj.org,93
zimo.dnevnik.hr,93
www.ljepotaizdravlje.hr,93
dijete.hr,92
zena.rtl.hr,92
mmportal.net,92
hrv.stlouishomehealthcare.com,91
www.telegram.hr,91
hr.eureporter.co,91
www.osijek-online.com,91
www.monitor.co.me,91
www.universitas.hr,91
bih-x.info,90
hrv.wendyiles-hairblog.com,90
sesvete-danas.hr,89
alzeincatering.com,89
www.poslovnifm.com,89
www.casopiskvaka.com.hr,89
www.akta.ba,89
www.bol-chat.de,88
novitravnik.ba,88
scouts.hr,88
hr.sphere-medical.com,88
hr.stroifaq.com,88
www.interclubfedeli.com,88
republika.eu,87
bhdinfodesk.com,87
www.brodportal.hr,87
depo.ba,87
www.kbf.unizg.hr,87
hr.thisfamilywelove.com,86
hr.mamaloveshealthy.com,86
brickzine.hr,86
glas-slavonije.hr,86
hr.n1info.com,86
186419.xyz,86
klinfo.rtl.hr,86
www.mojazimnica.hr,86
uvijekvjerni.hr,85
www.in-portal.hr,85
www.mnovine.hr,85
www.elegant.hr,85
www.matica.hr,85
2012-transformacijasvijesti.com,85
www.menu.hr,85
hkm-koeln.de,84
hr.ze-signon.com,84
hr.carolcareycouture.com,84
hr.vijestiummeta.com,84
ssf.hr,84
bs.wikipedia.org,83
ezadar.net.hr,83
living.vecernji.hr,83
nacionalnemanjine.hr,83
generacija.hr,83
www.pickettshealth.com,83
www.ljportal.com,83
www.sinj.com.hr,83
eur-lex.europa.eu,83
www.vojni-ordinarijat.hr,83
www.energetika-net.com,82
huknet1.hr,82
hr.hothealthyhabits.com,82
cekate.hr,82
www.dugirat.com,82
opcinalegrad.hr,82
www.klanjateljice.hr,82
hr.sott.net,82
she.hr,81
hrportfolio.hr,81
vidiportal.ba,81
novenovosti.com,81
hr.hotels.com,81
kastela.org,81
www.pozitivno.ba,80
www.tomislavcity.com,80
www.lokalpatrioti-rijeka.com,80
dalmacijaonline.hr,80
arhiva.visoko.co.ba,80
medulinfm.com,80
stilueta.net,79
www.teklic.hr,79
hms.ba,79
magazin-trcanje.com,79
maxf1.net,79
www.rijekadanas.com,79
www.bhstring.net,79
www.uniqorner.com,79
www.bhdijaspora.net,78
www.livno-online.com,78
www.antenazagreb.hr,78
hr.nigra1.com,78
www.mytastehr.com,78
hr.medicaldewata.com,78
zadarski.slobodnadalmacija.hr,78
managua2017.org,77
hercegbosna.org,77
hu-benedikt.hr,77
actarius.hr,77
gkr.hr,76
lijekizprirode.com,76
www.taize.fr,76
legalis.hr,76
jadovno.com,76
podravskiradio.net,76
lupiga.com,76
hr.premiermedicalspecialists.com,76
www.17-minute-languages.com,76
www.cuvarkuca.hr,75
www.fashion.hr,75
sjedi5.com,75
hrturizam.hr,75
www.sibenik.in,75
www.opcina-mala-subotica.hr,75
covermagazin.com,75
hdka.hr,75
19ct.nl,75
www.redea.hr,75
premanovomstvaranju.org,74
www.havk-mladost.hr,74
www.wish.hr,74
mojebelisce.com.hr,74
zupa-pt-precko.hr,74
aura.ba,73
hns-cff.hr,73
miss7.24sata.hr,73
hr.stt-kharisma.org,73
www.knjiznica-vg.hr,73
www.jgl.hr,73
tehnopark.hr,73
www.inkubatorsrece.com,73
hr.lemarhomehealth.com,72
abcportal.info,72
banjaluka.net,72
www.7dnevno.hr,72
www.hkz-kkv.ch,72
www.kalelargainfo.hr,72
circum.tech,72
bezcenzure.hr,71
hr.cosmedicnorge.com,71
www.suvremenazena.hr,71
blog.b92.net,71
hr.tiev.net,71
divan.fyi,71
www.sensilab.hr,71
visoko.ba,71
osijeknews.hr,71
www.hkld.hr,71
www.lektire.hr,70
novi.ba,70
portal.braniteljski-forum.com,70
vk-iktus.hr,70
zupa-brdovec.hr,70
www.booking.com,70
arteist.hr,70
www.makarsko-primorje.com,70
perfecta.hr,70
marketingorbis.com,70
dugaresa.hr,70
www.womeninadria.com,70
bhstring.net,70
www.dom2.hr,70
slobodnifilozofski.com,70
www.scena.hr,69
tockanai.hr,69
www.fiuman.hr,69
crnemambe.hr,69
hrv.onlinevesti.net,69
strukovna.com,69
www.dopmagazin.com,69
lupilu.hr,69
bur.com.hr,69
www.buro247.hr,69
www.profil-klett.hr,69
www.klikaj.hr,69
www.vasezdravlje.com,69
cr.emed.org.ua,69
forum.krstarica.com,69
hrv.avanta-medical.com,68
www.notino.hr,68
www.menea.hr,68
www.radiodalmacija.hr,68
quirinusportal.com,68
hr.railstoolkit.com,68
www.sensa.hr,68
www.biskupijakrk.hr,68
damir-barusic.com,68
medadvicees.com,68
www.dubrovnikportal.com,68
www.brotnjo.info,68
www.posavski-vremeplov.com,68
biznis.ba,67
www.livecamcroatia.com,67
www.mullasadra.ba,67
theturninggate.com,67
nbacro.com,67
www.grad-zadar.hr,67
zagreb.hr,67
estetica.hr,67
www.hzinfra.hr,67
hr.fixdhealthcare.com,67
makarska.hr,67
afro-stars.com,67
hr.newpathwaytohealth.com,67
sarajevo.co.ba,67
www.sibenska-biskupija.hr,66
www.hgk.hr,66
www.biografija.com,66
agencija-zolpp.hr,66
aktualno.hr,66
www.vusz.hr,66
www.vlada-hnz-k.ba,66
biramdobro.com,66
www.kockice.ba,65
hr.actince.com,65
sibinj.hr,65
hrv.ultimatehomehealthcareinc.com,65
prirucnik.hr,65
zkvh.org.rs,65
www.biovrt.com,65
skole.hr,65
blog.vecernji.hr,65
nsokote.ru,65
www.zdravikutak.com,65
hr.peakhealthcarellc.com,65
hrvatskikrsnizavjet.com,65
hr.woman-b.com,64
priznajem.hr,64
10thcloud.sa,64
www.htc.com,64
www.sutra.ba,64
www.hsls.hr,64
www.vrisak.info,64
txt.transmeet.tv,64
caffe-tony.com,64
apoliticni.hr,63
www.porezna-uprava.hr,63
plaviured.hr,63
zarooljica.com,63
zlatar.hr,63
knin.hr,63
hrv.primaryicare.com,63
www.jelenje.hr,62
www.cabar.hr,62
medjimurjepress.net,62
tvprofil.com,62
www.bolinfo.hr,62
marinknezovic.info,62
rabdanas.com,62
www.ponudadana.hr,62
www.radionasice.hr,62
mladinska.ba,62
rtvbpk.ba,62
www.ringeraja.hr,62
hrv.jebyhealthcare.com,62
sandzaklive.rs,62
www.hazud.hr,62
kalnik.hr,62
www.radiovitez.ba,61
popmix.hr,61
www.zadarskanadbiskupija.hr,61
mevzunedir.com,61
hrv.thefruitandflowerbasket.com,61
sportsport.ba,60
www.adiva.hr,60
vukovar.hr,60
www.prijatelji-zivotinja.hr,60
grabancijas.com,60
redovnistvo.ba,60
balzhur.com,60
www.snh.hr,60
www.narodnilijek.com,60
www.rivijeranews.hr,60
aktivirajkarlovac.net,60
www.osmrtnice.ljportal.com,60
www.bibliovca.com,60
hrv.lakesidemedicalmusings.com,60
hr.westmidsmedicalservices.com,60
www.krenizdravo.net,60
ss-valpovo.hr,60
documenta.hr,60
www.otoci.net,59
noncestrealite.com,59
www.cvijet.info,59
croatian.cri.cn,59
david-udruga.hr,59
www.smn.hr,59
hr.avilu.sk,59
duhovna-stvarnost.hr,59
www.mall.hr,59
hcz-zu.hr,59
superportal.hr,59
www.mojzivotnidizajn.com,59
www.skijanje.hr,59
www.ecb.europa.eu,58
furaj.ba,58
hrv.easternhillshealth.com,58
www.samoborskiglasnik.net,58
stil.slobodnadalmacija.hr,58
mojkontakt.com,58
www.pozivistine.com,58
b-portal.hr,58
www.zdravljeipriroda.com,57
stampar.hr,57
moorefoamsystems.com,57
confettissimo.com,57
kangeronline.com,57
varazdinski.net.hr,57
www.pmf.unizg.hr,57
mojvodic.com,57
nacionalniportal.hr,57
zupa-dubrovacka.hr,57
ba.ekapija.com,57
miportal.hr,57
www.kigo.hr,57
preporodbn.com,56
imamopravoznati.org,56
nszssh.hr,56
static.lupiga.com,56
portalsplita.com,56
mjesec.ffzg.hr,56
shepherdsfoldchildcare.com,56
www.journaldeluxe247.com,56
danica.hr,56
glasnik.pakrac.hr,56
www.veliko-trgovisce.hr,56
www.gspress.net,56
gkc-pula.hr,56
popovaca.hr,56
www.svijetkladjenja.com,56
www.bih-pravo.org,56
dalmatinskiportal.hr,56
grad-busovaca.com,55
www.lika-online.com,55
pakrackilist.hr,55
fightsite.hr,55
objave.com,55
trend.com.hr,55
birdbrainkitchen.com,55
biograjski.com,55
www.biscani.net,55
www.likaplus.hr,55
licodu.cois.it,55
cacinci.hr,55
www.hrsvijet.net,54
www.newsbar.hr,54
hr.gautamblogs.com,54
fantasy-hr.com,54
www.udrimuski.ba,54
hr.smahealthinfo.com,54
glasdalmacije.hr,54
sport023.hr,54
www.liberal.hr,54
bs.m.wikipedia.org,54
hrs.hr,53
laudato.hr,53
www.zagreb.hr,53
hr.investif.in.ua,53
radiosibenik.hr,53
bosnjaci.net,53
borba.me,53
hr.keepingyourjointshealthy.com,53
hr.balessignconstruction.com,53
skolski.ba,53
www.glaslaktasa.com,53
podstrana-portal.com,53
hr.billieshealthconnection.com,53
hrv.afshanmedicalcentre.com,53
zvono-istine.org,53
finirecepti.net.hr,52
www.teatar.hr,52
www.rmb.hr,52
www.thevillagemedicalspa.com,52
kraljica-mira.info,52
www.linuxzasve.com,52
hr.guide-herb.com,52
obrtnici-sesvete.hr,52
www.bebamur.com,52
www.thursdaycooking.com.hr,52
nokiamob.me,52
rtv-hb.com,52
lag-posavina.hr,52
vrtic-maslacak.hr,52
hrcak.srce.hr,51
www.integraledu.hr,51
radioimotski.hr,51
bardoseudivino.com.br,51
cromalternativemoney.org,51
hr.huipuwomenhealth.com,51
kursiljo.com,51
reboot.hr,51
andrejplenkovic.hr,51
artinfo.ba,51
forum.klix.ba,51
www.tz-malilosinj.hr,51
www.pszupanija.hr,51
promisao.com,51
www.medijskapismenost.hr,51
www.zakon.hr,51
www.infovodice.com,51
orioninfovk.com,51
www.marina.hr,51
www.obrtnicka-komora-vz.hr,51
www.manjiporezi.hr,51
www.val-znanje.com,51
hdtelevizija.com,51
h-alter.org,51
hr.albertcountyhomecare.com,51
hr.bogemolor.info,51
www.zenasamja.me,51
library.foi.hr,51
www.knjiga-istine.com,51
studiacroatica.blogspot.com,51
058.ba,51
ipaprkc.org,50
hrv.pridehomehealth.com,50
www.hzpp.hr,50
hr.flipperworld.org,50
zornicanova.hu,50
raskrinkavanje.ba,50
radnickaprava.org,50
iro.hr,50
www.fittijelo.com,50
arhiva.oskajzerica.hr,50
diva.vecernji.hr,50
hrv.grapevinemedical.com,50
argonauta.hr,50
supermame.hr,50
hrsvijet.net,50
www.osijekexpress.com,50
print-magazin.eu,50
planet.hr,50
hr.kidneycareinindia.com,50
hrv.dogsandpowder.com,50
shop.skolskaknjiga.hr,49
admiralmarkets.com,49
hrv.naturalhealthtools.com,49
srpskainfo.com,49
www.metkovic.hr,49
www.otpbanka.hr,49
www.franjevci-vtc.hr,49
www.cosmopolitan.hr,49
dolinalasve.info,49
www.pogled.ba,49
opcina-luka.hr,49
hgk.hr,49
www.czk-cepin.hr,48
hr.careolinahearing.com,48
www.gacka053.com,48
www.crofutsal.com,48
www.zvjezdarnica.com,48
www.pravobih.com,48
hr.nourishedtohealth.com,48
belosa.info,48
savjetnici.info,48
blog.meteo-info.hr,48
bpz.hr,48
novenews.net,48
www.event-planner.com.hr,48
islampress.net,48
hr.semperfi5k.com,48
franjevci-st.com,48
folk-portal.com,48
ljekarnatalan.hr,48
www.majkaidijete.ba,48
www.elle.hr,48
pozega.hr,48
f03.slobodnadalmacija.hr,48
mmpi.gov.hr,47
www.portaloko.hr,47
ivanfilipovic.com,47
dubrovnikpress.hr,47
aussiefy.com.au,47
hagio.hr,47
zenskikutak.hr,47
www.superknjizara.hr,47
w3.islambosna.ba,47
krupljani.ba,47
www.ipazin.net,47
hrv.alphahealthcaresystems.com,47
radiodux.me,47
glasotoka.hr,47
poptheo.org,47
www.cochrane.org,47
www.churchofjesuschrist.org,47
www.klikjajce.com,47
www.zdravstveni.com,47
prozaonline.com,47
hrv.ponsmedicaldiagnostics.com,47
krtice.net,47
www.hedonist-magazin.com,46
www.dominfo.ba,46
iwpr.net,46
med.over.net,46
templates.office.com,46
mail.cromalternativemoney.org,46
mizbijeljina.ba,46
skolazazivot.hr,46
dubrovackidnevnik.net.hr,46
hr.monemonkey.com,46
hrv.diabetic-center.com,46
uimeobitelji.net,46
veljkokajtazi.com,46
vern.hr,46
emedjimurje.net.hr,46
www.archery.hr,46
littledotapp.com,45
www.civilis.ba,45
www.burzanautike.com,45
www.milosrdnice.hr,45
heptehnos.hr,45
poslovne.com,45
konkursiregiona.net,45
m-mojahrvatska.vecernji.hr,45
www.kako.hr,45
dizajn.hr,45
www.zadarnews.hr,45
hrv.journeytohealthnutrition.com,45
lepoglava.net,45
www.cro-eu.com,45
nagradnaigra.com.hr,45
www.zagreb.in,45
katedrala-mostar.info,45
forum.roda.hr,45
mojtv.hr,45
hr.protectpetchoice.com,45
hrv.losangelesmedicalmalpracticelaw.com,44
www.sbperiskop.net,44
www.metafora.hr,44
biskupija-varazdinska.hr,44
cik-media.com,44
ams.hr,44
www.glam.hr,44
sveci.net,44
hbk.hr,44
amazonke.com,44
os-podmurvice-ri.skole.hr,44
www.cazin.net,44
www.ktabkbih.net,44
croexpress.eu,44
www.maslinar.com,44
hr.ankleyhealthinsurance.com,44
www.ecco-verde.hr,44
www.manager.ba,44
zadnjepolje.com,44
support.google.com,44
api.hnb.hr,44
poezija.darkbb.com,44
www.plivazdravlje.hr,44
affcity.net,43
obris.org,43
www.cibona.com,43
dv-grlica.hr,43
www.liberoportal.hr,43
www.malinska.hr,43
www.rogotin.hr,43
kleineviking.be,43
www.zupa-petrusevec.hr,43
www.radioslatina.hr,43
hzrk-grude.com,43
edic-zadar.com,43
www.osmrtnice.hr,43
prijatelji-zivotinja.hr,43
rebuild.jutarnji.hr,43
ssmi.hr,43
www.sdlsn.hr,43
svetipetardemerje.blogspot.com,43
sportklub.hr,43
www.sopje.hr,43
www.savrsena.hr,43
www.yourliveryourhealth.com,42
hr.oceansidepetvets.com,42
admin.depo.ba,42
andrejplenkovic.com,42
udrugazvono.hr,42
hsls-kutina.com,42
hrv.elleaunaturelbeauty.com,42
capljina.net,42
coolinarika-cdn.azureedge.net,42
www.journal.hr,42
intimna.info,42
www.komunal.hr,42
hr.brewmasterstore.com,42
trninfo.ba,42
www.bib.irb.hr,42
alphacapitalis.com,42
kzz.hr,42
hr.cassiopaea.org,42
www.futunatura.hr,42
www.stedopis.hr,42
www.zlosela.com,42
www.veritas.org.rs,42
mixer.hr,42
www.zg-nadbiskupija.hr,42
www.dealine.hr,41
hrv.mercyhealthneurocare.com,41
www.rtvslon.ba,41
udruga.bioteka.hr,41
euractiv.jutarnji.hr,41
hr.griego-medical.com,41
psiho.biz,41
www.alter.hr,41
hr.corporaciomedicacatalana.com,41
www.balconn.com,41
fraktura.hr,41
www.srce.unizg.hr,41
www.goodgame.hr,41
vilicomkrozhrvatsku.com,41
centre-equestre-prevote.fr,41
www.kupiknjigu.com,41
ideje.hr,41
hrobos.hr,40
ludbreske-novine.com.hr,40
fx-files.com,40
marketfinder.thinkwithgoogle.com,40
www.racing.hr,40
karmelbsi.hr,40
hairsalonaventura.com,40
hrv.mfitnessandhealth.com,40
hr.seniorcare-e.com,40
hrv.paradisevalleylovingcare.com,40
www.poduzetnistvo.org,40
www.halmed.hr,40
potresinfo.gov.hr,40
likechocolate.net,40
www.kscdonbosco.ba,40
pozeska-biskupija.hr,40
trudnoca.net,40
dalmacija.hr,40
www.logorasi.eu,40
lolamagazin.com,40
zdravlje.gov.hr,40
vjetroelektrane.com,40
pressmedia.ba,40
hr.healthitkenya.com,40
www.svjetlorijeci.ba,39
udruzenjeturakausrbiji.com,39
www.rijeka-plus.hr,39
www.avlija.me,39
hr.publichealthglobal.org,39
hr.valentinemedicalcenter.com,39
narodni.net,39
europski-tjedan-sporta.hr,39
www.vijesti-x.com,39
put-istina-zivot.com,39
fiberfemmes.com,39
www.impulsportal.net,39
ns-dubrava.hr,39
gradonacelnik.hr,39
mail.infovodice.com,39
nbs-zg.hr,39
www.fer.unizg.hr,39
zadarskilist.hr,39
nedelist.hr,39
www.svakodnevno.me,39
www.rtcg.me,39
www.zkvh.org.rs,39
www.gkzd.hr,39
www.zagorje-international.hr,39
grazia.hr,39
komunistickizlocini.net,39
hr.minghui.org,39
kakanj-x.com,39
hrzz.hr,39
mzo.gov.hr,39
www.insightyv.com,39
dop.hr,39
www.webgradnja.hr,38
glasposavine.com,38
prnjavorlive.info,38
www.morh.hr,38
hr.gratefuldogcare.com,38
detektor.ba,38
kckzz.hr,38
vojnapovijest.vecernji.hr,38
hr.healthcarestrategyconsulting.com,38
religionbioethicssociety.com,38
republikainfo.com,38
www.proteka.hr,38
www.uredinfo.com.hr,38
www.hop.com.hr,38
www.227gaming.com,38
licegrada.hr,38
poliderma.hr,38
cor.europa.eu,38
www.tebe-trazim.com,38
tkportal.ba,38
karlovacki.hr,38
www.hns.hr,38
mojtarot.com,38
www.nocknjige.hr,38
promise.hr,38
mojlijek.com,38
manjgura.hr,38
www.macho.hr,37
www.sssh.hr,37
www.bpz.hr,37
www.svblaz.hr,37
www.cromoda.com,37
pcchip.hr,37
www.znet.hr,37
music-lp-underground.com,37
www.mojportal.hr,37
ersalisbon2015.org,37
www.udruga-pragma.hr,37
ce-4.forumotion.com,37
hotel-turist.hr,37
zg-kuglanje.hr,37
stanovisplit.blogspot.com,37
ffa.hr,37
svafizika.org,37
www.svivan.ba,37
energo.hr,37
www.portalalfa.com,37
nismosame.com,37
tabulanova.sudigoz.hr,37
hrtprikazuje.hrt.hr,37
glasistrenovine.hr,37
hrv.eastdevonbusinessclub.com,37
hkld.hr,37
doktorica.org,37
www.knjiznicavirovitica.hr,37
tribun.hr,37
filmonizirani.net,37
www.xxzmagazin.com,37
www.hou.hr,37
hr.trotec.com,37
www.sanjarica.hr,37
spaindiaholidays.com,37
barban.hr,37
www.vutra.org,37
www.samopozitivno.com,37
www.kzmz.hr,36
www.vrtlarica.hr,36
hr.dralexjimenez.com,36
poljoprivredni-forum.com,36
www.lukavacki.ba,36
hrv.insideouthealthsolutions.com,36
www.draganprimorac.com,36
www.quovadiscroatia.com,36
achizan.com,36
malvorlagen-seite.de,36
hr.divineinnerhealth.com,36
medhelpsis.com,36
hr.sainte-anastasie.org,36
hrv.hr,36
hr.puntomarinero.com,36
hr.absoluteenergymedicine.com,36
www.istiniteprice.com,36
leopoldmandic1.com,36
www.uosim.hr,36
www.pravo.unizg.hr,36
hr.naturalchoiceshealthcenter.com,36
www.cepin.hr,36
moja-domovina.net,36
playnow.ba,36
www.bubamara.eu,36
www.unisport.hr,36
www.trcanje.hr,36
www.uskinfo.ba,36
halmed.hr,36
neslanovac.hr,36
vitamini.hr,36
lat.rtrs.tv,36
trebinjedanas.com,36
forum.sport1.oslobodjenje.ba,36
rusmarin.net,36
vidovec.hr,36
www.putokosvijeta.com,36
hr.erieaquariumsociety.com,36
hor.ottitres.ru,35
topdestinacije.hr,35
kuhajtesanama.net,35
www.zup-sav-poljoprivrednih-udruga-vz.hr,35
www.alternativa-forum.com,35
ori.hr,35
www.crnibombarder.com,35
peteranec.hr,35
film-entreprise-film-mariage-jawen-production.fr,35
www.libertas.hr,35
hr.homedika.com,35
kulanorinska.hr,35
www.ekovjesnik.hr,35
mail.rep.hr,35
www.dokumentarni.net,35
portalosuma.com,35
hr.macho-man.eu,35
www.source.ba,35
www.labinskakomuna.eu,35
digitalnademokracija.com,35
www.maglajinfo.com,35
marinabitorajac.com,35
www.iep.hr,35
www.mojakuhinja.net,35
radio-feral.ba,35
www.udruga-praktikum.hr,35
aminul.me,35
www.ictbusiness.info,35
nizagorjemalo.hr,35
www.zabavni.hr,35
www.sbonline.net,35
vijesti.ba,35
hr.ateasyday.com,35
ec.europa.eu,35
hr.sneznoe.com,34
www.mojmaksimir.com,34
pressedan.unin.hr,34
www.ofm-sv-jeronim.hr,34
motors.com.hr,34
www.kukuriku.ba,34
mail.kastela.org,34
islandvis.blogspot.com,34
hr.greeleymedcare.com,34
de.scribd.com,34
balkanin.net,34
www.opcina-jasenovac.hr,34
posusje.net,34
thebosniatimes.ba,34
zeneinovac.com,34
sportalo.hr,34
better-cr.bolezni.in.ua,34
www.hup.hr,34
vasicrajko.blogspot.com,34
hr.alhairlibre.com,34
epso.europa.eu,34
v1.srpskacafe.com,34
www.bosnjaci.net,34
uppt.hr,34
www.gastronomika.hr,34
osjecka.com,34
www.azvo.hr,34
5portal.hr,34
www.ucionica.net,34
www.cnak.ba,34
www.24kitchen.com.hr,34
www.vgdanas.hr,34
www.pazin.hr,34
www.ziher.hr,33
www.novigrad.hr,33
zarez.hr,33
bolnica-vrapce.hr,33
www.bistrobih.ba,33
big5.cri.cn,33
hr.luvandlifestyle.com,33
www.usvijetubajki.org,33
glastk.ba,33
www.24h.ba,33
kaportal.net.hr,33
fresh.hr,33
porestina.info,33
www.iusinfo.hr,33
liznjan.hr,33
www.senjskabura.hr,33
budisvoj.eu,33
hr.farklitarih.com,33
www.menart.hr,33
putdozdravlja.info,33
www.minutznanja.com,33
rtvlukavac.ba,33
oaza-bm.hr,33
hr.ponzarelli.com,33
www.suradancer.com,33
glashrvatske.hrt.hr,33
hkmlondon.org,33
www.safetyguruinstitute.com,33
repozitorij.etfos.hr,33
100posto.hr,33
www.gastronomija.hr,33
www.uafdu.hr,33
www.zhr-ucr.ro,32
www.hercegbosna.org,32
www.prirodni-lijek.com,32
www.eistra.info,32
news.crozilla.com,32
mondo.me,32
modernoroditeljstvo.com,32
sjovicicslavuj.blog.rs,32
www.bir.ba,32
www.kmp.hr,32
www.muza.unizg.hr,32
www.medvescak.com,32
hr.rayhaber.com,32
www.ssso.hr,32
bosnapress.net,32
hr.babykidworld.com,32
www.roda.hr,32
inverzija.net,32
banjalukain.com,32
www.turistplus.hr,32
www.dubrovniknet.hr,32
www.kraljica-mira.info,32
domkulture-zepce.com,32
gradiste.com,32
www.nkneretvanacopuzen.com,32
www.oktal-pharma.hr,32
www.ex-iskon-pleme.com,32
kraljeznica.com,32
www.foxtv.hr,32
anestezija.org,32
iks-portal.info,32
www.zenicablog.com,31
www.ont.gov.ba,31
www.wishmama.hr,31
www.maminsvijet.hr,31
medjimurska-zupanija.hr,31
www.mameibebe.biz.hr,31
misije.hr,31
www.lepoglava.net,31
kristinaercegovic.com,31
faktograf.hr,31
www.croatiaairlines.com,31
regolina.com,31
krsna-katha.com,31
split.com.hr,31
addwebservices.com.au,31
nhs.hr,31
www.vidi.hr,31
croatiarediviva.com,31
www.zda.hr,31
www.porin.org,31
www.dinarskogorje.com,31
prigoda.hr,31
www.spiritualresearchfoundation.org,31
getme.hr,31
www.arhiva.bjelovar.info,31
www.sanjarica.info,31
poliklinika-harni.hr,31
lag-adrion.hr,31
duhovnost.net,31
crna-hronika.info,31
infovodice.com,31
www.hrv.hr,31
www.hrsume.hr,31
operiseksizam.voxfeminae.net,31
fundamentalpsychopathology.org,31
www.img.rdv.ba,31
zbornica.com,31
novatv.dnevnik.hr,31
dhk.hr,31
actus-champsaur.fr,31
ordinacija.medium.ba,31
poljoprivreda.gov.hr,31
tuzlalive.ba,30
mgipu.gov.hr,30
intermediaprojekt.hr,30
www.sabor.hr,30
metamedia.hr,30
www.panora.hr,30
bs.woman-b.com,30
www.krapinske-toplice.hr,30
gentleman.hr,30
hr.erf-est.org,30
infozona.hr,30
vutropedija.com,30
allegri.xyz,30
mfin.gov.hr,30
www.a1.hr,30
nasljedujmariju.blogspot.com,30
webljekarna.vasezdravlje.com,30
www.forumgorica.com,30
www.bite-my-cake.com,30
www.biljnaljekarna.com,30
crkvena-glazba.hr,30
duhos.com,30
skupnikatalog.nsk.hr,30
www.mvep.hr,30
asimkamber.com,30
gorica.info,30
symposium-h2o.com,30
hepatos.hr,30
balkanrock.com,30
www.eea.europa.eu,30
hrv.kucintahandmade.com,30
www.urbano.hr,30
fena.ba,30
www.marusevec.hr,30
www.domaci-kuhar.com,30
maticahrvatska-grude.org,30
www.logovita.ba,29
hr.wholecelium.com,29
www.teb.hr,29
infosrpska.ba,29
partner.booking.com,29
knjizevnostuzivo.org,29
gospodarstvo-petricevic.hr,29
moneyglobal.news,29
www.redovnistvo.hr,29
www.teovizija.hr,29
door.hr,29
glasbrotnja.net,29
www.lupiga.com,29
www.zupasvpavla.hr,29
www.hlz.hr,29
www.kazaljka.net,29
mreza.co,29
www.podravka.hr,29
www.husk.hr,29
rijeka2020.eu,29
www.primostenplus.com,29
frama-portal.net,29
repozitorij.foi.unizg.hr,29
www.capital.ba,29
curia.europa.eu,29
onenastupaju.hr,29
torpedo.media,29
www.haoss.org,29
vinopija.com,29
arhiva.javniservis.me,29
bbz.hr,29
mpu.gov.hr,29
phonifier.com,29
drumtidam.info,29
www.lagsz.hr,28
sfera.hr,28
drma.muza.unizg.hr,28
lesyndromedelamonnaie.fr,28
www.recenzijefilmova.com,28
dvoklik.com,28
www.krapina.hr,28
www.suvag.hr,28
neovisno.info,28
magnifikat.hr,28
www.mali-losinj.hr,28
www.energyobserver.com,28
www.glasgacke.hr,28
old.pula.hr,28
graciasalavida.blogger.ba,28
projektintegracija.pravo.hr,28
www.tuzilastvobih.gov.ba,28
automania.hr,28
manager.ba,28
hr.reviews4000.info,28
www.terapija.net,28
porc.opcina-erdut.hr,28
donbosco.hr,28
www.zamp.hr,28
zupa-knezija.hr,28
www.bl-portal.com,28
www.tvsa.ba,28
sagud.xyz,28
www.nasice.com,28
antidoping-hzta.hr,28
jelah.info,28
ivanbarisic-bioterapeut.blogspot.com,28
istrain.hr,28
kulturistra.hr,28
www.skole.hr,28
princeza.hr,28
bigportal.ba,28
press032.com,28
rsr.com.hr,28
tk-koprivnica.hr,27
www.romalen.com,27
samohrani.com,27
fitness.bluegym.hr,27
f01.slobodnadalmacija.hr,27
avioradar.hr,27
kospz.hr,27
treci.ba,27
pitajucene.com,27
posavina.org,27
tandtkitchen.com,27
gkj.hr,27
tradicionalnalatinskamisa.blogspot.com,27
arhiva.mobilnost.hr,27
www.apprrr.hr,27
www2.deloitte.com,27
hr.oriflame.com,27
kalendari.su,27
hodzazivot.hr,27
vrtic-kapljica.hr,27
sikavica.joler.eu,27
venia-mag.net,27
theta.ffzg.hr,27
pentekost.hr,27
www.ss-fraandrijekacicamiosica-ma.skole.hr,27
www.psihologija.hr,27
www.ju1897.net,27
hr.kibbysblendedlife.com,27
www.zagrebonline.hr,27
orasje.ba,27
pescanik.net,27
www.os-stobrec.skole.hr,27
www.perun.hr,27
www.portaltrogira.com,27
www.more.hr,27
mup.gov.hr,27
nkistra.com,27
zupa-svkriz-kravarsko.hr,27
www.kolektiv.me,27
cendo.hr,27
hr.graphistik.com,27
min-kulture.gov.hr,27
www.tarotusluge.com,27
www.bizio.hr,27
f05.slobodnadalmacija.hr,27
gospodarski.hr,27
www.hocu.ba,27
www.inovatorstvo.com,26
www.nhs.hr,26
www.grad-vodice.hr,26
pustopoljina.net,26
braniteljskiportal.ba,26
www.sound-report.com,26
sokak.ba,26
m.novi.ba,26
najdoktor.com,26
mh-krizevci.hr,26
www.vitalabo.hr,26
kanal-ri.hr,26
perzepolis.hr,26
www.ersteplavi.hr,26
hkd-napredak-mostar.ba,26
infomediabalkan.com,26
hkdrustvo.hr,26
lipadona.com,26
hr.coffebreakblog.com,26
volimjajce.com,26
hr.usa-casino-online.com,26
mentorica.biz,26
www.tlig-hr.net,26
www.ljepota-islama.info,26
anythingelse.tech,26
vikici.net,26
miljenko.info,26
riportal.net.hr,26
www.mx-cro.com,26
hr.rickylefilm.com,26
radio-capljina.com,26
zelena-akcija.hr,26
hr.ramadamoa.com,26
www.radiozepce.com,26
www.peticijeonline.com,26
www.ibalkan.net,26
nk-rijeka.hr,26
hooponoponotehnika.com,26
goldfm.hr,26
www.zewa.net,26
trkeljanje.com,26
lifestylekuhinjica.info,26
www.cres.hr,26
suvremena.hr,26
www.receptzasve.site,26
www.opcina-otok.hr,26
www.moj-artritis.com,26
airplayradiochart.com,26
www.educentar.net,26
www.sportvision.hr,26
zoo.hr,26
nenadljubic.com,26
www.dubrovacka-biskupija.hr,26
hercegovackiportal.com,26
kolan.hr,26
www.dubrovnik.hr,25
zupa-kajzerica.com,25
www.dalmacija.hr,25
www.corner69.hr,25
hdz-brotnjo.org,25
ssvp.hr,25
www.odraz.hr,25
www.canon.ba,25
www.sigurnomjesto.hr,25
hrvatski-izvoznici.hr,25
hrv.tutorialadvice.com,25
www.savjetnikuspjeha.com,25
mrosp.gov.hr,25
demencija.net,25
dubravka-suica.eu,25
www.dnvgl.hr,25
krenizdravo.dnevnik.hr,25
m.sbplus.hr,25
quranenc.com,25
ivijesti.hr,25
pedagogija.ffzg.hr,25
www.crpsisak.hr,25
rtcg.me,25
zanimljivosti.net,25
www.nasiskolji.hr,25
ljekarnaonline.hr,25
kurziv.net,25
www.centarosobnemoci.com,25
terapija.net,25
www.radio-banovina.hr,25
automobiliskojo.com,25
cakoveconline.com,25
homeogarden.com,25
elka.hr,25
issuu.com,25
patrologija.com,25
www.jabucnjak.hr,25
www.solta.hr,25
www.rijekasport.hr,25
cookam.blogspot.com,25
os-ksdjalski-donjazelina.skole.hr,25
lifesocks.blog,25
dvaboema.com,25
www.turistickeprice.hr,25
www.krug99.ba,25
bs.info-4all.ru,25
www.aktivator.hr,25
djeca-prva.hr,25
gymbeam.hr,25
zupa-gospeodzdravlja.com,25
svjetlo-vjere.com,25
os-akanizlica-pozega.skole.hr,25
medicaltipes.com,25
www.haop.hr,25
itgirl.hr,25
www.macke.hr,25
hr.cphealthgroup.com,25
www.pdz.hr,25
www.vrsar.hr,25
www.pkjug.hr,25
www.parentium.com,25
hr.habrahabr.net,25
www.kina-danas.com,25
www.zagrebjenas.hr,25
zasto.blog,25
hr.roseconstructionct.com,25
www.zasrebrenicu.ba,25
impulsportal.net,25
www.petagimnazija.hr,25
www.hr,25
sib.net.hr,25
vta.hr,25
www.cba.hr,24
www.jazz.hr,24
radio.olovo.ba,24
hr.macspots.com,24
www.snagajezdravlje.com,24
gospapojisannew.blogspot.com,24
blog.b92.rs,24
tzg-hrvatska-kostajnica.hr,24
kulturforum-zagreb.org,24
coggle.it,24
www.canon.hr,24
korak.com.hr,24
www.agroportal.hr,24
www.cx.hr,24
www.compas.com.hr,24
mail.popovaca.hr,24
www.kvalifikacije.hr,24
medjugorje-news.com,24
astrotarot.eu,24
www.kriticnamasa.com,24
hdzbih-busovaca.org,24
blogmanja.com,24
os-cestica.skole.hr,24
os-kasina-zmaj.com.hr,24
sisacko-moslavacka.laburisti.com,24
www.trt.net.tr,24
www.integral-zagreb.hr,24
informativa.ba,24
struna.ihjj.hr,24
demosmedia.hr,24
hr.beautyinfo.info,24
jaskadanas.hr,24
rockmuzika.com.hr,24
ekako.info,24
biblija-govori.hr,24
www.fina.hr,24
hr.sizta2sizta.com,24
gs-makarska.hr,24
hr.girlsfrommainstreet.com,24
www.media.ba,24
a-champ.org,24
www.fitzaprodaju.com,24
www.zagrebarena.hr,24
www.bibliacatolica.com.br,24
osijek-danas.com,24
hr.sumytourism.com,24
www.tomislavsokol.eu,24
www.infobrcko.com,24
marija-andjeoska.net,24
hr.playgame24.com,24
hr.travelgermanyinenglish.com,24
www.palelive.com,24
www.kbd.hr,24
labin.hr,23
zeljanazovko.eu,23
petrijanec.hr,23
budrovac.com,23
www.artinfo.ba,23
141brigada-hv.eu,23
www.kuharski-trikovi.com,23
www.dubrovnikpress.hr,23
hr.plynnoscfinansowa.com,23
svartberg.org,23
tntportal.ba,23
www.hopacupa.org,23
www.terra-organica.hr,23
blagamisterije.com,23
fabuspot.com,23
www.narodni-list.hr,23
sbonline.net,23
zupa-svanastazija.com,23
benrhodesdigital.com,23
www.visitvukovar-srijem.com,23
portfolio.web.tera.hr,23
www.unicef.org,23
www.punat.hr,23
www.knjiga.ba,23
fight.hr,23
www.meandar.hr,23
www.ladiesin.ba,23
www.dormeo.com.hr,23
www.budinscina.hr,23
game-game.com.hr,23
hr-hr.soccermanager.com,23
www.eau-thermale-avene.com.hr,23
gov.hr,23
collage.hr,23
osamrbebrina-bebrinski-vjesnik.blogspot.com,23
www.lakakuharica.com,23
poduzetnistvo.org,23
www.gotquestions.org,23
danon.hr,23
www.otoci.eu,23
skd-prosvjeta.hr,23
www.pokreniposao.hr,23
rplus.video,23
turizam-vzz.hr,23
www.glassrpske.com,23
tomislavtomiccoaching.com,23
www.portalnovosti.com,23
www.globalnovine.eu,23
vgdanas.hr,23
www.zupa-pbdm-cucerje.hr,23
slavicnet.com,23
www.opcinaston.hr,23
www.svjosip-zenica.com,23
vijesti-x.com,23
djecjivrticmedenjak.hr,23
centralna.ba,23
hdz.hr,23
www.hanuma.ba,23
www.miljenko.info,23
pakrac.hr,23
www.hcdo.hr,23
zakon.hr,23
belizagrebgrad.com.hr,23
www.norvalqueenofpeace.com,23
iportal.hr,23
www.muo.hr,23
www.emajstor.hr,23
zurnal.info,23
znano.st,23
stranica.ba,22
www.playstation.com,22
www.klubskascena.hr,22
hr.esperantotv.net,22
www.ferratumbank.hr,22
ticm.hr,22
www.udhos-zagreb.hr,22
kontesadora.hr,22
www.pitajmamu.hr,22
ssblato.hr,22
ilustarcija.com,22
www.agroklub.ba,22
www.uaos.unios.hr,22
www.sretnazena.com,22
www.media-marketing.com,22
www.objave.com,22
turizam24.com,22
www.gradina.hr,22
www.paraf.hr,22
hr.m.wikibooks.org,22
www.kastila.com,22
sound-report.com,22
www.siroki.com,22
duhovni-poziv.blogspot.com,22
vjencanja.story.hr,22
ff.sum.ba,22
gloryhr.info,22
hr.unionpedia.org,22
lukavicaonline.com,22
forum.stripovi.com,22
www.akademijazse.hr,22
virealni.online,22
infobirac.net,22
reformacija.net,22
vrtici-du.hr,22
proteone.hr,22
alzheimer.hr,22
radiodelta.hr,22
alejandra-ariel.com,22
dv-zrno-virje.hr,22
make-up.hr,22
www.ecroatia.info,22
skopelos.com,22
goran.forumcroatian.com,22
www.tehnologijahrane.com,22
www.biom.hr,22
zzjzlsz.hr,22
m.pogled.ba,22
biogradnamoru.hr,22
kotorvaroskadolina.com,22
www.biskupija-varazdinska.hr,22
www.lagmareta.hr,22
www.regate.com.hr,22
hr.m.wikiquote.org,22
www.scania.com,22
slavonski.hr,22
hrvatskiglas-berlin.eu,22
bh-vjesnik.net,22
usdgains.biz,22
www.profightstore.hr,22
www.zivinice.ba,22
hrvati-stuttgart.de,22
vilimbook.com,22
www.biografija.info,22
trecadobhrvatska.com,22
www.imperij.com,22
superradio.hr,22
hr.wikibooks.org,22
mnlffer.com,22
www.makeuparena.com,22
neocatechumenaleiter.org,22
www.merlin.hr,21
pucisca.hr,21
moda.covermagazin.com,21
hr.allexciting.com,21
mamaonica.com,21
www.univerzal-djakovo.hr,21
maminamaza.com,21
planb.hr,21
muftijstvotz.ba,21
www.enciklopedija.hr,21
kkvrijednosniceosijek.hr,21
www.medjimurje.info,21
www.forum.tm,21
webshoppingsell.com,21
spmenopausa.pt,21
zar-ptica.hr,21
www.crzagreb.hr,21
www.hrvatski-izvoznici.hr,21
www.hrstud.unizg.hr,21
obzoroff.info,21
blog.apartmanihrvatska.hr,21
www.bastabalkana.com,21
www.ss-brotnjo.com,21
hr.inclusaodiferente.net,21
akslavonija-zito.hr,21
www.biocleaned.eu,21
montenegrina.net,21
www.icent.hr,21
www.crvenikrizsamobor.hr,21
www.srebrozlato.com,21
www.maligoran.info,21
osim.hr,21
wap.medjugorje.ws,21
zdravstvo.gov.hr,21
www.ekologija.com.hr,21
lovcinaodmore.com,21
www.aktuelno.me,21
dalmacijabalote.com,21
leopoldmandic.blogspot.com,21
znanost-i-biblija.blogspot.com,21
www.islambosna.ba,21
nk-nedelisce.hr,21
www.nkrudar.hr,21
privredni.hr,21
misljenja.hr,21
hr.gildenhaus-koeln.com,21
tuhelj.hr,21
www.kbsm.hr,21
gimnazija-fgalovic.hr,21
www.webknjizara.hr,21
int.uzuvrh.hr,21
forum.cazin.net,21
www.duga-vrtic.hr,21
hr.hypoallergenicdogfoodcenter.com,21
mandino-selo.com,21
www.gitare.info,21
feralis.hr,21
rep.hr,21
balkanikanews.info,21
www.recepti.hr,21
dobojcaffe.com,21
centar-miketa.hr,21
www.gradprijedor.com,21
hrvatiizvanrh.gov.hr,21
edusinfo.hr,21
lib.irb.hr,21
www.sandzakdanas.rs,20
www.sarvas.info,20
www.hrvhf.net,20
alumni.kifst.hr,20
katalog.hazu.hr,20
ftp.source.ba,20
www.sumfak.unizg.hr,20
upris.hr,20
design.tutsplus.com,20
hr.hair-action.com,20
ljekarna-pablo.hr,20
vfz-hr-bih.hr,20
katalozi.net,20
shr.news,20
animan.forumcroatian.com,20
sinjskarera.hr,20
vetconsulting.hr,20
www.hipp.hr,20
ravidra.hr,20
www.lumbardanet.com,20
reforma.forumhr.com,20
web1.zagreb.hr,20
greenchemistrynetwork.org,20
www.trsatskagradina.com,20
vrapcic-djecji-vrtic.hr,20
www.rovinj-rovigno.hr,20
amdg.eu,20
bs.wikiquote.org,20
zupa-svik-recica.hr,20
op.europa.eu,20
www.uhyincroatia.com,20
www.gkc-petrinja.hr,20
www.ybierling.com,20
www.novasol.hr,20
www.lika-express.hr,20
projektvelebit.com,20
www.adriankezele.com,20
www.super-mama.net,20
ksz-zagreb.hr,20
ilok.hr,20
www.filmovita.com,20
www.showbizzmagazin.com,20
internetapoteka.ba,20
polis.ba,20
www.unizd.hr,20
www.adriagate.com,20
infocuses.com,20
zenicainfo.ba,20
supercarobnisvijet.com,20
islamhouse.com,20
hr-kamioni.com,20
www.cpps.hr,20
croportali.com,20
www.vipholidaybooker.com,20
zivotnistil.com,20
www.moj-film.hr,20
www.biblica.com,20
zdravlje.life,20
www.nsppbh.hr,20
www.konsenzus.com,20
dubrovackiportal.hr,20
epoha.com.hr,20
gkzd.hr,20
www.novigradsko-proljece.com,20
bonjour.ba,20
www.zupa-surkovac.com,20
www.poliklinika-djeca.hr,20
citajknjigu.com,20
tooloud.co,20
andragog.hr,20
compas.com.hr,20
icm-mogucnosti.info,20
www.bugojno-danas.info,20
tradicionalnamisa.com,20
os-dubrava.skole.hr,20
www.mirakul.hr,20
zaklada-ana-rukavina.hr,20
nova-zora.com,20
www.knjizevnost.hr,20
lag-moslavina.hr,20
www.unizg.hr,20
radio-mreznica.hr,20
uniri.hr,20
izb.se,20
indigo-svijet.hr,20
test.viktimologija.com.hr,20
www.dvslavuj.hr,20
www.vitapur.hr,20
anticopizza.it,20
www.kuhar.ba,20
www.zkzd.hr,20
knjiskimoljac.blog,20
cepinonline.com,20
savez-slijepih.hr,20
cvh.hr,20
pametno.org,19
budidobro.com,19
travel-advisor.eu,19
julijanaoremovic.com,19
kjtranslations.hr,19
obnovljivi.com,19
revijahak.hr,19
www.slavonskikobas-kudmg.com,19
ilidza.ba,19
semeljci.hr,19
www.filmovisaprevodomonline.com,19
iceipice.hr,19
www.driveteam.hr,19
medzlisbrcko.ba,19
icm-zagor.info,19
www.dubravka-suica.eu,19
www.bijelo-plavi.com,19
www.posavinasport.com,19
www.cajlijecenjebolesti.com,19
hr.e-scooter.co,19
www.opcina-sikirevci.hr,19
www.kotorskabiskupija.me,19
www.adriaticluxuryvillas.com,19
www.lank.fr,19
luxury.hr,19
www.bakar.hr,19
maslina.slobodnadalmacija.hr,19
hr.wikiquote.org,19
futsal-dinamo.hr,19
www.lagmore249.hr,19
rnksplit.hr,19
www.shu.hr,19
elmusicante.com,19
www.istra-istria.hr,19
pzs.hr,19
maritime-connector.com,19
www.proz.com,19
arhiva.gradonacelnik.hr,19
www.skac.hr,19
labinska-republika.blogspot.com,19
booksa.hr,19
www.algebra.hr,19
svijetskutera.com,19
www.hitrecords.hr,19
mojmaksimir.com,19
www.hok-cba.hr,19
zg-nadbiskupija.hr,19
www.mioc.hr,19
www.mikanovci.hr,19
mahalla.ba,19
gymbeam.ba,19
www.novihorizonti.ba,19
www.sumins.hr,19
www.ludvig-designe.com,19
www.vlasimsky.hr,19
www.udruga-gradova.hr,19
hr.soringpcrepair.com,19
pozega.eu,19
cimerman.hr,19
www.ak-rijeka.hr,19
mozaik-knjiga.hr,19
repozitorij.efzg.unizg.hr,19
hr.happyvalentinesday2016i.com,19
forum.a1.hr,19
alphabev.com,19
www.ffzg.unizg.hr,19
www.glasamerike.net,19
agro.forumhr.com,19
www.astroucionica.hr,19
donjilapac.hr,19
alphamathcontest.net,19
www.timocom.com.hr,19
www.d-a-z.hr,19
www.ponosdomovine.hr,19
www.hamradio.hr,19
www.haascnc.com,19
info-nik.info,19
dnevnjak.info,19
forum.narkomanija.ba,19
www.tic-za-djecu.hr,19
kvarnerski.com,19
bhlopta.com,19
banjaluka24h.com,18
www.vevu.hr,18
www.tz-krk.hr,18
www.roda-antunovac.hr,18
mixmagadria.com,18
opusdei.org,18
www.ss-centar-odgojiobrazovanje-zg.skole.hr,18
www.saveatrain.com,18
mixeta.net,18
mamino-blago.com,18
www.hntv.hr,18
week.ba,18
www.zenska-kosarka.com,18
prohrvanje.com,18
www.hifimedia.hr,18
hr.hardhobbittobreak.com,18
oie.hr,18
www.fpmoz.sum.ba,18
www.forza-fiume.com,18
www.forumhr.com,18
www.flowcentar.hr,18
kuharica.kontin.info,18
gss.ba,18
www.pbzcard.hr,18
majezmaje.blogspot.com,18
livnovine.com,18
www.teatime.com.hr,18
www.vinskeprice.com,18
www.activebeauty.ba,18
kif.hr,18
www.trendradio.ba,18
www.sjemeniste.hr,18
medulin.hr,18
kidsinfo.ba,18
basketball.hr,18
www.velux.hr,18
www.novak-m.com,18
mmcentar.sczg.hr,18
www.plavgusinje.me,18
www.prva.ba,18
blagus.eu,18
www.opcina-posusje.ba,18
automobili.hr,18
www.radiolabin.hr,18
www.rodoslovlje.hr,18
www.split.hr,18
www.pokreni.hr,18
branitelji.gov.hr,18
www.radnickafronta.hr,18
www.vidiauto.com,18
audiofil.net,18
www.merkur.hr,18
www.pag.hr,18
yugioh-planet.net,18
www.caritas.hr,18
cirquenrzique.fr,18
croatia.hr,18
hvarskabiskupija.hr,18
ekonzultacije.rijeka.hr,18
www.volimivanic.info,18
www.croatia.org,18
extravagant.com.hr,18
www.confreriedespetitsgriscessonnais.fr,18
www.balkanplus.net,18
srpskacafe.com,18
otacgerard.com,18
sscitluk.ba,18
nula49.com,18
rportal.eu,18
os-omisalj.hr,18
os-sbudinica-zd.skole.hr,18
www.czk-jastrebarsko.hr,18
startbih.ba,18
os-gkrklec-calinec.skole.hr,18
www.eesc.europa.eu,18
epodstanar.com,18
www.edukacije.hr,18
etleboro.org,18
proprium.hr,18
www.ivanec.hr,18
palmapedia.com,18
smn.hr,18
putvjernika.com,18
3sporta.com,18
krugovi.hr,18
www.elitesecurity.org,18
airyfairymakeup.com,18
support.apple.com,18
dijaspora.wordpress.com,18
www.kzz.hr,18
crveni-kriz-sisak.com,18
hr.thedeepersideblog.com,18
zdravlje.slobodnadalmacija.hr,18
portalalfa.com,18
fratar.net,18
www.intermagazin.rs,18
graciao01.blogspot.com,18
nocknjige.hr,18
hr.ekolss.com,18
os-drazice.skole.hr,18
novabila.info,18
npscp.info,18
www.ipress.hr,18
slavonski-brod.hr,18
amagram.amway.hr,18
dev.pescanik.net,18
dnevni.ba,17
zagreb.hsls.hr,17
ris.hr,17
rijekaonline.hr,17
hr.rockycode.com,17
www.soundguardian.com,17
www.nsz.hr,17
magazin.ba,17
jesenje.hr,17
www.svjedocanstva.com,17
www.obitelj.hr,17
cronomy.org,17
www.labin.com,17
gradska-knjiznica-cazma.hr,17
hr.safenetvoice.org,17
www.osijek-airport.hr,17
svpetaripavao.hr,17
domkkv.hr,17
gospa-lurdska.hr,17
www.slowwwenia.com,17
www.forumcroatian.com,17
encian.hr,17
gola.hr,17
www.fitalert.me,17
www.plantagea.hr,17
ss-strukovna-banajosipajelacica-sinj.skole.hr,17
sabh.hr,17
ayugarden.com,17
ngbuntovnici.hr,17
hr.healthandmedicineinfo.com,17
posi.hr,17
www.urbancult.hr,17
chronos.ba,17
xn--titnjaa-o6a36e.hr,17
www.aprioriworld.net,17
www.bankazlata.com,17
bhrt.ba,17
penzici.rijeka.hr,17
vrtic.krizevci.hr,17
www.radiosrebrenik.ba,17
kozarskadubica.org,17
vrpolje.hr,17
manager.hsa.hr,17
www.mojvideo.com,17
knjiznica-kutina.hr,17
www.6yka.com,17
www.rcdusluge.com,17
malishani.com,17
more.slobodnadalmacija.hr,17
www.zupa.pregrada.hr,17
filmovisruba.com,17
www.britishcouncil.hr,17
www.voda.hr,17
hrvatskoobrambenostivo.com,17
www.radost-ploce.hr,17
www.biologija.unios.hr,17
www.vjetroelektrane.com,17
www.volimkuhati.com,17
www.biobio.hr,17
plesnascena.hr,17
bihvijesti.ba,17
www.brzizajam.com,17
vrtic-cvrcak.zagreb.hr,17
www.radiobk.ba,17
nk-osijek.hr,17
ipress.hr,17
www.xczld.info,17
www.ekupi.hr,17
girija.info,17
fsa.gov.ba,17
muktaahivhelpline.org,17
varazdin.hr,17
www.pregrada.hr,17
www.sanovnik.ba,17
www.prijevodi-online.org,17
www.cool-mania.hr,17
elektronickeknjige.com,17
pogledkrozprozor.wordpress.com,17
bhglas.dk,17
huhiv.hr,17
vjeraufanjeljubav.com.hr,17
www.ncvvo.hr,17
www.bjelovar.hr,17
fubumvc.com,17
hr.nature-via.com,17
www.ernestinovo.hr,17
knjiga-znanja-veda.hr,17
poslovnipuls.com,17
www.lovacki-savez-pgz.hr,17
www.epson.hr,17
coovalidus.hr,17
www.sigurnacesta-ppm.hr,17
www.zivazajednica.de,17
lafaboo.com,17
repozitorij.erf.unizg.hr,17
pulse.rs,17
travnik-grad.info,17
www.kbf.unist.hr,17
www.dadilje.info,17
www.rtvbudva.me,17
hr.crkvaisusakrista.org,17
a3space.org,17
m-stil.covermagazin.com,17
www.hrvatskarijec.rs,17
www.okusi.eu,17
hdzv.hr,17
www.os-grabrik.hr,17
slonko.hr,17
www.slavonski-brod.hr,17
hr.metapedia.org,17
www.izvorznanja.com,17
www.kombeg.org.rs,17
www.jklabud.hr,17
privrednastampa.ba,17
www.dimlule.com,17
www.yachtscroatia.hr,17
brzina.info,17
www.imperijal.net,17
www.hnb.hr,17
mob.hr,17
www.marcopolofest.hr,17
tvrtkovt.wordpress.com,17
najboljiproizvodi.com,17
zupa-vidovec.hr,17
istarski.hr,17
trnac.net,17
www.marija-bistrica.hr,17
relax-portal.info,17
www.zenskisvijet.com,17
www.velkaton.ba,17
www.inspiracija.net,17
ss-gospodarska-vz.skole.hr,17
www.cafe.hr,16
f02.slobodnadalmacija.hr,16
www.hnkhajduk.com,16
www.hnl.org.rs,16
www.ebrod.net,16
www.klapazrnovnica.com,16
koprivnicki-ivanec.hr,16
hr.jooble.org,16
podvinje.org,16
www.dioptrija.hr,16
www.kvantum-tim.hr,16
www.pou-vrbovec.hr,16
www.travnicki.info,16
www.cea-policy.hr,16
www.dance.hr,16
s-d-o.org,16
cakre.eu,16
www.svijet-kvalitete.com,16
www.autotrolej.hr,16
hagioterapija-split.hr,16
www.b92.net,16
explorecroatia.eu,16
www.holcim.hr,16
www.hgi-cgs.hr,16
www.viajesalpasado.com,16
hr.revngo.com,16
koronavirus.hr,16
stjepanmesic.hr,16
radio1.hr,16
www.hatz.hr,16
hrflix.eu,16
hr.zeoxcorporation.com,16
poljica.hr,16
forum.sportsport.ba,16
www.dragodid.org,16
casino.buzz,16
www.vjeraidjela.com,16
unikom.hr,16
upozorenjepreddrugidolazak.info,16
vestibalkan.com,16
www.decathlon.hr,16
moj-otok.com,16
berislavhermescec.com,16
alanheroninc.com,16
apoteka.hr,16
www.vrtic-caric.hr,16
zamaaero.com,16
hr.topworldtraveling.com,16
el-asr.com,16
www.uber.com,16
1os-petrinja.hr,16
www.zupa-sracinec.hr,16
kroz-samariju.net,16
www.purina.hr,16
www.dck-pgz.hr,16
www.dnevniksaputovanja.com,16
vrtic-ententini.zagreb.hr,16
os-sesta-vz.skole.hr,16
gdck-krapina.hr,16
www.dksb.hr,16
www.dom-umag.hr,16
udruga-pjp-sokolovi.hr,16
www.camping.hr,16
reci.hr,16
www.dan.co.me,16
www.rudan.info,16
hr.fitdancetutu.com,16
www.aa.com.tr,16
krnjak.hr,16
hr.religiousopinions.com,16
repozitorij.ffzg.unizg.hr,16
vrtic-zvoncic.zagreb.hr,16
plantbasedfulloftaste.com,16
www.zupa-svjosip-losik.hr,16
www.moderna-galerija.hr,16
www.zivotna-skola.eu,16
hr.getqoralhealth.com,16
n1info.hr,16
www.slatina.hr,16
biblijaiznanost.net,16
caritas-sarajevo.ba,16
repozitorij.foozos.hr,16
hr.backtonormandy.org,16
www.eucerin.hr,16
www.ltk-info.com,16
likaplus.hr,16
hsdp.hr,16
os-igkovacic-velika.skole.hr,16
zupa-sveti-rok.hr,16
webshop.net.hr,16
caportal.net,16
menzil.ba,16
hr-vjesnik.hr,16
www.plantea.com.hr,16
svetosavlje.org,16
mef.sum.ba,16
www.ljekarna-dajkovic.hr,16
lokvina.hr,16
knjiznica-bjelovar.hr,16
cedepe.hr,16
crkvabozja.hr,16
www.ofm.hr,16
glazbena.hr,16
mail.sportcom.hr,16
firstchoice.com.hr,16
seniori.hr,16
dckkzz-krapina.hr,16
priroda-skz.com,16
scsport.ba,16
prirodnilijek.covermagazin.com,16
azra.ba,16
www.kastela.hr,16
www.apostolatmolitve.org,16
novasloboda.ba,16
www.studiom.hr,16
www.kladionica.eu,16
www.klincek.com,16
abcgeografija.com,16
dijanajuric.com,16
orienteering.hr,16
sbt-test.azurewebsites.net,16
nezavisna-drzava-hrvatska.com,16
www.tartajun.hr,16
www.hrvaska.net,16
www.irb.hr,16
www.slavonskaposavina.com.hr,16
svemirac.com,16
www.tummytox.hr,16
mladi.hbk.hr,16
www.oi-plamen.hr,16
www.zanetazanaratkovic.com,16
www.icty.org,16
detoksikacija-organizma.com,16
autostil.com.hr,16
snizenje.hr,16
demokratskeskole.civitas.ba,16
thecubanrevolution.com,16
muzevnibudite.com,15
www.qatarairways.com,15
tutinpress.rs,15
enciklopedija.hr,15
kk-split.com,15
www.nivea.hr,15
zupabihac.com,15
www.zupa-svjosip.hr,15
lele.hr,15
travnik.ba,15
hr.thpanorama.com,15
motovunfilmfestival.com,15
forum.burek.com,15
pw0nd.com,15
m.bug.hr,15
vsu-online.info,15
agnesbeschildertmuren.nl,15
fluminensia.org,15
cvrcakvt.hr,15
www.poduzetna.com,15
repozitorij.ffos.hr,15
www.opcina-ruzic.hr,15
ozdravljenje.net,15
vusz.hr,15
www.promisao.com,15
www.mladez-hdzbih.org,15
shu.hr,15
bauerfeind.hr,15
www.etrafika.net,15
poduzetnik.biz,15
hkvhr.lin28.host25.com,15
citaj.ba,15
www.zicer.hr,15
hr.iamnymphette.com,15
www.oriovac.hr,15
bat.hr,15
www.kapucinileopoldzagreb.com,15
nogometne-vijesti.hr,15
feniks-oroslavje.hr,15
www.tvornicakulture.com,15
audiofil.hr,15
hic.hr,15
www.stklibertas.com,15
www.fsb.unizg.hr,15
www.hzn.hr,15
www.dndzabok.hr,15
radio101.hr,15
www.opcinamljet.com.hr,15
easyshop-products.com,15
www.jungletribe.hr,15
bosanskipogledi.com,15
polleosport.hr,15
repozitorij.pravos.unios.hr,15
hr.gadget-info.com,15
knezevi-vinogradi.hr,15
www.dnevno.ba,15
www.jergovic.com,15
capljina.ba,15
hzsn.hr,15
m.kzz.hr,15
balkantimes.press,15
www.itgirl.hr,15
www.konekta.hr,15
kpd-sloga.hr,15
hr.obzoroff.info,15
meeting-g2.com,15
heritage-offshore.com,15
viteski.ba,15
www.rra-sibenik.hr,15
eljekarna24.hr,15
www.diogenpro.com,15
zkz.hr,15
hr.sipremiumseoul.com,15
bhvedu.com,15
ummetpress.com,15
www.paxtibi.net,15
hr.vpnmentor.com,15
pp-trenkovi-panduri.hr,15
www.visegrad365.com,15
masa-hr.org,15
www.rovinjsport.com,15
www.sosvt.hr,15
www.bankingsupervision.europa.eu,15
www.hanumakocht.at,15
ogaecroatia.com,15
slobodanvaskovic.blogspot.com,15
www.ad-astra.com.hr,15
hr.paroisse-de-tarascon.com,15
www.bebe.hr,15
www.hansaplast.hr,15
www.urfdvalpovo.com,15
rctp.hr,15
www.hdd-tool.com,15
hr.woopshop.com,15
ezop-antikvarijat.hr,15
www.hlk.hr,15
sa-c.net,15
ckfbih.ba,15
radio.croatica.hu,15
lszz.hr,15
osnovnaskolamalinskadubasnica.hr,15
www.grubisnopolje.hr,15
www.ss-aharacica-malilosinj.com.hr,15
www.baranjainfo.hr,15
tunera.info,15
oneillinstituteblog.org,15
savjest.com,15
www.medicinskanaklada.hr,15
gtocka.com,15
www.stav.com.hr,15
lureti.hr,15
galactica.sfcentar.com,15
www.damijenestoslatko.com,15
odjecikulture.com,15
www.vpz.hr,15
www.symptoma.hr,15
www.otvorenipecati.com,15
breza.hr,15
sudigoz.hr,15
www.orlandofit.hr,15
www.medix.hr,15
hr.e-guide.renault.com,15
www.iskra-islama.net,15
kult.com.hr,15
www.gossip-vijesti.com,15
smarter.hr,15
www.budicool.hr,15
predsjednikfbih.gov.ba,15
pregrada.info,15
www.info-ks.net,15
kocerin.info,15
bs.lacroixx.com,15
www.hilti.hr,15
mondo.rs,15
www.obvk.hr,15
satiricne-novine.com,15
farf.sum.ba,15
www.hismus.hr,15
figulus.hr,15
www.arsillyrica.hr,15
hr.haushaltsaufloesungen.eu,15
www.os-zvonimira-franka-kt.skole.hr,15
www.herceg-bosna.com,15
okz.hr,15
bs.m.wikiquote.org,15
sportnews.hr,15
metropolitan.hr,15
dijalog.info,15
www.psvprelog.hr,15
veterina.com.hr,15
www.astrologijatarot.com,15
source.ba,15
www.ramiro.hr,15
informiraj.me,15
homerenovates.com,15
sport.novi.ba,15
hdzbih.org,15
eko.zagreb.hr,15
www.arheologija.hr,15
radio-ilok.hr,15
crvenikrizvalpovo.hr,15
www.arios.net,15
hssms-mt-du.com,14
www.grad-krk.hr,14
green.hr,14
dobarzivot.net,14
www.gradimo.hr,14
www.ddlzagreb.hr,14
ogulin.eu,14
kardioloskaordinacija.com,14
odgovorno.hr,14
stripvesti.com,14
www.harfa.hr,14
storybook.story.hr,14
hr.rikisorsa.com,14
hrsbih.org,14
style-beauty.com,14
old.ipress.hr,14
koprivnica.hr,14
rezonanca.wordpress.com,14
www.czss-pakrac.hr,14
www.sony.hr,14
www.beli-manastir.hr,14
alternativa-webshop.com,14
civilna-zastita.gov.hr,14
www.hnk-gorica.hr,14
www.rfd-osijek.hr,14
www.zvornikdanas.com,14
www.ahmadiyya-islam.org,14
www.prevoditelj-teksta.com,14
preuzmite-pdf-e-knjige.com,14
ziviselo.com,14
www.zupa-belisce.com,14
lege.hr,14
www.split.com.hr,14
www.gimpoz.hr,14
www.brodotrogir.hr,14
dokumentarac.hr,14
sve-zavas.site,14
www.solin.hr,14
lavandamia.hr,14
hoo.hr,14
www.waldorfska-skola.com,14
rogatica.com,14
reformacija.org,14
hr.elobservadorgt.com,14
www.svantun-rijeka.hr,14
investcroatia.gov.hr,14
new.ngbuntovnici.com,14
psycatgames.com,14
www.msu.hr,14
projektnjemacka.com,14
korner.ba,14
narodnjaci.net,14
naronanews.com,14
ljudskaprava-vladarh.hr,14
radiogradacac.ba,14
nasakostrena.hr,14
cro-ponuda.eu,14
www.lipapromet.hr,14
www.prelog.hr,14
cci.hr,14
www.marijanskizavjet.hr,14
cukar.com.hr,14
www.termoplin.com,14
www.myprotein.hr,14
hr.astrologyonline.net,14
radiorijeka.hrt.hr,14
prvahnl.hr,14
lifeprogramhrvatska.hr,14
lidija-jurica.com,14
nebeska-harmonija.hr,14
www.kulturauzagrebu.hr,14
www.maticahrvatskaosijek.hr,14
seekandhit.com,14
sdamostar.ba,14
www.mixeta.net,14
www.tesa.hr,14
lovrec.hr,14
www.natura-virovitica.hr,14
www.mba-croatia.com,14
hr.raionka.com,14
www.ljubav.info,14
hr.rametc.com,14
pouke.org,14
sos-dsh.hr,14
osmgubec.edu.rs,14
hr.orandastyle.com,14
www.ivanic-grad.hr,14
mimladi.hr,14
tssb.hr,14
split.hr,14
medhyps.com,14
hr.varikosette-official.site,14
kupac.net,14
hr.tax-definition.org,14
flekosteelbalzam.com,14
udruga-delta.hr,14
web.zrs.hr,14
pdpsunj.hr,14
tehnika.lzmk.hr,14
www.fizika.unios.hr,14
www.ruskijezik.info,14
www.os-icankara.hr,14
www.aspira.hr,14
www.os-lovre-pl-matacica.hr,14
www.crveni-kriz-cakovec.hr,14
viktorijaherak.com,14
www.istra.hr,14
www.iusinfo.com.hr,14
vihor.hr,14
www.carwiz.hr,14
mingor.gov.hr,14
hdzst.com,14
www.religija.me,14
www.ccaa.hr,14
sjevercg.me,14
www.os-brace-radica-bracevic.skole.hr,14
www.katsus.org,14
www.cdm.me,14
shopeasy-products.com,14
www.regionalexpress.hr,14
majkaidijete.ba,14
hhdhyla.hr,14
www.zenskirecenziraj.com,14
vukovar.dnevno.hr,14
www.dugzivot.com,14
planetopija.hr,14
tzdubrovnik.hr,14
www.poslovniturizam.com,14
arhiva.hdz.hr,14
www.esos.hr,14
www.droga-online.com.hr,14
www.dragovoljac.com,14
hrvatskidom.com,14
www.bettymatika.com,14
www.husqvarna.com,14
vanelli.hr,14
www.vichy.hr,14
fooz.unipu.hr,14
dizajnidom.info,14
www.pgs.hr,14
zaposlena.hr,14
tz.bol.hr,14
www.eu-projekti.info,14
gkc-ogulin.hr,14
www.gimagm.hr,14
ukrituximabtrial.org,14
pk-orion.hr,14
www.poliklinikabagatin.hr,14
povcast.hr,14
megabooker.hr,14
povijest.gnkdinamo.hr,14
www.biskupija-porecko-pulska.hr,14
www.unist.hr,14
www.smartphonehrvatska.com,14
mediadaily.biz,14
trogir.hr,14
zdravlje.eu,14
beautyblogette.net,14
www.sdp.hr,14
www.sibensko-kninska-zupanija.hr,14
www.zlatnadjeca.com,14
glazbena-skola-pozega.hr,13
pulskasvakodnevnica.com,13
kapitalac.wordpress.com,13
glazba.hrt.hr,13
mfeferon.hr,13
sspregrada.hr,13
opcina-tovarnik.hr,13
www.sportcom.hr,13
djaka-city.info,13
sssh.hr,13
new.vijesti.ba,13
sspakrac.hr,13
www.portal.media-sat.net,13
www.iportal.hr,13
www.kajkavske-popevke.hr,13
novagradiska.eu,13
www.medioteka.hr,13
www.tweetingwithgod.com,13
upravnisudrh.hr,13
www.kic.hr,13
coverstyle.hr,13
maksimir.hr,13
vrt-priroda.com,13
kresimirolijan.com,13
www.eurovrt.hr,13
www.mojedijete.com,13
sjever.hr,13
hr.tastesbetterwithfriends.com,13
bichamilton.com,13
www.emef.hr,13
hr.bg-shop.eu,13
www.hkdrustvo.hr,13
balkanskinavijaci.com,13
jurnebes.blogspot.com,13
www.bet-club.com,13
www.035portal.hr,13
biciklijade.com,13
mail.neslanovac.hr,13
ss-montazainstalacijaimetkonstrukcija-zg.skole.hr,13
europeanshortstory.org,13
3-para.com,13
volimteotoce.com,13
oiv.hr,13
www.udruga-slijepih.hr,13
www.vatrogasni-portal.com,13
www.hep.hr,13
markozupanic.hr,13
gata.hr,13
www.islamskazajednica.ba,13
www.demokrscanihds.hr,13
ju-priroda.hr,13
www.xtrasize.com.hr,13
m.hr.paper-greeting-cards.com,13
hr.cosmicsaibaba.com,13
federalna.ba,13
www.korcula.hr,13
www.judokastela.hr,13
hr.wp-design.eu,13
www.jug.hr,13
poliklinika-ginecej.hr,13
www.dhkhb.org,13
os-san-nicolo-ri.skole.hr,13
www.mtb.hr,13
etrebinje.com,13
nk-mladost.hr,13
fotozine.org,13
www.korcula.online,13
komunalac-kc.hr,13
www.menulifestyle.eu,13
www.proizvodom-testovi.com,13
vbnmgz.hr,13
www.sukobinteresa.hr,13
hr.worldyoganetwork.com,13
www.vikendi.com,13
rastimougospodinu.com,13
ivo.palcic.hr,13
www.tvrdjava-kulture.hr,13
sindikat-kulture.hr,13
kalitribune.com,13
hr.wiktionary.org,13
pinova.hr,13
www.mtb.ba,13
sipar.hr,13
osijek.in,13
anye.mk,13
ehlibejt.org,13
www.savjetodavna.hr,13
www.optika-curin.hr,13
uksgo.hr,13
nova-akropola.com,13
m.cdm.me,13
www.opcina-svfilipjakov.hr,13
www.zzjzdnz.hr,13
www.kombel.hr,13
hespo.hr,13
www.meanit.hr,13
schlaflosinmuenchen.com,13
www.dizajndoma.hr,13
www.filmski.net,13
travnicki.ba,13
www.finax.eu,13
slusa-lica.com,13
www.eko.zagreb.hr,13
trecisvijet.com,13
www.ekupres.com,13
ivanec.hr,13
religis.com,13
opcinabaskavoda.hr,13
vivblog.valamar-riviera.com,13
www.gitimo.hr,13
zavicajni-muzej-ogulin.hr,13
www.vidilab.com,13
gdprinfo.eu,13
snizenja.ba,13
os-mitnica-vu.skole.hr,13
www.napravivrt.hr,13
www.vbz.hr,13
www.vpig.hr,13
svezabebu.hr,13
www.limac.hr,13
hnk-sibenik.hr,13
www.aikidojo.hr,13
slavonski-samac.hr,13
klinika.pravo.unizg.hr,13
trgovacka-skola.hr,13
samostan-poljud.com,13
vogosca.ba,13
www.zastita-prirode-kckzz.hr,13
lag-zrinskagora-turopolje.hr,13
agroportal.ba,13
br3-arhiva.carobna-frula.com,13
zupa-stolac.com,13
www.glasgrada.hr,13
hr.eqlifestyles.com,13
hr.greenlife-kyoto.com,13
www.babycenter.hr,13
kodex.me,13
www.edubrovnik.org,13
www.hsuir.hr,13
www.ss-tehnicka-ck.skole.hr,13
omisalj.hr,13
hcsp.hr,13
www.os-popovaca.hr,13
www.porec.hr,13
existentia.com.hr,13
iducan.hr,13
www.efzg.unizg.hr,13
www.centarkulture.com,13
www.sibenik.hr,13
www.revizija.hr,13
www.monitor.hr,13
www.ofir.hr,13
www.robertgoreta.com.hr,13
www.hamar-media.hr,13
www.otokpasman.hr,13
www.tena.hr,13
www.budiprimjer.hr,13
thesunsetstriponline.com,13
www.hds.hr,13
www.slatka-tajna.eu,13
www.biskupija-sisak.hr,13
hr.ahealthportal.me,13
www.eventful.hr,13
ljekarne-prima-farmacia.hr,13
gorankrmpotic.eu,13
stvarnost.hr,13
hr.speaklanguages.com,13
advocatusfidei.wordpress.com,13
studiosilvija.hr,13
tehnomag.com,13
www.pk-pula.hr,13
www.radio-jaska.hr,13
www.iklinika.hr,13
www.ljevak.hr,13
hronika.ba,13
www.gras.com.hr,13
www.tz-nedelisce.hr,13
www.meteoadriatic.net,13
sapunko.net,13
www.zmag.hr,13
grama.com.hr,13
sveti-matej.com,13
www.tvorac-grada.com,13
ba.n1info.com,13
bnm-portal.com,13
ljekarna.hr,13
hr.uchebniksantehnika.ru,13
hr.history-hub.com,13
f04.slobodnadalmacija.hr,13
www.unin.hr,13
fokusnahit.com,13
lawandmore.best,13
www.emergency-live.com,13
www.putovnica.net,13
djulovac.hr,13
www.brodski-stupnik.hr,13
gotravel.hr,13
www.fena.ba,13
hrf.hr,13
bhc.com.hr,12
www.eizg.hr,12
popovac.hr,12
os-ekumicica-velikagorica.skole.hr,12
www.unipu.hr,12
zivotna-skola.eu,12
www.doznajemo.com,12
www.onlinecasinoreport.info,12
eckermann.org.rs,12
sanapress.info,12
icl-sf.com,12
www.zvonimirsolin.hr,12
tzgorahovica.hr,12
www.dugirat.hr,12
pomorac.net,12
www.cms.hr,12
www.motorsport.hr,12
likemetkovic.hr,12
admin.kodex.me,12
www.avmax.hr,12
www.netkolumne.com,12
ceti.hr,12
kitchenmagic3.com,12
www.ignacije.hr,12
leutar.net,12
www.hrdays.net,12
www.sesvete-danas.hr,12
www.kucaljudskihprava.hr,12
x-ica.com,12
ucenicki-dom-krizevci.hr,12
malaskolaprodaje.wordpress.com,12
www.posta.hr,12
www.kerameikon.com,12
sumlist.sumari.hr,12
www.mk-veterani.hr,12
acfcroatia.hr,12
www.grakni.hr,12
www.kcc.hr,12
huzip.hr,12
md-tm.ba,12
www.pjesmicezadjecu.com,12
www.hlapic.net,12
hr.frosthead.com,12
izsvesnage.com,12
tripologia.com,12
www.rak-rijeka.org,12
www.scardona.hr,12
os-slatine.skole.hr,12
itbizcrunch.com,12
zkuubbz.hr,12
sport.avaz.ba,12
m.hr.mueblesrestaurante.com,12
www.htz.hr,12
lovcibalkana.com,12
www.nadzorplus.com,12
hdd.hr,12
www.vrtic-pitomaca.hr,12
www.akvarij.net,12
ljekarna-rijeka.hr,12
sah.hr,12
www.natgeotv.com,12
www.atletskiklubagram.hr,12
www.hnsbih.ba,12
www.islamska-zajednica.hr,12
udruga-let.hr,12
www.srna.rs,12
os-druga-vz.skole.hr,12
www.politika24.net,12
centar-sirius.hr,12
sitanvez.mooshema.com,12
zastita.info,12
www.ephzhb.ba,12
www.rasadnik-milic.hr,12
hr.pacificrim2-movie.com,12
www.radiostudent.hr,12
www.abrakadabra.com,12
www.majkic.net,12
beautiful.ba,12
hrsport.hr,12
www.nainzulinu.com,12
www.domacikolaci.net,12
srce-rijeka.hr,12
forum.source.ba,12
zlatnavrata.hr,12
www.ljekarnasdz.hr,12
www.hok.hr,12
kajankajan.blogspot.com,12
www.ringeraja.ba,12
hr.vphealthandfitness.com,12
dvc-mali-losinj.hr,12
zuhbdrp-rh.hr,12
www.schrack.hr,12
www.stajnica.com,12
www.adriaticsailor.com,12
www.hvidra-samobor.hr,12
novo.hr,12
hmmf.hazu.hr,12
trusty.hr,12
www.hrdigg.com,12
os-kiseljak.ba,12
www.atvbl.com,12
www.jerkozovak.com,12
www.zagorski-radio.hr,12
www.svanconsulting.com,12
sretnamama.hr,12
www.opel.ba,12
visitnovalja.hr,12
www.zaba.hr,12
www.nk-samobor.hr,12
slikedrustva.com,12
murusinexpugnabilis.blogspot.com,12
www.sv-petar-zapresic.hr,12
dukat.hr,12
www.jogaline.hr,12
cidm.pt,12
www.orebic.com.hr,12
budifit.net,12
rebuild.slobodnadalmacija.hr,12
www.opcina-zepce.com,12
infokuhinja.com,12
poslovniforum.hr,12
glas.hr,12
ali.how,12
rucakkodmucike.blogspot.com,12
putksuncu.hr,12
www.savezosit.hr,12
www.vrticimetkovic.hr,12
kolektiv.me,12
www.lag-baranja.hr,12
vollo.hr,12
hajduk.hr,12
www.opcina-lukac.hr,12
www.mojezdravlje.net,12
markopolosport.net,12
blog.magicbaby.hr,12
www.opcina-crnac.hr,12
www.yoga-studio-vg.hr,12
www.obnovljivi.com,12
www.cadcam-group.eu,12
zijadljakic.ba,12
radiosljeme.hrt.hr,12
www.rockmark.hr,12
www.o-jankovci.hr,12
gospic.hr,12
adopta.hr,12
fpldrama.com,12
www.opcina-vrbanja.hr,12
www.kajscena.hr,12
www.megatrend.com,12
www.hkms.hr,12
www.sinisasoljacic.com,12
www.hdzbih.org,12
www.pmi-croatia.hr,12
hgu.hr,12
www.vitashop.hr,12
msg.hr,12
www.hdz1990.org,12
www.recepti-vio.com,12
www.mojmag.com,12
hr.loccitane.com,12
wiki.erepublik.com,12
widerscreenings.com,12
www.pleasuremagazines.com,12
piranhas-fr.com,12
www.otok.hr,12
hums.hr,12
ussgk.com.hr,12
unima.hr,12
katun-dubrava.weebly.com,12
hr.wancharida.com,12
www.dblog.hr,12
upset.hr,12
danas.com.hr,12
www.novska.in,12
igre.games,12
zosi.hr,12
www.cro-kultura.com,12
www.pdnovizagreb.hr,12
astronomija.org.rs,12
chm-udbina.com.hr,12
shop.naturala.hr,12
www.trcaona.hr,12
www.ledo.hr,12
www.vukovar.hr,12
www.oetker.hr,12
medjugorje.hr,12
dreamsnovi.com,12
akademija.hns.hr,12
pukotine.hr,12
www.brother.hr,12
www.glasbanjaluke.com,12
jaska.com.hr,12
balkan.sahartv.ir,12
uvihoruvremena.com,12
strawberry-soup.com,12
radiobrcko.ba,12
mojapovijest.com,12
cigarettesreviews.com,12
studio-martina-natura.hr,12
opcina-vludina.hr,12
dragovoljac.com,12
www.fpz.unizg.hr,12
ribolov-koprivnica.com,12
www.blic.rs,12
drijen.hr,12
motivacijski-top-magazin.eu,12
malisani.hr,12
indeksonline.me,12
www.biznisblog.com,12
www.klostar-ivanic.hr,12
www.romismz.info,12
anarhisticka-biblioteka.net,12
gornja-vrba.hr,12
civinet-slohr.eu,12
www.franjevci.info,12
shop.ljekarnasdz.hr,12
www.liberties.eu,12
lag-baranja.hr,12
mail.hrvatskodrustvopisaca.hr,12
vvivs.hr,12
vszhdz.com,12
bjelovar.live,12
www.linguashop.com,12
www.boks-savez.hr,12
sveto-pismo.net,12
liposcak.hr,12
svjetlorijeci.ba,12
imovina.gov.hr,12
www.bor-plastika.hr,12
www.andizet.hr,12
vedska-astrologija.blogspot.com,12
mefst.unist.hr,12
ipd-ssi.hr,11
happytovisit.com,11
hr.pinkmyrideph.com,11
hkmdublin.com,11
bakeme.com.hr,11
hrvatskazazivot.com,11
zgnogomet.com,11
www.laroche-posay.com.hr,11
www.knjiznica-krizevci.hr,11
www.zdravobudi.hr,11
hdzvitez.org,11
certitour.com,11
dkabinet.com,11
www.zavoddbk.org,11
mama.ba,11
www.adarta.hr,11
www.riznicasrpska.net,11
sretna-dusa.com,11
www.xvii-online.org,11
srednja-europa.hr,11
www.hssms-mt.hr,11
evandjelje.net,11
www.hrz.hr,11
fima-vrijednosnice.hr,11
www.svijet-beba.hr,11
www.balkaniyum.tv,11
www.ss-graditeljska-ck.skole.hr,11
digitalni-svijet.com,11
filmovionline.to,11
digitalne-knjige.com,11
nk-lucko.hr,11
www.autoeurope.hr,11
www.svijet-svjetiljki.hr,11
nationalprioritiespartnership.org,11
smartmall.hr,11
www.knjiznica-koprivnica.hr,11
www.ikea.com,11
www.hdmsarist.hr,11
www.os-imazuranica-zg.skole.hr,11
zadarska-zupanija.hr,11
www.radost-jaska.hr,11
maricavrtlarica.com,11
www.grf.unizg.hr,11
zod.hr,11
zaboljirovinj.wordpress.com,11
softwarecity.hr,11
rtvzivinice.tv,11
djecji-vrtic-baloncica.hr,11
hdz-obz.com,11
wp.hkmrosenheim.de,11
nerezisca.hr,11
sarajevske.com,11
www.svjetskiputnik.hr,11
silverci.wordpress.com,11
www.zdravljepriroda.net,11
croatianmakers.hr,11
fizioterra.com,11
savelife.info,11
aloeveracroatia.com,11
www.andragosko-uciliste.hr,11
www.stubicketoplice.hr,11
magme.hr,11
www.zagrebacka-zupanija.hr,11
aloeveraforever.eu,11
europski-fondovi.eu,11
zupa-duhasvetoga-jarun.hr,11
www.os-nedelisce.skole.hr,11
bs.vratrips.com,11
www.gloria.tv,11
internet-radio-gvm.com,11
www.trebinjenadlanu.com,11
www.stk-osb.hr,11
www.parlament.ba,11
proleksis.lzmk.hr,11
www.crometeo.net,11
www.alliesofhumanity.org,11
www.rba.hr,11
www.komedija.hr,11
www.muih.hr,11
hr.howtobuildarocketship.com,11
marinianis.tv,11
promina.hr,11
hr.odysseedubienetre.be,11
www.opcina-kaptol.com,11
dasb.hr,11
zzozzh.com,11
zupa-novoselo-balegovac.com,11
mint.gov.hr,11
lijecnicki-vjesnik.hlz.hr,11
www.rockwool.hr,11
kkzeljeznicar.hr,11
www.ins.ba,11
savjet.nacionalne-manjine.info,11
www.kamagragelhrvatska.com,11
inf.ffzg.unizg.hr,11
www.inter-caffe.com,11
hr.node-tricks.com,11
www.intellecta.hr,11
www.ivb.hr,11
skolski-puls.com.hr,11
suradniciistine.blogspot.com,11
novagradiska.hr,11
djakovo.hr,11
pjesmicezabebe.com,11
hrvatskamozebolje.org,11
ne-ma.net,11
www.vojna-policija.com,11
www.radioorahovica.com,11
jedinstveni-recepti.blogspot.com,11
obljetnica.hrt.hr,11
www.radnicki.org,11
www.os-mareljkovic-davor.skole.hr,11
nedelisce.hr,11
www.tvz.hr,11
exterim.hr,11
managingdesire.org,11
www.realestatecroatia.com,11
www.4brigada-zng.hr,11
www.4seasonscroatia.com,11
www.5portal.hr,11
www.gs1hr.org,11
www.troplet.ba,11
riznicasrpska.net,11
hkcnova.ba,11
www.uopazin.hr,11
www.anaviglam.com,11
www.biscani.ba,11
www.gp1.hr,11
mapiranjetresnjevke.com,11
skveranka.com,11
www.gospa-sinjska.hr,11
prosrpski.com,11
djecji-san.com,11
www.msckrstarenja.com,11
orizarenews.com,11
www.drumtidam.info,11
visitkarlovac.hr,11
www.dsng.hr,11
www.dssmith.com,11
www.checkmybus.hr,11
freepvpgame.com,11
www.pou-novska.hr,11
www.dubrovnik-festival.hr,11
likumzg.wordpress.com,11
zupagrabovica.com,11
blidinje.net,11
telesport.telegram.hr,11
hr.energymedresearch.com,11
kognosko.hr,11
hr.yestherapyhelps.com,11
www.climateimc.org,11
www.eurofound.europa.eu,11
dunjalucar.com,11
ispodobruca.com,11
www.proracun.hr,11
pag.hr,11
www.miravila.com,11
www.carnet.hr,11
www.makeupparadise.net,11
hr.autoarad.eu,11
www.mali-princ.hr,11
tim4pin.hr,11
kciptsamobor.com,11
hr.vomturmhaus.com,11
gimnazijabucar.hr,11
zupa-prozor.com,11
hsp.hr,11
radpomjeri.eu,11
udruga-srma.hr,11
zepce.ba,11
mso.hr,11
www.viskovci.hr,11
tvsporedi.si,11
www.vasdoktor.com,11
www.val-tours.hr,11
www.mobis.hr,11
ehoroskop.net,11
behappy.hr,11
tzbpz.hr,11
judzks.ba,11
www.mentor-split.hr,11
hura.hr,11
bosnia-and-herzegovina.dietonus-best.site,11
www.bolnica-bistra.hr,11
www.smartbiz.hr,11
www.gardena.com,11
hr.dopemusicblog.com,11
www.neum.ba,11
www.zooplus.hr,11
www.novisindikat.hr,11
domovinskirat.hr,11
zavelim.hr,11
www.umjetnicki-paviljon.hr,11
swissbih.com,11
dvd-stupnik.hr,11
opcina-otok.hr,11
zupanjac.net,11
www.futsalbalkan.com,11
razvoj.gov.hr,11
zupa-sv-ilije.hr,11
szos.unios.hr,11
hr.culturefishtours.com,11
gimnazija-vnazora-zd.skole.hr,11
www.prijevod-sudski-tumac.com,11
www.poslovnaucinkovitost.eu,11
gg-grupa.eu,11
repozitorij.unipu.hr,11
www.noviradio.hr,11
www.sljedbenicisunneta.com,11
hr.detoxic.website,11
www.sesvete-online.info,11
ultra.ba,11
www.satnica-djakovacka.hr,11
www.mercedes-benz-emil-frey.hr,11
portalpodgorica.me,11
www.cazin-danas.net,11
theprestige.ba,11
aliancaamicus.com.br,11
www.ljepotaizdravlje.ba,11
www.novi-recepti.com,11
www.dalmatia.hr,11
thebestshop.hr,11
mediaservis.hr,11
mymemory.translated.net,11
www.sbplus.hr,11
www.pula.hr,11
mreza.bug.hr,11
fso.hr,11
blog.njuskalo.hr,11
animal-friends-croatia.org,11
czss-ivanec.hr,11
www.expoveneto.it,11
www.samobor.hr,11
zaro.com.hr,11
vrticigra.hr,11
mulier.hr,11
www.vatican.va,11
dubokavoda.com,11
recepti.odados.com,11
animal-tv.org,11
energyobserver.com,11
www.cafe.ba,11
www.erf.unizg.hr,11
www.cakovec.hr,11
os-sskranjcevic-zg.skole.hr,11
www.cakoveconline.com,11
repozitorij.fer.unizg.hr,11
radiozupanja.hr,11
gdck-pregrada.hr,11
www.mercedes-benz.hr,11
hr.bestvashikaranastrologer.com,11
arhiva.metkovic.hr,11
www.pk.hr,11
www.slijedisusa.com,11
huom.hr,11
bebe.avaz.ba,11
clemslansing.com,11
pszupanija.hr,11
underdreamskies.com,11
hr.budahazy.org,11
www.ljekarnezagrebackezupanije.com,11
www.datalab.hr,11
vrt.hr,11
bazeni-koprivnica.com,11
www.dijeta.com.hr,11
www.sessiondigger.com,11
www.unicro.hr,10
poliklinika-fleur.hr,10
gos.hr,10
www.gimnazijapula.hr,10
planner-boutique.com,10
imemarijino.hr,10
surovestrasti.com,10
www.gorica.hr,10
plant.hr,10
www.libido.hr,10
hr.africanbelief.com,10
kupionline.hr,10
www.pastoralmladih.hr,10
www.crowe.com,10
www.pbiro.hr,10
www.bosnic.com,10
marjan-voce.hr,10
www.zivizid.hr,10
christusrexhrvatska.blogspot.com,10
melitamcoaching.com,10
republic-bosnia-herzegovina.com,10
www.kutina.hr,10
historiografija.hr,10
www.maglaj.ba,10
www.medzlis-rijeka.org,10
www.hnkmostar.ba,10
bonuscasino.me,10
dkpc.hr,10
www.kitchenaid.hr,10
radiodonjivakuf.com.ba,10
www.parkovihrvatske.hr,10
franjobucar.net,10
hr.slc-institut.com,10
budisiguran.com.hr,10
www.lider.media,10
dom-zdravlja-korcula.hr,10
jogameditacija.org,10
hr.sk-real.com,10
www.np-krka.hr,10
aloalo.hr,10
pravri.uniri.hr,10
chicagooglasi.com,10
www.kljucna-rijec.com,10
dnd-gospic.hr,10
potrosacica.hr,10
medjugorje.info,10
draxblog.com,10
ofs.hr,10
zelenarium.com,10
odslatkogasladje.net,10
hr.artrovex.site,10
odjek.press,10
www.radio-zlatar.hr,10
www.sasailisevic.com,10
meta.m.wikimedia.org,10
superbeba.com,10
bozjemilosrdje.net,10
hr.sauceonhampton.com,10
svfrane-split.com,10
www.getwox.com,10
croatia-bonusesfinder.com,10
domaljevac.ba,10
opcina-drenovci.hr,10
www.altirand.com,10
fokolar.hr,10
opcina-farkasevac.hr,10
www.pd-svjure.hr,10
onlinetrziste.com,10
lifestyledom.info,10
svetiandrija.hr,10
sveti-kriz-zacretje.hr,10
hr.skulpture-srbija.com,10
hkdpd.blogspot.com,10
www.entrio.hr,10
cabct.hr,10
gkmarjan.hr,10
www.waterair.com,10
hr.martech.zone,10
hr.robinsonwaterwell.com,10
alhassanain.org,10
vrtic-cetiririjeke.hr,10
www.ubvvpdr.hr,10
rss.hr,10
www.zupagospavangrada-sibenik.hr,10
infobijeljina.com,10
www.spisicbukovica.hr,10
hr.swewe.net,10
www.hdlu.hr,10
ljudima-prijatelj.blogspot.com,10
www.eventim.hr,10
hr.e-pistolas.org,10
shop.artofliving.hr,10
d-a-z.hr,10
oriovac.hr,10
obitelj-vn.org,10
ihalilovic.com,10
www.zebrakom.hr,10
zzpudnz.hr,10
www.eurokonzalting.com,10
hr.teknikmark.com,10
www.virovitica.hr,10
hvz.gov.hr,10
mari-the-gold.blogspot.com,10
www.euronogomet.com,10
www.notarius.hr,10
wp.zg-naklada.hr,10
www.tenstickers.hr,10
fdiarybyz.blogspot.com,10
www.labin.hr,10
h18.hr,10
xn--petra-zdb.hr,10
dubravkafazlic.com,10
euro-goods24.com,10
www.europskenovine.eu,10
www.hipp.ba,10
www.hrsk.hr,10
mgz.hr,10
www.kaufland.hr,10
volimpodgoricu.me,10
os-zamet-ri.skole.hr,10
bolnicasvetirafael.eu,10
hajdarovic.com,10
alt.vusb.hr,10
budobro.blogspot.com,10
www.caf.hr,10
www.hkmberlin.de,10
www.pogon.hr,10
kuhar.hr,10
inter.hr,10
obitelj.hbk.hr,10
www.microsoft.com,10
plodovizemlje.com,10
www.daikin.hr,10
hr.eurojobsystem.eu,10
www.mojfitness.com.hr,10
www.ocaravanje.com,10
www.antenam.net,10
sistemasdeproductividad.com,10
carouselfriesians.com,10
www.hobbytec.hr,10
www.politika.rs,10
www.trudnica.mg,10
dalmacijaplus.hr,10
www.antikvarijat-biblos.hr,10
www.xenios.solutions,10
pitomaca.hr,10
senzacionalno.hr,10
hr.listasde10.com,10
hr.style-people.com,10
bilo.roditelji.eu,10
www.slavuj.net,10
forum.imperiaonline.org,10
www.hubol.hr,10
dalmatinskinogomet.hr,10
normabel.com,10
zdravapriroda.info,10
svijet-ljepote.hr,10
mursko-sredisce.hr,10
www.os-ddomjanic-zelina.skole.hr,10
mala-scena.hr,10
www.stratego.hr,10
hr.tomovic.eu,10
bogoslovija-ri.hr,10
www.sah-pgz.hr,10
intervju.hr,10
icentar.ba,10
www.stomatologija.hr,10
www.dominikanci.hr,10
smisaozivota.wordpress.com,10
bs.cannabisindustrylawyer.com,10
hr.enverpasadergisi.com,10
icm-osijek.info,10
sincerelyjana.com,10
www.posusje.info,10
www.istra-europa.eu,10
forum.pcekspert.com,10
deskkultura.hr,10
istinomjer.ba,10
skrad.com,10
www.vijecestudenata.com,10
zupaporec.com,10
www.rep.hr,10
novine.hr,10
forum.rijecani.com,10
hipsb.hr,10
www.dearskin.me,10
www.dijaspora.hr,10
birdbrainkitchen.com.au,10
slatina.net,10
uciliste.net,10
armanolinta.hr,10
virje.hr,10
cmc.com.hr,10
nsf-journal.hr,10
sibenik.rocks,10
unizd-zbor.hr,10
hoopster.hr,10
filmovi.co,10
www.agencija-oskar.hr,10
www.marulianus.hr,10
hdmagazine.co.uk,10
www.djecjaposla.com,10
mali-i-veliki.hr,10
pupitres.hr,10
childrenscancer.org.uk,10
utis.hr,10
m.057info.hr,10
www.ss-ivanec.hr,10
vidilab.com,10
javnost.hr,10
gimnazijafgm.info,10
www.kocusa.ba,10
www.citajmi.info,10
antikvarijat-studio.hr,10
www.regionalna.hr,10
healthcarelawsuit.us,10
arhiva.josipdol.hr,10
www.zaposlenje.ba,10
www.prometna-zona.com,10
www.kakoleciti.com,10
www.cemex.hr,10
kulturanova.hr,10
os-mejasi-st.skole.hr,10
www.eduinfo.ba,10
www.opcina-hrascina.hr,10
vjeronauk.net,10
pinklecnarame.com,10
www.veritas.hr,10
www.rportal.eu,10
hr.runwithmypower.com,10
www.biovega.hr,10
www.fkit.unizg.hr,10
dov.hr,10
hkr.hkm.hr,10
os-domovinske-zahvalnosti-kn.skole.hr,10
infousk.com,10
www.ngbuntovnici.hr,10
skolski-sport.hr,10
www.matica-hrvatska-dubrovnik.com,10
regulator.hr,10
mdc.hr,10
www.autobusi.org,10
www.metkovicnet.com,10
www.fluentis.com,10
hr.amtelefon.com,10
recipeci.com,10
nk-ivancica.hr,10
www.zetraproject.com,10
tzg-sisak.hr,10
www.mojaljepota.com,10
repozitorij.unizd.hr,10
www.pet-point.net,10
bizmag.ba,10
lonelygirl15fanclub.com,10
sunce-st.org,10
mojatv.wordpress.com,10
poliklinika-galekovic.hr,10
epc.hr,10
osang-kc.hr,10
www.vzgb.hr,10
ronilacka-oprema.com,10
rijekaljubavi.hr,10
smz.hr,10
www.brdovec.hr,10
proni.hr,10
muzej-djurdjevac.hr,10
reiki-dojo.net,10
www.invise-savjetovanje.hr,10
fpzg.unizg.hr,10
www.istrain.hr,10
keindl-sport.hr,10
www.zsa.hr,10
alacartetravel.hr,10
pogledaj.to,10
osvnazor-pisarovina.hr,10
sarajevskimedzlis.ba,10
www.recepti.covermagazin.com,10
proracun.pazin.hr,10
tzo-bilje.hr,10
www.knjiznica-jb-razanac.hr,10
zupakomin.com,10
uosk.hr,10
fan-fanthaimassage.be,10
tzzps.hr,10
www.zupa-kajzerica.com,10
www.ppd.hr,10
www.cerebellumcentar.com,10
milosrdniisus.wordpress.com,10
hdu.hr,10
autostart.24sata.hr,10
hvm.mdc.hr,10
skolskenovine.hr,10
jysk.hr,10
www.msonetoone.hr,10
www.dvludina.hr,10
lobor.hr,10
soundguardian.com,10
www.izvori.com,10
vigilare.org,10
www.hasicani.com,9
microbit.org,9
djos.hr,9
submania.hr,9
www.udruga-upravitelj.hr,9
www.obnovauduhu.com,9
sportske.ba,9
stopprop70.org,9
www.visa.com.hr,9
www.kucniljubimcitv.com,9
laraigneeauplafond.be,9
nautica-portal.com,9
zenski.ba,9
www.os-precko-zg.skole.hr,9
www.lektire.eu,9
rk-smz.hr,9
kristov-stol.hr,9
hr.safetydetectives.com,9
tip.ba,9
ravlic.com,9
ambrosiastreet.com,9
www.domuscroata.com,9
www.simbex.hr,9
www.dps-hr.com,9
ucilica.skole.hr,9
os-dcesaric-pozega.skole.hr,9
kreativno.hr,9
regards-sociologiques.com,9
www.djecji-rodendani.com,9
likestory.info,9
www.pozeska-kronika.hr,9
www.tinchy.de,9
www.tzbelisce.net,9
blogosfera.rs,9
www.kaercher.com,9
www.opcina-tovarnik.hr,9
www.kanal-ri.hr,9
www.kanfanar.hr,9
www.zosradio.ba,9
udrugafranak.hr,9
udrugakorakdalje.hr,9
nlpcentar.hr,9
me.ekapija.com,9
indirektno.com,9
metroshop.hr,9
www.zarez.hr,9
sunja.hr,9
katolicke-skole.hbk.hr,9
ljubavniromani.info,9
crvena.org,9
nutricionizam.com,9
www.hkdm.hr,9
www.obz.hr,9
stil.kurir.rs,9
www.hr.weber,9
sptv.hr,9
www.hps.hr,9
djecji-vrtic-opatija.hr,9
www.kudlipalipovljani.hr,9
www.lag-gorskikotar.hr,9
preuzmite-besplatno-eknjige-pdf.com,9
sr.minghui.org,9
www.ss-dugo-selo.skole.hr,9
www.oss.unist.hr,9
www.jurajdalmatinac.com,9
www.osrh.hr,9
www.kvorum.net,9
hannainst.hr,9
www.ofmconv.hr,9
grebza.novine.hr,9
www.ss-ilok.skole.hr,9
okobz.hr,9
kreator.tv,9
www.nppr.hr,9
www.vio.hr,9
zupa-mertojak.info,9
brankicastanic.com,9
subotica.rs,9
www.kset.org,9
s-pas.hr,9
brezovica.karmel.hr,9
djecji-vrtici-sb.hr,9
www.hobibonsai.com,9
sru-klen-slatina.hr,9
www.kurir.rs,9
brotnjo-istina.co.ba,9
www.holistic-ayu.eu,9
www.kutjevo.hr,9
www.marijanamlikotic.com,9
www.nkbelisce.hr,9
znanje.hr,9
hr.pasapic.com,9
kerigma-pia.hr,9
www.nk-rijeka.hr,9
trebinjelive.info,9
www.istramet.hr,9
www.elevit.com.hr,9
www.elektroenergetika.info,9
www.majstoralata.hr,9
www.ekvarner.info,9
mns.hr,9
trema.hr,9
www.orioli.hr,9
www.jaukuhinji.com,9
dux-nekretnine.hr,9
deblokada.com,9
arhiva.krizevci.hr,9
www.isusovci.hr,9
consumer.huawei.com,9
skolica-prehrane.rijeka.hr,9
news.vibrionics.org,9
www.irh.hr,9
transforminghopeministries.org,9
www.tihanafulir.com,9
duhovnaakademija.blogspot.com,9
www.hfds.hr,9
dvd-gornji-desinec.hr,9
www.posaouturizmu.hr,9
miropar.com,9
tropik.ba,9
dvanaestinovinar.com,9
znajznanje.org,9
www.tfmvi.hr,9
www.eca.europa.eu,9
www.jadransko-more.com,9
body.ba,9
brotnjo-sport.info,9
www.mali-bukovec.hr,9
gimnazija-ppreradovica-vt.skole.hr,9
os-ddomjanic-zelina.skole.hr,9
www.os-banija-ka.skole.hr,9
www.maglocistac.rs,9
www.korona-provjereno.com,9
myoffdays.com,9
dv-potjeh.hr,9
hr.campusintifada.com,9
hr.unichem.si,9
mints.gov.hr,9
putovanja.nomago.hr,9
www.mefst.unist.hr,9
frezija.com,9
razvojne.org,9
vatropromet.hr,9
hkm-basel.ch,9
analoguetheatre.co.uk,9
eknjizara.hr,9
www.medjimurskilovci.hr,9
tvistra.hr,9
damir-vrdoljak-mandeta.com.hr,9
komunalno.hr,9
portal.slobodnahrvatska.hr,9
www.zabok.hr,9
www.dv-lojtrica.hr,9
poriluk.com,9
os-ljbabic-jastrebarsko.skole.hr,9
os-manus-st.skole.hr,9
www.znacenjeimena.com,9
blog.vokabula.com,9
valpovo.hr,9
uznr.mrms.hr,9
www.supradyn.hr,9
hr.mystyleevent.com,9
umag.hr,9
atrakcija.net,9
www.katehetski-nadbiskupija-split.net,9
historia-europa.ep.eu,9
www.desetonebo.me,9
www.studentski.hr,9
g.zarez.info,9
futureoption.net,9
www.kino-zona.com,9
os-velika-mlaka.skole.hr,9
www.tonimilun.hr,9
www.opcina-orle.hr,9
zoona.hr,9
os-srdoci-ri.skole.hr,9
arhiva.cestica.hr,9
adrenalin.ba,9
www.pravst.unist.hr,9
ruralnirazvoj.hr,9
www.hpb.hr,9
www.simply-selma.com,9
www.audiofil.net,9
visk.hr,9
masaza-gbb.com,9
www.mesni.ca,9
www.ratcat.hr,9
www.acmilan-balkan-fans.com,9
mojblog.hr,9
hrvatsko-kanonisticko-drustvo.hr,9
www.nasabujstina.com,9
www.mojamalakuhinjica.com,9
www.biovitalis.hr,9
www.brckosupervizija.ba,9
www.zupa-vinagora.hr,9
partneri.hr,9
zvornicki.ba,9
www.mojalektira.com,9
pecati.com,9
mozks-zzh.com,9
radiokakanj.co.ba,9
vrtic-petrinjcica.hr,9
pikaiprijatelji.com,9
visitsarajevo.ba,9
kakanjlive.com,9
hr.kckreitphotography.com,9
www.actualidadgadget.com,9
www.nadanasnjidan.net,9
bhpcelar.ba,9
www.cestica.hr,9
www.reyn-hrvatska.net,9
radio-gospic.com,9
antifasisticki-vjesnik.org,9
biologija.com.hr,9
vipscena.com,9
www.akkvarner.hr,9
blog.hendikep.com,9
viroexpo.com.hr,9
fantasticnivodic.com,9
www.rukedoreduhovne.org,9
www.zvono.gimnazijang.hr,9
hr.elementsofstyleatl.com,9
element.hr,9
ffpu.unipu.hr,9
www.ruka.hr,9
www.bosniaks.info,9
mostarski.info,9
www.nagradne.hr,9
bhsavez.org,9
www.biblepage.net,9
www.biblijske-tajne.com,9
radiobk.ba,9
fis.edu.rs,9
farmaceut.org,9
vrticiosijek.hr,9
fenomeni.me,9
www.tvornicazdravehrane.com,9
veteran91.hr,9
www.crometeo.hr,9
www.prglas.com,9
www2.kazup.hr,9
vidilab.vidi.hr,9
www.angellivingonline.com,9
zakonodavstvo.gov.hr,9
femisfera.com,9
www.apartmanija.hr,9
videntis.eu,9
split.forumhr.com,9
www.zupasvmateja.hr,9
www.vizinada.hr,9
itradar.eu,9
www.business.hr,9
vucedol.hr,9
www.bmw.hr,9
www.mobil.hr,9
planetmagazin.net,9
www.abcportal.info,9
zvjezdanestaze.blogger.ba,9
forum.biscani.net,9
www.beautypharmacy.eu,9
www.najboljeuhrvatskoj.info,9
listazarijeku.com,9
mojcazin.ba,9
malimuzickiatelje.com,9
energis.ba,9
www.befitbymarina.com,9
www.cakom.hr,9
www.bika.net,9
pametnaregija.hr,9
www.minimagazin.info,9
www.mojkvart.hr,9
rafinerijaideja.com,9
zacinjenosljubavlju.com,9
www.bankar.me,9
zdravstveno-uciliste.eu,9
m.adriatic.hr,9
hr.telusuri.info,9
www.udrugasvjeronim.hr,9
www.whisperofnature.eu,9
titlovi.com,9
m.123ru.net,9
www.face.ba,9
hok-cba.hr,9
www.novazemlja.com,9
repozitorij.muo.hr,9
www.europedirect-vpz.eu,9
www.goopti.com,9
narancablog.com,9
www.ief.hr,9
old.javno-zdravlje.eu,9
susak.rivrtici.hr,9
www.paragraf.me,9
dfsarajevo.ba,9
gradnjakuce.com,9
dubrovacko-neretvanska.hns.hr,9
ljekarnanatura.hr,9
mail.drame.hr,9
radio-busovaca.com,9
m.vatican.va,9
www.catbih.ba,9
www.persil.com.hr,9
soccer.powerplaymanager.com,9
www.framost.com,9
www.udrugaterra.hr,9
www.imamnovac.com,9
soc.ba,9
ctr.hr,9
www.os-ibmazuranic-ogulin.skole.hr,9
hr.spiceend.com,9
www.slo-cro-klub.hr,9
tehton.covermagazin.com,9
gobih.ba,9
www.websiteplanet.com,9
pulapola.eu,9
www.kras.hr,9
www.female.hr,9
potraga.hr,9
autogaraza.hr,9
toplocalplaces.com,9
zupa-primosten.info,9
banjaluka-24.com,9
www.gerila.info,9
hrv.offwhiteblog.com,9
www.singa-h.hr,9
www.adorio.hr,9
www.mozemo.hr,9
www.central-istria.com,9
kutinanews.wordpress.com,9
www.prolife.hr,9
www.agm.hr,9
filipjakov-vu.com,9
www.mostar.ba,9
expresstabloid.ba,9
mara-makarska.hr,9
www.radiozupanja.hr,9
www.unios.hr,9
filmnatv.com,9
afa-alge.weebly.com,9
www.zarada.ba,9
centar-velikezvijeri.eu,9
sova.hr,9
zzjz-ck.hr,9
arhiva.vzz.hr,9
www.fx-files.com,9
www.ks.hr,9
www.pbz.hr,9
kreativna.org,9
www.gimnazija-karlovac.hr,9
inicijativa.biz,9
www.krsna-katha.com,9
klikeraj.hr,9
prijedor24.com,9
ba.rickylefilm.com,9
hr.powerball-lotteries.com,9
www.os-jsurana-visnjan.skole.hr,9
sanjaricasanjati.com,9
dominikanke.org,9
www.freezastoikako.com,9
www.garden.hr,9
karadara.net,9
www.udruga-portic.hr,9
www.gimnazija-druga-vz.skole.hr,9
www.figliedellamisericordia.org,8
www.falkensteiner.com,8
cvjecarnica.eu,8
druga.hr,8
www.faktorzdravlje.com,8
izvori.com,8
opetgladni.com,8
www.kolan.hr,8
blog.hsmuzej.hr,8
eksplozija.com,8
www.opcina-ivankovo.hr,8
maslacak-zapresic.hr,8
aksiget.hr,8
elenasimic.net,8
miruhbosne.com,8
huos.hr,8
drum.hr,8
osmssa.edu.ba,8
www.njuskalo.hr,8
oslobodjenje-zivotinja.com,8
casopisivgmm.hr,8
www.tz-grada-ogulina.hr,8
opcinamilna.hr,8
www.mamatataja.hr,8
www.kontra.hr,8
ekspresno.org,8
osho-yu.me,8
www.prisjetimo.covermagazin.com,8
menhedz.com,8
www.frontslobode.ba,8
dph-stuttgart.de,8
neslanovac.stps-promet.hr,8
www.md-tm.ba,8
www.opcina-kiseljak.org,8
paleohedonizam.net,8
mojaknjizara.hr,8
igre.hr,8
www.donat.mg,8
www.omizio.com,8
bosnaonline.org,8
www.estudent.hr,8
borak.info,8
imotskenovine.hr,8
www.klimakoncept.hr,8
izradi.croatianmakers.hr,8
www.croring.com,8
www.cendo.hr,8
www.castrol.com,8
budislobodan.com,8
www.koronavirus.hr,8
www.focus-conference.eu,8
www.prilisce.hr,8
www.zgprsten.hr,8
istina.hr,8
www.m.kzz.hr,8
www.hdlskl.hr,8
marocjournal.net,8
www.paketko.com,8
mraclin.hr,8
www.mikrobit.hr,8
www.debug.hr,8
www.opcina-kriz.hr,8
citizengo.org,8
ccic.hr,8
www.proverenirecepti.com,8
www.esavjetovanja.cakovec.hr,8
aktivno.hr,8
www.cali-ljekarna.com,8
www.m1-beauty.hr,8
klikfilm.org,8
www.cure.ba,8
www.zsu-pazin.hr,8
www.erotskeprice.info,8
opatija.hr,8
blog.vino.hr,8
paperboatboutique.com,8
www.nn.hr,8
www.ptice.net,8
www.glamira.hr,8
anketa.nk-rijeka.hr,8
blog.borea.hr,8
info.hazu.hr,8
www.hatkmladost.hr,8
cliffdiving.redbull.com,8
os-dubovac-ka.skole.hr,8
palijativa.com,8
hvidra-zagreb.hr,8
www.mev.hr,8
old-nastava.foi.hr,8
www.lokrum.hr,8
www.yammat.fm,8
braniteljski.hr,8
dobi.hr,8
jezikoslovac.com,8
www.ogulinusrcu.com,8
www.biznisinfo.ba,8
www.novinar.de,8
www.utm.hr,8
www.crikva.hr,8
aloavera-centar.com,8
aloevera-center.net,8
www.palotinci.hr,8
brezaigk.com,8
centar-dmo-vg.hr,8
www.hdkn.hr,8
www.hck.hr,8
bitinfo.ba,8
www.hck-koprivnica.hr,8
www.pravonagrad.ba,8
www.eufin.hr,8
djeca.hr,8
www.frontal.ba,8
monfortanci.com,8
www.os-turnic-ri.skole.hr,8
www.zvonainari.hr,8
www.lexus.hr,8
ivojosipovic.com,8
inkubatorivpz.hr,8
www.anton-paar.com,8
iportal.hr.cloud.hr,8
www.mlinarska.hr,8
www.pozeska-bolnica.hr,8
nasciturus.com,8
www.ljekarnesvaljek.com,8
djecja-psihijatrija.hr,8
www.igre123.net,8
angels.com.hr,8
www.ravnopravno-roditeljstvo.com,8
www.aztn.hr,8
oblizeki.com,8
www.bebrina.hr,8
klarise-zg.hr,8
www.hrvatskipravasi.hr,8
os-silijasevic-oriovac.skole.hr,8
www.zbognas.org,8
www.istrasport.eu,8
www.lagurtrimora.hr,8
fdua.edu.rs,8
www.biganimal.net,8
antena-radio.ba,8
bodulija.net,8
pepic.co,8
www.infoavlija.info,8
e-medikus.com,8
www.bepanthen.hr,8
www.ictzupanija.hr,8
www.dharmayogazagreb.com,8
www.hic.hr,8
www.kws.com,8
www.os-kamenica.com,8
www.dhl.com,8
apn.hr,8
www.infomediabalkan.com,8
www.motovun.hr,8
deutsche-gemeinschaft.eu,8
dvd-dragonozec.hr,8
lawandmore.pro,8
www.e-zdravlje.ba,8
www.detox.mg,8
www.hgss.hr,8
dyaco.com.hr,8
www.okrug.hr,8
djecji-vrtic.opcina-kaptol.com,8
aikido-musubi.hr,8
www.imenik.hr,8
www.life.ba,8
petir.eu,8
ds-kraljice-svijeta.hr,8
www.monfortanci.com,8
bs.minghui.org,8
hrvatska.lu,8
www.dvor.hr,8
hrv89.hr,8
www.os-orehovica.hr,8
www.oryx-asistencija.hr,8
www.bazaclanaka.com,8
www.urbanmagazin.ba,8
www.libresse.hr,8
iscmentoring.eu,8
www.astrobobo.net,8
www.vecerasudijaspori.com,8
pgdi.hr,8
el4.hr,8
bitcointalk.org,8
www.philips.hr,8
www.wikiwand.com,8
www.petrijevci.hr,8
www.vernon.hr,8
akos.ba,8
drustvosportasaveterana.hr,8
www.varazdinska-zupanija.hr,8
blog.cammeo.hr,8
coolklub.com,8
www.isover.hr,8
napredak.hr,8
mijelom.hr,8
crobitcoin.com,8
ingalalic.com,8
www.nada-rugby.hr,8
bruketa-zinic.com,8
croatia-tourism.com,8
licko-senjska.hr,8
petra.com.hr,8
mg-zzh.com,8
www.istrage.hr,8
www.novosti.rs,8
www.os-asenoa-os.skole.hr,8
www.os-zlatar-bistrica.skole.hr,8
www.istinito.com,8
www.dreznica.net,8
navjestenje.hr,8
diahelp.net,8
www.isusovci-opatija.hr,8
petica.hr,8
www.hkis.hr,8
dznap.hr,8
os-srerdody-gornjarijeka.skole.hr,8
knjiznica-drenovci.hr,8
blogopod.com,8
www.lighting.philips.hr,8
www.nabava.net,8
www.naucat.com,8
www.opcina-vludina.hr,8
www.zeleni-hit.hr,8
www.salezijanskamladez.com,8
repozitorij.efos.hr,8
forum.cdm.me,8
www.uhrt.hr,8
mail.vukovar.hr,8
zupadjurdjevac.com,8
geoskola.hr,8
vixa.com.hr,8
vjeko-rwanda.info,8
gimg-sisak.hr,8
www.toyota.hr,8
hr.bonuscleaningproducts.com,8
rajnabanovac.com,8
www.terrashop.hr,8
www.sibenik-tourism.hr,8
zagrebdublin.com,8
tribunj.hr,8
zagrebdanas.hr,8
kuchina.blogspot.com,8
tzo-blato.hr,8
safu.hr,8
vescell.com,8
hr.plain-writing-association.org,8
showbiz.com.hr,8
znanstvenipiknik.weebly.com,8
selekcija.hr,8
hr.beautysalonequipmenttips.info,8
radiosirokibrijeg.com,8
www.skyscrapercity.com,8
raport.ba,8
fsno.org,8
vidik.hr,8
putnikofer.hr,8
www.sacinandanaswami.com,8
hr.desktoplinuxathome.com,8
view.genial.ly,8
funkymem.com,8
hr.wellatschool.org,8
poliklinika-mazalin.hr,8
ucenici.com,8
gloria.tv,8
www.seksprice.com,8
www.tenantsvic.org.au,8
radoslav.org,8
www.sicomtesting.com,8
transparency.hr,8
raditi.narkive.hr,8
hr.bld-net.com,8
tragus.hr,8
hr.kaeser.com,8
sfrj4ever.forumieren.de,8
zagorska.tv,8
www.skoda.hr,8
www.tennis.hr,8
showbuzz.dnevnik.hr,8
radio-lucky.com,8
www.trznicaos.hr,8
www.svijet-kamiona.com,8
skkciglenica.hr,8
zpk.hr,8
salesforce.hsm360.com,8
ffs.unizd.hr,8
kompy.info,8
zlovolic.com,8
hor.zdorovguru.ru,8
sandzakpress.net,8
sluh.hr,8
mamika.com.hr,8
sharemontenegro.me,8
split-prijatelj-djece.hr,8
aromaeasy.com,8
mamajasamgladan.com,8
knjiznica-pakrac.hr,8
smind.hr,8
shop.annikababy.com,8
slavonikanews.hr,8
ss-ekonomsko-birotehnicka-sb.skole.hr,8
smotra.unios.hr,8
zsudm.hr,8
hr.neo-innovation.com,8
shop.virag-roses.hr,8
www.meridijani.com,8
www.srpskatoday.info,8
www.sumari.hr,8
split-techcity.com,8
logoped.hr,8
yep.ba,8
maminosunce.hr,8
www.stanislavpreprek.org,8
katehetski-si.com.hr,8
bijelo-plavi.com,8
sportpluswin.ba,8
www.rendl.hr,8
sibenik.webmediaweb.com.hr,8
sandzacke.rs,8
split.ssfcr.org,8
sportmixta.hr,8
zog.hr,8
sduosz.gov.hr,8
afarm.ba,8
ljubavseohladila.com,8
www.alda-europe.eu,8
www.riba-nekretnine.hr,8
ark-mihelic.hr,8
biljanashabby.blogspot.com,8
znaci.net,8
prolozac.hr,8
sitnicarija.hr,8
herbafarm.ba,8
split.webmediaweb.com.hr,8
viborc.com,8
quran.ksu.edu.sa,8
kalionline.net,8
www.tzosijek.hr,8
vub.hr,8
www.smiljanmori.com,8
banke.com.hr,8
vrtic-vg.hr,8
bartoc-skosmos.unibas.ch,8
www.slideserve.com,8
krkdanas.hr,8
tarot-horoskop.com,8
krizevci.hr,8
repozitorij.unizg.hr,8
psiholoskoproljece.org,8
play.rtl.hr,8
ppg.hr,8
www.slunj.hr,8
repozitorij.vuka.hr,8
szdssh.hr,8
sysportal.carnet.hr,8
www.udrugapuz.hr,8
svjosip-zenica.com,8
biblehub.com,8
zvjezdarnica.hr,8
www.sophia.hr,8
kakanjinfo.com,8
rtvtk.ba,8
superradio-minhen.de,8
vukovar.webmediaweb.com.hr,8
www.udruga-stanara.hr,8
lijecenje-kuranom.com,8
os-vnazor-pribislavec.skole.hr,8
www.sandoz.hr,8
www.yacht-rent.hr,8
duhovnamisao.com,8
www.kastela.com,8
os-vukomerec-zg.skole.hr,8
pastoralmladih.hr,8
www.zupa-sv-ana-krizevci.hr,8
os-asenoe-zg.skole.hr,8
www.zemljani.com,8
www.glas.hr,8
www.nestle.hr,8
www.solin-live.com,8
www.fizioterapeut.hr,8
hr.games-for-smart.com,8
lovac.info,8
svetvincenat.hr,8
pozeska-kronika.hr,8
radiolivno.ba,8
vsz.hr,8
www.sn.pgz.hr,8
ljekarnik.hr,8
arhiva.www.unipu.hr,8
www.tehnickaskola.net,8
zes-split.hr,8
svetigora.com,8
runningdida.blogspot.com,8
gsslavonskibrod.com,8
pkjug.hr,8
hps-dart.hr,8
ss-elektrotehnicka-zg.skole.hr,8
thaimer.net,8
www.slatkopedija.hr,8
recepttura.com,8
fotografijezagreba.photoshelter.com,8
pointenovinessmb.com,8
zasu.biz,8
ludomore.com,8
kblj.hr,8
www.tochka.hr,8
visitkanfanar.hr,8
hr.vashikaranladyastrologer.com,8
gdck-novi-marof.hr,8
hr.clccomputers.com,8
gdkb.hr,8
hr.uzvisit.com,8
udruga3l.wordpress.com,8
ljekarna-fett.hr,8
vijesti.opcina-svfilipjakov.hr,8
kalendar.dubrovnik.hr,8
sszssh.hr,8
ravnopravnost.gov.hr,8
makora.hr,8
rozp.hr,8
www.sdp-vinkovci.org,8
predsjednik.gov.me,8
zadarska.sdp.hr,8
ss-zdravstvena-st.skole.hr,8
romanolil.net,8
www.srd-je-grad.hr,8
aeromodelarstvo.net,8
abecedaroditeljstva.com,8
malivrtuljak.hr,8
ss-ikrsnjavoga-nasice.skole.hr,8
360hr.news,8
pivnica.net,8
assiscentreacollida.org,8
wombblessing.com,8
www.trthaber.com,8
stepfordska-supruga.blogspot.com,8
www.szp.hr,8
zenskasoba.hr,8
sunset-centar.com,8
studiod.ba,8
webdizajn-ili.net,8
maglaj.ba,8
zupa-markusevec.net,8
biblija.biblija-govori.hr,8
suncanaglavak.eu,8
lopermedia.com,8
oxidian.hr,7
istragram.hr,7
overseas.hr,7
hr.coupons-promo-code.com,7
www.maz.hr,7
www.mobilnost.hr,7
vrbovec.hr,7
anitavadas.com,7
www.bebivita.hr,7
euro-unit.hr,7
volimosmz.hr,7
pametni-gradovi.eu,7
www.medeigracke.hr,7
www.c-and-a.com,7
www.psychocouture.com,7
kalapresence.hr,7
eurokonzalting.com,7
korijeni.hr,7
coolrecepti.blogspot.com,7
www.cantus.hr,7
poliklinika-eljuga.hr,7
maveda.hr,7
www.mojbiz.com,7
vinskaprica.com,7
radioposusje.ba,7
putemljubavi.blogspot.com,7
kunjesic.com,7
vladimir-cavrak.from.hr,7
zagrebacki.info,7
zagrebackitaekwondosavez.hr,7
emulador.online,7
www.zupa-rogoznica.hr,7
zagoricani.com,7
www.bilten.org,7
p-portal.net,7
visitsplit.com,7
europeos.es,7
compactmagic.blog385.com,7
muzej-marindrzic.eu,7
www.closeup-filmfestival.eu,7
hrvatski-sahovski-savez.hr,7
liderice.eu,7
refikhrvic.net,7
workout.ba,7
cks-romberg.hr,7
kora.hr,7
www.misije.hr,7
euipo.europa.eu,7
ekonomska-skola-bjelovar.biz.hr,7
wmw.com.hr,7
vrt.com.hr,7
julijana-matanovic.com,7
visitnorthcroatia.com,7
osobnefinancije.net,7
bhc-zagreb.com,7
www.nasadi.hr,7
biconsult.hr,7
visitpodstrana.hr,7
modernavjencanja.com,7
codeforcroatia.org,7
hr.consumersforinternetcompetition.com,7
www.promina.hr,7
pjr.hr,7
www.lexmark.com,7
radiomarija.hr,7
www.bhbasket.ba,7
ckz-prihvatiliste.com,7
hrevija.lzmk.hr,7
ekskluziva.ba,7
www.cropc.net,7
finjak.net,7
www.trinom.hr,7
vzvz.hr,7
webhosting-wmd.hr,7
www.rva.hr,7
www.mamaklik.com,7
www.banovici.net,7
www.maminkutak.com,7
osjecka.stvarnost.hr,7
www.mentalnitrening.hr,7
vinkovackejeseni.hr,7
zupablagajbuna.ba,7
compro.miu.edu,7
hr.geofumadas.com,7
muzej-policije.gov.hr,7
cinestartvchannels.hr,7
hr.global-discount-codes.com,7
www.biofarm.hr,7
www.cro-portal.com,7
www.thetaway.com,7
www.bauhaus.hr,7
apuri.hr,7
petarnedic.blogspot.com,7
putovanjasdjecom.com,7
www.najzdravlje.com,7
www.radiotivat.com,7
www.bistrac.hr,7
www.imin.hr,7
udpnhbdr.hr,7
onlinecasino-mag.com,7
nk-rudes.hr,7
hr.signumprousa.net,7
adriadaily.com,7
www.9a2gb.net,7
makronova.com,7
www.banaby.hr,7
www.ctk-rijeka.hr,7
putovati.narkive.hr,7
www.vodnjan.hr,7
plavakamenica.hr,7
www.mojdoktor.hr,7
marker.hr,7
www.nk-kutjevo.com,7
www.zupa-duha-svetoga-sb.hr,7
vgradu.hr,7
www.croatiacvjecarna.com,7
www.malidom.com,7
repozitorij.dief.eu,7
policija.gov.hr,7
www.rituals.com,7
ak-sloboda.hr,7
www.magic-croatia.hr,7
betaplus.hr,7
filmoton.net,7
www.varteks.com,7
www.crowave.com,7
beta.bibliacatolica.com.br,7
ekobih.com,7
zupa-svetogjurja.hr,7
www.samostan-tomislavgrad.info,7
bipaparfemi.hr,7
www.riopricesaputovanja.com,7
answers.travian.com.hr,7
www.nivogradnja.hr,7
matematika.hr,7
vrtic-ivancice.hr,7
bfm.hr,7
elizabetapetersdorfer.com,7
knjizaranova.hr,7
www.rudinapress.hr,7
life-decor.com,7
www.dapa.hr,7
usvijetubajki.org,7
www.tvbec.at,7
artdental.hr,7
repozitorij.fpz.unizg.hr,7
www.damanhur.org,7
www.agenti.hr,7
hr.wikidark.org,7
fightchannel.hr,7
kalnicki-jaglac.com.hr,7
bikemagazin.info,7
www.dalmacijaski.com,7
hsk.hr,7
repozitorij.gskos.hr,7
usporedi.hr,7
caportal.biz,7
www.darkomacan.com,7
nabreklina-ispraznosti.blogspot.com,7
usmillsllc.com,7
hr.ekobutik.si,7
www.resetari.hr,7
www.metro-cc.hr,7
mladisplit.com,7
kultura-osijek.eu,7
centarzabave.com,7
www.lilihalodecoration.com,7
uhs.hr,7
rada.hr,7
racinovci.com.hr,7
kam-bus.info,7
hrklubds.blogspot.com,7
www.nadja.hr,7
epravo.ba,7
forea-ocd.hr,7
www.agroklub.rs,7
www.czn.hr,7
www.savez-udhos.hr,7
www.bipoklub.hr,7
www.ddiskf.hr,7
aktuelno.ba,7
www.mrsavljenje.com.hr,7
www.datasector.hr,7
eduvizija.hr,7
www.sarajevograd.org,7
flammeum.com,7
www.autopress.hr,7
vrtic-vladimiranazora.zagreb.hr,7
naklada-benedikta.hr,7
makarska-info.hr,7
asergeev.com,7
web.foozos.hr,7
www.vup.hr,7
pikado-dnz.hr,7
www.msd-prirucnici.placebo.hr,7
it-mixer.com,7
upisi.weebly.com,7
www.naturesfinest.hr,7
biorama.net,7
www.multi-gyn.com.hr,7
www.zsu-kc.hr,7
www.ljubavnadjelu.hr,7
os-vkorajca-kaptol.skole.hr,7
ef.sum.ba,7
www.lotos-croatia.com,7
os-vnazora-pazin.skole.hr,7
www.montessori-nazaret.com,7
www.tz-virovitica.hr,7
hr.inspinre.com,7
www.apartmaninfo.hr,7
os-sracinec.skole.hr,7
umn-split.hr,7
liberatelife.hr,7
www.ravnagora.hr,7
zupatrsteniksplit.com,7
www.tele2.hr,7
www.utrka.com,7
galileo.ba,7
os-skolara-hercegovac.skole.hr,7
ecommerce.hr,7
vrticsn.hr,7
hvs.hr,7
uoosbbz.hr,7
kuhinjarecepti.com,7
www.despet-casopis.com,7
ultrazvuk-tarle.hr,7
bibinje.hr,7
www.akzvu.hr,7
repozitorij.velegs-nikolatesla.hr,7
mojazupa.eu,7
knjiznica-ludbreg.hr,7
radost-crikvenica.hr,7
www.blitz-cinestar.hr,7
www.vrlika.hr,7
www.nkp.ba,7
bestofbrac.com,7
www.centarcedar.hr,7
biskupija-porecko-pulska.hr,7
www.mathos.unios.hr,7
blog.breastpillsvote.com,7
pergola-agava.si,7
forum.pcplay.hr,7
kyrios.hr,7
kachels-ottenburgs.be,7
putujmojeftino.com,7
os-secerana.skole.hr,7
cisok.hr,7
gastroenterologija.com,7
gastrogurman.com.hr,7
www.antifasisticki-vjesnik.org,7
reviewed4you.net,7
manje-oruzja-manje-tragedija.hr,7
udruga-faa.hr,7
www.utz.hr,7
hpdrunolist.hr,7
www.domaki.hr,7
www.lfccro.com,7
www.bks.hr,7
www.bisnode.hr,7
ribafish.com,7
blogomdan.wordpress.com,7
fet.unipu.hr,7
hr-forum.org,7
ivicaursic.com,7
www.zov-zagreb.hr,7
www.andrejplenkovic.hr,7
www.tvrtke.hr,7
camping-simuni.hr,7
kupomanija.net,7
www.zzjzosijek.hr,7
cecava.org,7
www.tvornica-znanosti.org,7
www.rekreativa-medical.com,7
fantastikoworld.blogspot.com,7
www.telegrami-brzojavi.eu,7
www.dijabetes.hr,7
dakovacka.stvarnost.hr,7
magazindan.info,7
www.pbzinvest.hr,7
germanistika.unizd.hr,7
www.kroativ.net,7
sapunko.com,7
toprecepteka.info,7
www.dvbratsunce.hr,7
os-kozala-ri.skole.hr,7
sapunice.net,7
zbornik.pravo.hr,7
www.konicaminolta.hr,7
luznica.com,7
bcrcd.hr,7
sapientia.hr,7
www.kronika.hr,7
www.epirh.com,7
samoborci.com,7
www.poezija.online,7
hr.the-nutrition.com,7
rpasd.hr,7
bontech.hr,7
hr.momfoodproject.com,7
luxvitae.hr,7
oruzarnica.com,7
zdravzivot.com.hr,7
tomislavperko.com,7
hr.mobiletechxpress.com,7
www.oktanskisindrom.com,7
dvss.hr,7
mail.opcinabol.hr,7
toninopicula.com,7
hotspots.net.hr,7
mail.tvkastela.com,7
dv-jordanovac.hr,7
centarzaautizam.hr,7
www.hercegovinapromo.com,7
djecjivrtictockica.hr,7
daniellasoneday.com,7
handballeducation.com,7
baksinews.com,7
daswort.hr,7
sindikatzdravstva.hr,7
step.hr,7
www.grandauto.hr,7
kastila.com,7
www.hfiloloskod.hr,7
nomad.ba,7
www.k-tim.hr,7
hr.rockyridgeranchnh.com,7
hgsszd.hr,7
www.vfa.hr,7
www.outwardboundcroatia.com,7
brojevi.hr,7
www.optometrija.net,7
zir.nsk.hr,7
www.hkm-essen.com,7
alr.ba,7
www.srbijadanas.com,7
hajduckiportal.hr,7
brodsko-posavska.eu,7
www.historia-europa.ep.eu,7
karlovacka-policija.gov.hr,7
karlovac.webmediaweb.com.hr,7
www.jaskadanas.hr,7
premamaduo.hr,7
djakovo.sdp.hr,7
www.jastrebarsko.hr,7
lijekipriroda.com,7
www.zdravi-grad-porec.hr,7
glasbanjaluke.net,7
www.pou-knin.hr,7
beckaskola.com,7
uciliste-labin.hr,7
postpress.com.hr,7
scamshops.net,7
apotelesma-astrologija.hr,7
www.lepeza-vz.eu,7
www.velux.ba,7
media.ba,7
www.leonardarizvic.com,7
www.velikakopanica.hr,7
neuro-hr.org,7
www.drnis.hr,7
www.swiss-cro.hr,7
www.europski-fondovi.eu,7
tockanai.net,7
rosemari.hr,7
poptheo.ba,7
organizatorvjencanja.hr,7
ritamkulturizma.com,7
www.lepoglavasport.com,7
www.fashionintheair.com,7
www.slavonijapapir.hr,7
www.fazana.hr,7
tjedanmobilnosti.zagreb.hr,7
adisatufo.ba,7
www.eduza.hr,7
dsi.hkzr.hr,7
tzpdravskipeski.hr,7
bura.hr,7
savacommission.org,7
hr.ultimateluxuryvillarentals.com,7
www.leo.hr,7
www.suban.hr,7
os-mdrzica-du.skole.hr,7
medikus.hr,7
www.posao-inozemstvo.com,7
portalnovosti.com,7
www.simet.unizg.hr,7
www.ekapija.com,7
ginekologija.me,7
www.portauthority.hr,7
zdravevijesti.hr,7
os-fkoncelak-drnje.skole.hr,7
trilj.hr,7
os-ekvaternika-velikagorica.skole.hr,7
dv-svetog-vinka.hr,7
2tm.si,7
neladunato.com.hr,7
www.edunova.hr,7
saff.ba,7
laburisti.com,7
horvathwolf.eu,7
lifewithcookie.com,7
satro.info,7
www.velaluka.hr,7
alextvonline.at.ua,7
katolici.info,7
hr.theunshut.com,7
rtvslobomir.com,7
business-magazine.ba,7
os-kastanjer-pu.skole.hr,7
mediastudies.fpzg.hr,7
crvenikrizdubrovnik.hr,7
croproservice.com,7
treat-simply.com,7
hr.theworldmarch.org,7
www.kud-jablanovec.hr,7
www.has.hr,7
jajce-online.com,7
stotinka.hr,7
ngbuntovnici.com,7
www.knjiznicari.hr,7
www.opcina-garcin.hr,7
hkud-stolac.com,7
www.pilar.hr,7
hku.hkz-salzburg.net,7
seminar.hr,7
tb-rescue.com,7
nku.hbk.hr,7
goop.tl,7
serdarusic.com,7
svjesnost.blogspot.com,7
svjecarstvo-itel.hr,7
zph.hr,7
czss-trogir.hr,7
opcinatrpinja.hr,7
www.koala.hr,7
www.pkscout.hr,7
boris.traljic.com,7
zucapljina.blogspot.com,7
teovizija.hr,7
dreamwithus.hr,7
hladnaistina.com,7
sda-novigrad.ba,7
tangosix.rs,7
www.gradri.uniri.hr,7
opcina.svetimartin.hr,7
zemljani.com,7
arhiva.vesti-online.com,7
svjetlo.com,7
opcina-erdut.hr,7
www.gdprnovosti.com,7
suza-dolinska.com,7
www.gong.hr,7
www.gdck-klanjec.hr,7
www.gimnazija-varazdin.skole.hr,7
grad-metkovic.hr,7
svijetkulture.com,7
www.smz.hr,7
aromaterapijaviola.com,7
www.kladionica.biz,7
zosradio.ba,7
dom-ucenicki-pu.skole.hr,7
karate-klub-alfa.hr,7
leladesign.hr,7
progressive.com.hr,7
nk-varteks.com,7
www.subiblioteka.rs,7
www.hdz-split.com,7
www.gkl-rijeka.hr,7
ljetokulture.osijek.hr,7
hr.nicolabombassei.com,7
hr.sciy.org,7
sindikatpolicije.hr,7
znk.hr,7
lar-mindfulness.hr,7
www.gozz.hr,7
www.kamonaizlet.hr,7
m.hr.biologix-worldwide.com,7
www.soulsaver.hr,7
zo.hdzkc.com,7
docs.google.com,7
mancave.hr,7
www.kardio.hr,7
superzebra.hr,7
mail.atletskiklubagram.hr,7
www.sony.ba,7
www.gdckbnm.hr,7
dobrojutrodjevojke.com,7
klimaienergija.blog,7
prime.ba,7
www.hztk.hr,7
slowlicious.style,7
www.zagreb-touristinfo.hr,7
hr.pfwhc.com,7
ba.titan-gel-official.site,7
hdz-grude.org,7
www.info.ba,7
www.hls.hr,7
www.os-dtadijanovica-zg.skole.hr,7
hr.pokerpro.cc,7
www.imotskionline.hr,7
sport.blic.rs,7
dicmo.hr,7
ntvarena.com,7
www.hzags.hr,7
www.hvar.hr,7
nsfbih.ba,7
zlihologija.com,7
hdgo.hr,7
splitskifestival.hr,7
javnanabava.hr,7
zirafa.hr,7
hanksome.hr,7
zmr.hr,7
www.orahovica.hr,7
sites.google.com,7
www.helpsmartphone.com,7
www.justcakegirl.com,7
stin.hr,7
nijemci.hr,7
www.opcinakonavle.hr,7
www.hpdbilogora.hr,7
www.huuz.hr,7
obaranje-ruke.hr,7
hkm-mittelbaden.de,7
sing.hr,7
www.gradska-knjiznica-cazma.hr,7
www.federalna.ba,7
www.klubtrudnica-split.hr,7
www.klubputnika.org,7
tabor.hr,7
gorskenovosti.net,7
www.os-ppreradovica-zg.skole.hr,7
www.fsriz.com,7
opcina-sveti-ilija.hr,7
4h-mediji.hr,7
domzastarije-knin.hr,7
www.srp.hr,7
nijefrka.hr,7
zivotnimagazin.com,7
kpc.hr,7
help.xs-software.com,7
www.startup-udruga.hr,7
www.osang-kc.hr,7
www.istocnabosna.com,7
srcemzamodricu.org,7
hr.pan-yteplyai.com,7
www.islamska-zajednica.si,7
www.os-veliki-bukovec.skole.hr,7
opcina-martijanec.hr,7
www.hr-nekretnine.hr,7
preventsplit.com,7
www.os-sivicevica-ma.skole.hr,7
lcsi.lg.ua,7
www.os-pzoranic-jasenice.skole.hr,7
www.dif-kopivanec.hr,6
kuzinaspogledom.com,6
os-stjepanaradica-bibinje.hr,6
www.dinamikom.eu,6
www.blackbell.com,6
www.zrinski-triatlon.hr,6
www.dizajnetc.com,6
vukovarsko-srijemska-policija.gov.hr,6
www.dizajnidom.info,6
www.djecje-kazaliste.hr,6
www.sava-hotels-resorts.com,6
zastita-prirode.hr,6
zastita-prirode-smz.hr,6
jsatelier.hr,6
adra.hr,6
www.crodnevnik.de,6
hr.womanuntamed.com,6
www.cropscience.bayer.hr,6
www.bloggers.media,6
pd-promina.hr,6
www.cronuts.com,6
urbanovo.hr,6
galbani.hr,6
galacticchannelings.com,6
vevu.hr,6
hsscks.hr,6
www.culinary-postcards.com,6
frane-franic.hr,6
hzd.hr,6
poliklinikavivaderm.hr,6
usaidami.org,6
edukacija.info,6
www.davor-skrlec.eu,6
www.savez-spuh.hr,6
fzoeu.hr,6
www.deejay.hr,6
www.denisrajcic.com,6
www.dentalcentarmarusic.hr,6
www.dermacare.hr,6
poliklinika.org,6
unzas.hr,6
vesti24s.com,6
www.detas.hr,6
www.samsung.com,6
djakovo1.djos.hr,6
blog.uniqa.hr,6
stazist.blogspot.com,6
www.agroeko.net,6
www.vgu.hr,6
www.splitfilmfestival.hr,6
www.splitgraphic.hr,6
djecji-vrtic-drnis.hr,6
www.agrokor.hr,6
www.hapih.hr,6
www.hillspet.com.hr,6
mff-karlovac.com,6
www.oskar.hr,6
www.vidaxl.hr,6
fice.hr,6
kresevo.ba,6
www.srednja-strukovna-skola.com,6
www.hkmb.hr,6
www.zdk.ba,6
ma-magare.com,6
www.prokrug.ba,6
pilenaopako.picigin.net,6
stav.ba,6
www.autori.hr,6
os-zturkovica-kutjevo.skole.hr,6
ezene.eu,6
zaposlise.hzz.hr,6
eios.hr,6
frigosan.hr,6
eginekolog.ba,6
www.czssvalpovo.hr,6
os-vojnic.skole.hr,6
vucibatina.com,6
www.sasofair.com,6
blog.wor-con.com,6
uzdol.com,6
poliklinika-kvaternik.hr,6
uvijek-vjerni.hr,6
poliklinika-lokrum.hr,6
www.ets.hr,6
bonsai-freak.almahor.biz,6
pisalica.com,6
obrtnici-rijeka.hr,6
www.heklanje.net,6
petrokemija.hr,6
osssk.edu.ba,6
mail.slunj.hr,6
www.cibalia.info,6
mail.soundguardian.com,6
dv-cipelica.hr,6
adeopos.hr,6
www.efos.unios.hr,6
os-gjuro-ester-koprivnica.skole.hr,6
www.popovaca.hr,6
zdravlje.avaz.ba,6
dv-bambi-sunja.hr,6
www.ekorasvjeta.net,6
bol.hr,6
www.ekupi.ba,6
www.electroluxprofessional.com,6
uhov.hr,6
uki.hr,6
www.eurokarbon.hr,6
hr.ymedic.com,6
ksc-travnik.net,6
www.bosnjaci.hr,6
www.pzkm.org,6
vrtic-trogir.hr,6
www.edukacija.hr,6
www.edukacentar.hr,6
oskajzerica.hr,6
www.usud.hr,6
www.otsog.hr,6
poslovnisvijet.ba,6
tomislavpancirov.com,6
www.estetskakirurgija.hr,6
dt.com.hr,6
www.skolica.net,6
www.emmezeta.hr,6
duikveilig.be,6
mail.radiosirokibrijeg.com,6
www.veleknin.hr,6
zdrava-ljekarna.com,6
tt-coaching.com,6
os-ilaca-banovci.skole.hr,6
trznica-sisak.hr,6
gimnazija-cres.hr,6
www.biogradnamoru.hr,6
kakanj.gov.ba,6
www.biocoshop.eu,6
www.roche.hr,6
www.booksa.hr,6
malakuharica.com,6
lindstromgroup.com,6
visitbih.ba,6
www.prs.hr,6
www.caritassisak.hr,6
www.psihoportal.com,6
zagrebacki-solisti.com,6
vladogotovac.org,6
vladazzh.com,6
podrzi.me,6
adriatic.dja.ba,6
akmartindugoselo.hr,6
vrlika.hr,6
vrtic-bukovac.zagreb.hr,6
zajednica-susret.hr,6
forum.lovac.info,6
www.budiponosan.hr,6
www.pu-pupoljak.hr,6
vjencanice.com.hr,6
hujak.hr,6
vrtic-imotski.hr,6
www.chilitours.hr,6
knjizara.glas-koncila.hr,6
hrcode.hr,6
pbzblog.pbz.hr,6
adventisti-bih.info,6
pokreninestosvoje.hr,6
www.boljiposao.com,6
www.bolji-ljubuski.com,6
www.prnjavor.info,6
pokretom.org,6
www.croatian-music.info,6
adventisti.hr,6
www.prior.hr,6
lipik.hr,6
bjelovarsko-bilogorska-policija.gov.hr,6
knjizevne-kriticarije.com,6
www.vanjabijelic.from.hr,6
vsmti.hr,6
vidi-vishe.com,6
www.croatia-yachting-charter.com,6
vicevi.hr,6
ekozadar.hr,6
vguk.hr,6
vrtic-medvescak.zagreb.hr,6
www.zzhm-pgz.hr,6
www.gimnazija-agmatos-samobor.skole.hr,6
stripovi-online.info,6
www.ufzg.unizg.hr,6
tehnografija.net,6
gojzeki.com,6
www.pinkpanda.hr,6
kk-stoja.hr,6
poubozic.com,6
hrvatski-savate-savez.hr,6
godigital.hrvatskitelekom.hr,6
opcinaklakar.hr,6
hr.spot-the-difference.info,6
www.zuti-titl.com,6
altera.si,6
opcinabol.hr,6
www.for-fit.net,6
www.radiosirokibrijeg.com,6
jkmaksimir.hr,6
www.frazarij.com,6
televizijastudent.com,6
donjiandrijevci.hr,6
temnonebo.org,6
www.gfv.unizg.hr,6
www.zgubidan.com,6
pet.ba,6
www.goodyear.eu,6
acm.hr,6
yves-rocher.com.hr,6
opcina-slivno.hr,6
kaptol.ofs.hr,6
www.fdmz.hr,6
theulstermanreport.com,6
mamamarket.hr,6
memorylimit.blogger.ba,6
biskupija-sisak.hr,6
templeforce.de,6
gogetfunding.com,6
www.zv.hr,6
www.pchelica.com,6
www.velikosrce-malomsrcu.hr,6
www.fibra.hr,6
svjesno-roditeljstvo.com,6
domatv.dnevnik.hr,6
opcina-busovaca.com,6
ljekarne-zubovic.hr,6
tesla.carnet.hr,6
www.podstrana.hr,6
opcina-borovo.hr,6
www.badmintonzadar.com,6
svetijosip.com,6
grabovoi-hrvatska.com,6
opcija.net,6
www.gimnazija-metkovic.skole.hr,6
time.rs,6
svijet-kvalitete.com,6
banjalucanke.com,6
svezapet.hr,6
dom-orehovica.hr,6
bpa.org.rs,6
www.gkig.hr,6
jglobitelj.hr,6
mamboistriano.com,6
drustvo-gradjana.eu,6
www-gewi.uni-graz.at,6
svetimartin-zupa.hr,6
bihski.com,6
zelenaknjizara.net,6
www.bajke.hr,6
za-dom.com,6
www.radioprkos.hr,6
aeroklub-ivanic.hr,6
svetaobitelj.hr,6
www.riprsten.com,6
arhiva.zenicablog.com,6
biotrening.hr,6
ljepota.covermagazin.com,6
www.adris.hr,6
www.glina.hr,6
www.zelina.hr,6
dokkica.hr,6
www.usluga.hr,6
fitlook.net,6
lag-sredisnjaistra.hr,6
petrinjaturizam.hr,6
drustvo-psorijaticara.hr,6
www.zupaprisoje.net,6
www.ferit.unios.hr,6
old.zenska-mreza.hr,6
www.adventisti-rijeka.hr,6
branimirmaslov.com,6
inchoo.hr,6
www.bacvice.com,6
gmvt.com.hr,6
www.banjalukaforum.com,6
www.24wink.com,6
www.gugsb.hr,6
www.gynmed.at,6
studentbl.com,6
strukturnifondovi.hr,6
www.hah.hr,6
diskurs.codeforcroatia.org,6
www.zzjz-sibenik.hr,6
www.gornjimihaljevec.hr,6
hr.portsmouthmarinesociety.org,6
www.zzjzvpz.hr,6
mamologija.com,6
www.hvz.hr,6
www.os-mirkovci.skole.hr,6
spirit-of-tara.com,6
xn--rjenik-k2a.com,6
www.ss-zlatar.skole.hr,6
www.ssglabin.hr,6
www.os-knezmislav-kastelsucurac.skole.hr,6
np-kornati.hr,6
father-mrito-movie.com,6
studentskizbor.sum.ba,6
studiacroatica.hr,6
www.apipet.eu,6
www.azoo.hr,6
ogulintales.com,6
www.gospafatimska.com,6
braniteljicedomovinskograta-hr.hr,6
old.dzz-centar.hr,6
braniteljicevsz.hr,6
www.udruga-vretenac.hr,6
dobojjug.ba,6
lisinski.hr,6
oikon.hr,6
oi-sirius.hr,6
subsite.hr,6
www.panpivo.hr,6
subaru.hr,6
ljekarna-blekic.hr,6
karijera.lidl.hr,6
dnevno.co,6
www.groupie.hr,6
groupie.hr,6
praxisiuris.eu,6
www.apollo.hr,6
nszsd.hr,6
juliusmeinl.com,6
xs4.b92.net,6
www.hoval.hr,6
knjiznica-ilok.hr,6
bacaci-sjenki.hr,6
www.arhitekt.hr,6
www.areopag.hr,6
karmel.hr,6
bs.abna24.com,6
zivarijec.blogspot.com,6
ziviastudio.com,6
www.uponor.hr,6
digital2020.be,6
www.hrvatskicentar.at,6
alumni-efri.hr,6
www.ss-obrtnicka-st.skole.hr,6
pricajmiotome.com,6
sportcom.hr,6
babushka.com.hr,6
leksikon.muzej-marindrzic.eu,6
superiora.hr,6
www.os-vvidrica-kt.skole.hr,6
www.akromion.hr,6
sos-rijeka.org,6
pinkpen.com.hr,6
www.os-inovaka-macinec.skole.hr,6
www.idriva.hr,6
hrv.scissorspaperpen.org,6
sonusart.hr,6
www.andrejatonc.hr,6
www.ieee.hr,6
ba.parlameter.si,6
ba.oriflame.com,6
www.os-injemersica-grubisnopolje.skole.hr,6
www.ssvrbovec.hr,6
hdzbih-mostar.org,6
www.uppt.hr,6
www.hub.hr,6
www.hljk.hr,6
nutrisc.com,6
zitel.hr,6
www.hnk.hr,6
www.osi-press.com,6
www.oscerin.com,6
dubrava.ofs.hr,6
uredjenje-doma.com,6
kaoperativa.org,6
najboljeuhrvatskoj.info,6
www.svijet-knjige.com,6
nemilosrdnigadovi.com,6
saborsko.hr,6
www.ljepota-zdravlja.hr,6
repozitorij.ptfos.hr,6
repozitorij.unicath.hr,6
nema-kompromisa.com,6
psihoterapijamirjanagavric.ba,6
www.okkz.hr,6
sandzakhaber.net,6
www.telegraf.rs,6
zupa-sv-marka-krizevcanina.hr,6
www.kozarskadubica.org,6
www.nk-zelina.hr,6
www.tepihland.hr,6
www.maistra.com,6
izvoz.gov.hr,6
www.omc.hr,6
sasina-kuhinja.com,6
mislavkolakusic.eu,6
www.templeofthesoul.net,6
kostrena.hr,6
www.kulturni-turizam.com,6
hr.artrovex.eu,6
novakron.com,6
skolskilistduga.net,6
www.trofejgradasamobora.com,6
www.ivoras.net,6
www.zadra.hr,6
klinika.loop.hr,6
www.naklada-mate.ba,6
kreacije.info,6
hr.deletehillary.com,6
aromaterapija.info,6
crtice-hrvatske.com,6
www.kucasnova.com,6
hops.hr,6
hr.milanospettacoli.com,6
www.kuhaj.hr,6
www.vrtlarica.com,6
www.novigrad-podravski.hr,6
www.ljubimac.online,6
www.ljubavno.com,6
cuc.carnet.hr,6
hr.bernardjan.com,6
www.teocak.ba,6
www.nszssh.hr,6
snv.hr,6
ri.izlasci.net,6
www.np-brijuni.hr,6
nasabujstina.com,6
www.vz-osijek.hr,6
calisphere.org,6
www.lesar.info,6
hr.mauzer.eu,6
crobusiness.eu,6
kkkmedvescak.hr,6
cro-manager.net,6
www.waterpoint.pl,6
hr.almancax.com,6
auto-skola-zg-4.hr,6
www.labud.hr,6
www.lado.hr,6
www.lag-bilogora-papuk.hr,6
www.obpula.hr,6
www.lag-karasica.com,6
www.vvk.hr,6
retrominder.tv,6
www.krepsic.com,6
requestartikel.com,6
www.lzmk.hr,6
www.lutrija.hr,6
burzarada.hzz.hr,6
nadlanu.com,6
nepopularna.org,6
www.svetipetar.com,6
www.krstarica.com,6
hr.lutums.net,6
www.kuvajza.me,6
nedopinezic.com,6
www.linux.hr,6
www.nurofen.hr,6
rotary.hr,6
hotelparklovran.hr,6
andrijasevci.hr,6
www.tekije.com,6
romi.hr,6
www.lijecenje-kuranom.com,6
zupa-posusje.com,6
www.najtenisice.com,6
chelseacroatia.com,6
skurinjskisusjedi.org,6
instruktor-voznje.com.hr,6
privlaka.hr,6
armijarbih.com,6
www.inotherm.hr,6
www.nacelnicaamrababic.ba,6
demografijaimladi.gov.hr,6
centrumosijek.hr,6
bs.mpmn-digital.com,6
www.vkbi.ba,6
www.mueller.hr,6
novexpert.hr,6
hr.if-koubou.com,6
radio-zlatar.hr,6
hr.pawscam.com,6
www.mreza-mira.net,6
cestica.hr,6
www.ortopedix.hr,6
novaprica.com,6
ivanlovrenovic.com,6
antikvarijat-bono.com,6
www.letecirazred.eu,6
www.udpnhbdr.hr,6
www.jetset-magazin.com,6
hhs-chf.hr,6
os-abauera-vu.skole.hr,6
www.juznevesti.com,6
hr.eurek-art.com,6
www.opel.hr,6
www.jvanvliet.com,6
sirac.hr,6
www.jw.org,6
www.opcinahercegovac.hr,6
www.miroslavskoro.hr,6
mpi.ba,6
m.hr.egt-scaffold.com,6
1967.gnkdinamo.hr,6
lovadokrova.eu,6
www.k-projekt.net,6
itn-meet.org,6
radiotaxizagreb.com,6
www.vrifbih.ba,6
ciribiribajka.com,6
www.vitapur.ba,6
slunj.hr,6
healthy-workplaces.eu,6
www.stefanje.hr,6
heroic.hr,6
hr.onestu.com,6
www.stk-zabok.hr,6
chyps.org,6
www.orkestarslivovica.org,6
ci-sdz.hr,6
radioljubuski.ba,6
www.stocitas.org,6
www.opereta.hr,6
pyrus.hr,6
nora-novska.com,6
www.jesenje.hr,6
www.trending.hr,6
heritagecroatia.com,6
instore.ba,6
qrz.com.hr,6
www.monetalis.hr,6
hr.gregersenartpoint.com,6
hr.outboard-boat-motor-repair.com,6
www.mojpenis.com,6
www.naknadastete.hr,6
www.volvocars.com,6
www.imoart.hr,6
nosf.sfera.hr,6
quraninalllanguages.com,6
www.os-ffrankovic-ri.skole.hr,6
www.os-ekumicica-slatina.skole.hr,6
www.ina.hr,6
health-inequalities.eu,6
044portal.hr,6
www.infobiro.ba,6
www.ingriddivkovic.com,6
mojmag.com,6
www.udruga-policije-bpz.hr,6
mojtv.si,6
www.muzej-rijeka.hr,6
smilestudio.hr,6
novi.dblog.hr,6
dental4u.ba,6
www.turizmoteka.hr,6
ba.game-game.com,6
lokalnatv.com,6
www.moda.hr,6
www.vus.hr,6
astronaut.ba,6
www.lag-papuk.hr,6
dvkt-maslacak.hr,6
www.dumus.hr,6
www.seniori.hr,6
www.dzem.hr,6
www.dv-cvrcakimrav.hr,6
tz-cacinci.hr,6
www.radio-daruvar.hr,6
www.dvd-kastela.hr,6
portal.iskcon.hr,6
tvorenost.video.blog,6
kanal5.hr,6
hr.travel2leisure.com,6
tvk3.info,6
www.dvddalmacija-dugirat.hr,6
fkzeljeznicar.ba,6
www.dvds.hr,6
www.pou-zelina.hr,6
web.hks.hr,6
uddk.hr,6
www.donkihot.hr,6
tz.pleternica.hr,6
www.dugaresa.hns.hr,6
uha.hr,6
icua.hr,6
hr.coca-colahellenic.com,6
redproteccionsocial.org,6
www.knezeva.hr,6
www.sunja.hr,6
zsugvg.hr,6
kazup.hr,6
www.vrtic-pinokio.hr,6
www.timebreak.eu,6
roboforex.com,6
xiphos.hr,6
docs.microsoft.com,6
os-lovas.skole.hr,6
dz-varvarin.com,6
www.sedamit.hr,6
www.drvo-namjestaj.hr,6
icm-zg.info,6
bmwc.hr,6
hrnjica.net,6
www.zaklada.uniri.hr,6
www.djecji-vrtici-sb.hr,6
ugljevik.info,6
cok.hr,6
os-jkempfa-pozega.skole.hr,6
hr.theihccforum.com,6
posadisam.com,6
www.emuskarac.com,6
www.policaknjiga.com,6
bolnica-livno.com,6
www.emz.hr,6
www.energetico.eu,6
www.pokerstars.eu,6
hr.thetwilightmovie.com,6
www.pokazivac.com,6
mail.radiochirurgiazagreb.com,6
os-bol.skole.hr,6
ada-vjencanje.com,6
www.uhpa.hr,6
os-jabukovac-zg.skole.hr,6
alfatec.hr,6
toplice-topusko.com,6
lynvest.eu,6
www.skidajkile.hr,6
eboehm.com,6
www.senzogym.hr,6
uesmag.com,6
planer-vjencanja.com,6
www.djecjivrticvukovar1.hr,6
gastronaut.hr,6
www.djzavjencanjarijeka.com,6
www.dkv-euroservice.com,6
www.dls.hr,6
www.dmsobz.hr,6
planetsport.a1.hr,6
gavella.hr,6
hr.vibragame.ru,6
vzzz.hr,6
www.dom-bistra.hr,6
www.biramzdravlje.hr,6
hrvatskodrustvopisaca.hr,6
os-primorski-dolac.skole.hr,6
udruga-hera.info,6
www.pozitivnapsihologija.net,6
os-mvlacica-labin.skole.hr,6
marija-gorica.hr,6
www.donjikraljevec.hr,6
sestrinstvo.kbcsm.hr,6
www.dnevnikbuducemame.com.hr,6
www.klubkulture.org,6
msm.hr,6
www.nazor.hr,6
www.kistanje.hr,6
hjp.znanje.hr,6
razz.hr,6
projektdomovina.hr,6
rcco.hr,6
www.top-lista.hr,6
hkd-rijeka.hr,6
daljepoti.hr,6
www.topshop.com.hr,6
azrri.hr,6
btonic.hr,6
cistoca-metkovic.hr,6
mrcina-blog.com,6
www.mhk.hr,6
www.strizivojna.hr,6
klinika.ba,6
izbori.ba,6
zupelabindonji.com,6
silverstripe.fkit.hr,6
shop.apoteke-sarajevo.ba,6
m.ba.hanselkiddyrides.com,6
intercity.nomago.hr,6
nk-polet-smnm.hr,6
www.lag-sjevernaistra.hr,6
www.lag-strossmayer.hr,6
hkm-luzern.ch,6
www.lag-una.hr,6
www.lagneretva.com,6
nard.hr,6
zupa-lug-brankovici.com,6
www.obbj.hr,6
m.ba.gantrycranesupplier.com,6
hnkorasje.ba,6
priznajem-eu-projekt.com,6
dabar.srce.hr,6
www.nautica-portal.com,6
histrica.com,6
www.kidneycancerassociation.org,6
www.kif.unizg.hr,6
mspartners.hr,6
mudreizreke.net,6
ravnopravnost.lgbt,6
www.kampus.uniri.hr,6
anagalicblog.wordpress.com,6
danas.hr,6
avenuemall.hr,6
hr.business-extreme.com,6
istarska-policija.gov.hr,6
www.malihoroskop.com,6
zupa-svjuraj-kastel-sucurac.hr,6
janaf.hr,6
www.testo.com,6
miroslavbulesic.com,6
www.maligenijalci.com,6
invest.ba,6
m.ba.paper-greeting-cards.com,6
mirjananazor.hr,6
www.medorahotels.com,6
newswire-24.com,6
ludbreg.hr,6
m.ba.safetylockey.com,6
cbaid.org,6
budisuh.eu,6
msc-cro.com,6
www.tz.kalnik.hr,6
connect.ba,6
prolozacmozebolje.com,6
buje.hr,6
hkdnapredak.hr,6
pro.grohe.com,6
www.medexpert.hr,6
loft.ba,6
cityformdesign.pl,6
nlp.hr,6
www.opcina-razanac.hr,6
rdd.gov.hr,6
multi-vitamini.com,6
hr.eco-slim-official.site,6
www.nightlife-cityguide.com,6
japan-line.com.hr,6
www.komora-primalja.hr,6
letholandez.blogger.ba,6
aninao.com,6
rasco.hr,6
seasplash-festival.com,6
rektor.uniri.hr,6
www.kodnene.com,6
citycenterone.hr,5
hip.hbk.hr,5
simon.hr,5
www.mgst.net,5
admet-event.com,5
sipdf.info,5
cbidinc.org,5
hgs.com.hr,5
hgos.hr,5
hfiloloskod.hr,5
cbi.bizg.hr,5
cistocarijeka.hr,5
ccd.hr,5
zakoci.eu,5
sk-kustosija.hr,5
skalinada.hr,5
herosmexicangrill.com,5
zajednica-emanuel.com,5
www.nekretnine365.com,5
spagosmail.blogger.ba,5
www.medicaldirect.hr,5
stari-web.solin.hr,5
www.manifestiranje.com,5
startup.stratego.hr,5
stepinac.zg-nadbiskupija.hr,5
www.maminacarolija.hr,5
zdenac.org,5
afrikhepri.org,5
www.mi-udruga.hr,5
shopolo.hr,5
zabavninet.info,5
vjetrenjaca.org,5
stolni.com,5
www.megtalksbeauty.com,5
aesthete.hr,5
slatkisvijet.com,5
cks.org.rs,5
www.medvjedici.eu,5
slavonijainfo.com,5
cazin.ba,5
agencijaepic.si,5
aglomeracija.vvk.hr,5
www.medulin.fm,5
sn.rijeka.hr,5
snizenja.veza.ba,5
www.medtronic-diabetes.hr,5
health-card.com,5
www.medjimurska-priroda.info,5
snizenje.rs,5
sofija.hr,5
sokrat.hr,5
sop.ba,5
hdtp.eu,5
hena-com.hr,5
www.melem.com,5
www.zusk.hr,5
zagreb.shkm.hr,5
www.mamasminkerica.com,5
www.zgradonacelnik.hr,5
www.zrtd.org,5
2017.72sata.hr,5
ss-ekonomska-upravna-os.skole.hr,5
happyeverydaylife.blogspot.com,5
www.zupa-sipovaca-vojnici.com,5
www.mariscina.com,5
handmade.com.hr,5
ss-prirodoslovna-ka.skole.hr,5
ss-tehnicka-rboskovica-vk.skole.hr,5
ssc.uniri.hr,5
histrion.hr,5
hitnaks.ba,5
reebok.hr,5
hr.cidadeam860.com,5
zupa-ostarije.com,5
srpskinarodniinfo.co.rs,5
www.motivacioneprice.com,5
hr.celebs-networth.com,5
www.moscroatia.com,5
www.nakladaslap.com,5
3lhd.com,5
rentl.io,5
3mame.com,5
repozitorij.agr.unizg.hr,5
www.mojvrt.eu,5
hr.axisastrology.com,5
www.kyokushin-mladost.hr,5
www.moje-znanje.com,5
ss-ekonomska-sk.skole.hr,5
sredisnjanabava.gov.hr,5
www.nik.hr,5
aleksandrabirta.com,5
www.znanje.org,5
studena.hr,5
grude.info,5
studijdizajna.com,5
studionoa.hr,5
submarineburger.com,5
connypetodenes.com,5
www.zlpr.hr,5
www.zlatni-bush.hr,5
super1.staging.telegram.hr,5
www.malimacchiato.com,5
www.zlatnakap.com,5
staripurger.com,5
www.mayday.com.hr,5
www.valkulture.hr,5
cmzg.info,5
www.zupa-bdmz-spansko.hr,5
hdlu-zagreb.hr,5
hdh.emed.hr,5
www.zupanovimarof.com,5
www.zupa-vrpolje.org,5
www.zupa-svkriza-ogulin.hr,5
sportzasve-zagreb.hr,5
hb.hteam.org,5
sr.airbnb.com,5
www.zupa-svjurevir.com,5
web.virealno.com,5
www.djecolakunoc.com.hr,5
www.e-sportshop.hr,5
e-culture.eu,5
www.dnevni-boravak-antun-bogdan.com.hr,5
www.dobraknjiga.hr,5
www.huoj.hr,5
beez-bih.com,5
www.senetic.hr,5
www.dom-medisal.com,5
www.dom-umirovljenika-os.hr,5
e-laboratorij.carnet.hr,5
www.selnica.hr,5
e-glasnik.tuv-croatia.hr,5
beliscanska.stvarnost.hr,5
www.sdp.ba,5
beautytract.com,5
www.djecjivrtic-cok.hr,5
beautybyelke.be,5
www.sinarm.net,5
www.digital-croatia.com,5
www.croatiabiz.com,5
www.pampers.com.hr,5
www.soniaverardo.com,5
www.croskate.hr,5
www.crotap.com,5
www.janssen4patients.com,5
www.sodolovci.hr,5
dbhz.hr,5
www.czss-djakovo.hr,5
www.djsport.hr,5
www.sevko.org,5
www.czss-zagreb.hr,5
bodycontrol.ba,5
www.mojascena.org,5
www.gkk.hr,5
www.gkkr.hr,5
www.gkmm.hr,5
www.putokaz.me,5
blacksheep.rs,5
www.glazba-vrbovsko.com.hr,5
dokaziumedicini.hr,5
www.hkz-salzburg.net,5
bogiti.net,5
www.hjs.hr,5
www.portalzamlade.info,5
www.gmk.hr,5
www.djecji-vrtic-ploce.hr,5
www.goal.com,5
www.gobih.ba,5
www.goods-eu.com,5
body8mind.com,5
biglistofwebsites.com,5
www.rk-nikolatesla.hr,5
balkansmedia.org,5
bednja.hr,5
www.intrixcrm.com,5
www.interservis-bulat.hr,5
eca.europa.eu,5
www.djecji-vrtic-panda.hr,5
www.partyaner.com,5
www.smarteduca.hr,5
www.dzematizetnanic.com,5
www.infinitecroatia.com,5
www.enu.hr,5
borbazaveru.info,5
www.plehan.net,5
www.rugvica.hr,5
www.eastmen.hr,5
www.dormeo.ba,5
www.igraci.com,5
www.infozagreb.hr,5
www.satoviinakit.hr,5
beskilled.eu,5
dzemat-braunau.at,5
r-1.hr,5
www.peugeot.ba,5
dugopolje.hr,5
bestpractice.hr,5
www.dubrovniksungardens.com,5
www.dugoselo.dvds.hr,5
www.duro-dakovic.com,5
www.peugeot.hr,5
betsycarr.com,5
www.dv-bubamara.hr,5
www.dv-smilje.hr,5
www.imi.hr,5
www.dvd-blazevdol.hr,5
desa-dubrovnik.hr,5
bosnazemljabozijemilosti.ba,5
www.hzzzsr.hr,5
bicikli.narkive.hr,5
www.izvor-osmodec.hr,5
dv-zirek.hr,5
www.slavonija.club,5
www.skolski-sport-skz.com,5
www.daikin.ba,5
www.skolazaklasicnibalet.hr,5
www.iturizam.info,5
www.pcelarstvokorac.com,5
defibrilatori.hr,5
www.dermalogica.hr,5
e-bioteka.com.hr,5
dzz-zapad.hr,5
www.domovinskipokret.hr,5
www.idemousvijet.com,5
www.editel.hr,5
duhovnicoaching.com,5
www.ices.hr,5
www.eduvizija.hr,5
www.effie.hr,5
www.pickbox.ba,5
dv-blagovijest.hr,5
www.pileje.hr,5
www.roditeljodlucuje.hr,5
www.eko-liburnia.com,5
durmitara.blogspot.com,5
www.elektronika.ba,5
www.rockomotiva.com,5
www.planetobuca-webshop.com,5
repozitorij.hrstud.unizg.hr,5
www.veble.hr,5
hr.arthrolon-cream.site,5
taekwondo-kondor.hr,5
typeoneprincess.com,5
www.volkswagen.hr,5
www.vrtic-bjelovar.hr,5
tz-opcinanijemci.hr,5
www.vrijeme.net,5
uzarici.com,5
ustanovacallidus.hr,5
www.vremenskaprognozahr.com,5
www.vrapcic.net,5
www.vip-apartmani.hr,5
www.woff-woff.com,5
campingplitvice.hr,5
galbanum.hr,5
tvrtka.kaufland.hr,5
www.nkc-tisno.hr,5
www.zeequest.com,5
gospicko-senjska-biskupija.hr,5
carina.gov.hr,5
szssplit.hr,5
szz.hr,5
www.zdravaprehrana.com,5
www.zazeli-levanjska-varos.com,5
tabuislama.net,5
www.zavarivanje.info,5
forum.vidi.hr,5
virovitica.webmediaweb.com.hr,5
www.visitzagrebcounty.hr,5
tvojelice.dnevnik.hr,5
vinogradarstvo.com,5
udruga-ardura.hr,5
uhcp.hr,5
gantt-consulting.hr,5
urban-rehabilitacija.hr,5
croatia.mid.ru,5
www.visokogorcicg.com,5
croatia.prostamin-capsules.site,5
funtana.com,5
www.vinoteka-vinita.hr,5
udajemse.hr,5
udbina-news.com.hr,5
udm.hr,5
www.odzak.ba,5
udruga-bubamara.com.hr,5
www.lifelynx.eu,5
www.vlado.li,5
www.vjeronauk.hr,5
udrugaekozagreb.hr,5
udrugahrvatskihpacijenata.hr,5
www.vjeko-rwanda.info,5
uciliste-modus.hr,5
udrugarubikon.hr,5
www.vrtic-omis.hr,5
fskegro.blogspot.com,5
uhbdr-101br-susedgrad.hr,5
get4u.hr,5
uzgoj.org,5
gorja.net,5
www.novikonjic.ba,5
www.mojaljekarna.hr,5
www.velenje-tourism.si,5
cprz.hr,5
www.zagorje-priroda.hr,5
www.logosuciteljica.hr,5
gloriaglam.hr,5
www.yes.com.hr,5
www.noviplamen.net,5
thompson.hr,5
gllugl.hr,5
tim-press.hr,5
bukovlje.hr,5
www.visitlosinj.hr,5
tenis-lav.hr,5
altruizam.org,5
franjevci.info,5
www.zastita-prirode-dnz.hr,5
www.vegicept.com,5
www.laqo.hr,5
goranstimac.com,5
vijesti24.com.hr,5
tatjanakuljaca.me,5
telegram-sucuti.com,5
anwa.com.hr,5
ted.europa.eu,5
vijesti-danas.com,5
frama-ofs.com,5
dom-turnic.hr,5
terrapromo.eu,5
veseli-izleti.com,5
www.lag-juznaistra.hr,5
www.majcinaljubav.hr,5
www.lovelymedjimurje.com,5
svijetpozitive.com,5
www.nikal.hr,5
sve.co.rs,5
vjerodostojno.com,5
vjernik.com,5
www.kyokushin.hr,5
coolmango.hr,5
forum.poreklo.rs,5
allevents.in,5
vita.com.hr,5
www.nk-sesvetski-kraljevec.hr,5
www.zem-zem.at,5
franjevci-karlovac.hr,5
www.njega.eu,5
www.lull.hr,5
visitkarlovaccounty.hr,5
svetiste-sibenik.hr,5
cronis.eu,5
timeco.hr,5
vinarija.com,5
www.ogs-metkovic.hr,5
teneocoffee.com,5
butik.bicikli.hr,5
www.novinet.hr,5
franjevacki-samostan.hr,5
www.officerentinfo.com.hr,5
vatrozastita.com,5
tragom-istine.lajkaj.com,5
semerkand.ba,5
hitnapomoc.net,5
sarvajan.ambedkar.org,5
hobi.ba,5
cimera.hr,5
sbs-ioz.hr,5
hlpr.hr,5
cdn-origin.gospa-sinjska.hr,5
sdah.hr,5
sdmsh.com.hr,5
seljacionline-forum.com,5
www.mindfulness-hrvatska.hr,5
act-grupa.hr,5
cirkorama.org,5
hr.alkozeron.com,5
activ-taekwondo.hr,5
sexa-nigdje-a-grada-jos-manje.com,5
sezamweb.net,5
hkm-frauenfeld.ch,5
sh-contrainfo.espiv.net,5
shanti-yogaplace.hr,5
zelina.hr,5
cirtt.unizg.hr,5
www.mikihr.info,5
zene.ba,5
sarajevskasehara.com,5
repozitorij.vern.hr,5
hr.alicia-beauty.com,5
receptiizakolace.blogspot.com,5
www.lipkom-lipik.hr,5
radiokameleon.ba,5
hr.approby.com,5
hr.aplaceforart.org,5
hr.animalartists.net,5
hr.clearblue.com,5
centar.erf.unizg.hr,5
www.natanjiru.com,5
zupan.hr,5
hr.iliftequip.com,5
radio.blc.edu.ba,5
radiogracanica.ba,5
zvonimir.hr,5
radiojadran.com,5
centarzakulturukv.com,5
2009worldmasters.com,5
centarvijesti.hr,5
radiozepce.com,5
radnickafronta.hr,5
hr.expertolux.com,5
hr.europewalkingtours.net,5
www.muzej-pakrac.hr,5
randonneurs.bksvn.hr,5
zuperavno-trebinja.com,5
hr.elysiandaisies.com,5
rasvjeta-mea-futura.com,5
ratnakronikasplita.com,5
www.mypos.eu,5
sandzaklive.net,5
reprezentacija.ba,5
hr.7-slim.site,5
aort.hr,5
www.nshnz-k.com,5
vatrogasciumag.com,5
gimnazija.ziger.hr,5
burza.com.hr,5
gimnazija-vukovar.skole.hr,5
www.vrticbajka.eu,5
gimnazija-metkovic.skole.hr,5
uzorhrvatske.hr,5
www.vrtic-solin-esf-opuljp.eu,5
travelhugtheworld.com,5
gkd.hr,5
www.lifeshiftprogram.com,5
g-o.hr,5
cekape.com,5
www.novostiplus.org,5
tomislavgustin.com,5
glasregije.com,5
glaslike.hr,5
veleizdaja.com,5
top-buy.net,5
topomatika.hr,5
transform.ba,5
www.vesti.rs,5
topstil.com.hr,5
www.np-paklenica.hr,5
www.littlethings.com.hr,5
tresor.hr,5
varazdin.webmediaweb.com.hr,5
ginops.hr,5
www.vibrus.hr,5
zlz-sport.hr,5
hpd-mosor.hr,5
roblmarine.hr,5
rogaticani.com,5
aarhus.zelena-istra.hr,5
www.nativabodywork.hr,5
zivotjecudo.com,5
hotelikrk.hr,5
zgprsten.hr,5
rtv7.ba,5
hotel-luna.net,5
www.mnkprimosten.hr,5
runjanina.hr,5
zgpd.hr,5
sabor.eindigo.net,5
www.mladi-dbk.com,5
zff.hr,5
www.mlada-pera.medjimurje.info,5
www.malidom.hr,5
www.hairshop.hr,5
www.ledo.ba,5
ginekologija-boras.hr,5
trebevic.net,5
vasmagazin.info,5
tresnjevka.net,5
dom-mladih.hr,5
www.gohome.hr,5
www.gimnazija-lvranjanina-zg.skole.hr,5
kerameikon.com,5
istra.webmediaweb.com.hr,5
ostraluka.com,5
ludruga.hr,5
oss-busevec.hr,5
osnovnaskolakrk.hr,5
osnove.tel.fer.hr,5
hr.lisungroup.com,5
hr.wikisource.org,5
hr.technolong.com,5
leptiric-lu.hr,5
krsan.hr,5
kic.hr,5
prozor-rama.org,5
ots.unipu.hr,5
josipapavicic.com,5
protivbora.com,5
mjere.hr,5
os-hrvatskisokol-podgajcipodravski.skole.hr,5
mediain.ba,5
os-gradina.skole.hr,5
os-bukovac-zg.skole.hr,5
net-zg.hr,5
hr.techplugged.com,5
kkg-darmstadt.de,5
medjimurske-vode.hr,5
prvisvjetskirat.arhiv.hr,5
musicshop.hr,5
ourlittlerebellion.com,5
psiholog-rebeka-bulat.hr,5
kazotic.org,5
netbit.hr,5
kud.sirac.hr,5
osiguranje24.hr,5
hr.laser-cutter-machine.com,5
likvidacija.eu,5
oslobadjanje.com,5
hr.lavieboston.com,5
puskarnicazagreb.hr,5
mobilityweek.eu,5
hr.zaptech.net,5
pokret.hr,5
osjecko-baranjska-policija.gov.hr,5
osiz.hr,5
oxp.origin.volvocars.com,5
ljekarna-dubrovnik.hr,5
hunp.hr,5
hr.yakniga.com,5
kuvn.org,5
ksobz.hr,5
hr.zena.today,5
hr.laroutedesenergies.com,5
murter.hr,5
lipapamti.ppmhp.hr,5
mojahercegovina.com,5
kuthumimanu.wordpress.com,5
ozalj.hr,5
natura-histrica.hr,5
majaog.com,5
kastela.hr,5
www.svetiste-ludbreg.hr,5
www.bojezemlje.hr,5
www.bolesnodete.com,5
www.os-skolara-hercegovac.skole.hr,5
www.bolnicarab.hr,5
www.kiseljak.info,5
azop.hr,5
www.studentski-pastoral.com,5
www.king-cross.hr,5
www.kenwood.hr,5
www.bijelikrug-hrvatske.hr,5
www.biconsult.hr,5
www.sveticvitalo.hr,5
www.os-ksdjalskog-zg.skole.hr,5
www.bakinakuharica.com,5
www.balkan-sport.net,5
www.balkandownload.org,5
www.balkania-info.net,5
www.barilla.com,5
czss-imotski.hr,5
www.klarstein.hr,5
www.bdc.hr,5
czss-samobor.hr,5
www.klanjec.hr,5
www.syngenta.hr,5
www.svojaljekarna.hr,5
www.svkri.uniri.hr,5
www.blog.alzheimer.hr,5
www.sum.ba,5
hvidrazadar.hr,5
os-mirkovci.skole.hr,5
mdrd.hr,5
jabuka-zagreb.com,5
hzo.hr,5
hr.viss.me,5
os-sesvetska-sela-zg.skole.hr,5
os-sbasariceka-ivanicgrad.skole.hr,5
mail.zupa-kraljicekrunice.hr,5
psiholoski-prostor.org,5
os-pstoosa-kraljevecnasutli.skole.hr,5
os-prva-ogulin.skole.hr,5
icat.hr,5
mladi-eu.hr,5
lab.miletic.net,5
www.blato.hr,5
konstelacijakroacija.wordpress.com,5
www.stap.ba,5
www.suncanihvar.com,5
www.kkg-sifi.de,5
eug2016.com,5
bs.bitcoinethereumnews.com,5
www.svakistudent.ba,5
www.suunto.com,5
www.sutivan.hr,5
www.biramoporavak.com,5
www.bisnode.ba,5
www.bk-bor.hr,5
hr.talbothouseinc.com,5
novaczasutra.hr,5
www.os-podrute-donje-makoisce.skole.hr,5
pedijatrija.org,5
pda.medjugorje.ws,5
jysk.ba,5
plave-gore.com,5
pikok.org,5
ivanaradic.com,5
hrvatski-bocarski-savez.hr,5
hrvatska-citaonica-bol.hr,5
logomatika.hr,5
lider.events,5
mare-panonium-tours.hr,5
morskoprase.hr,5
moslavina-kutina.hr,5
libreshot.com,5
petit.life,5
planthouse.hr,5
platak.hr,5
hrvatskiglasnik.ba,5
novizivot.ba,5
kutakpeciva.com,5
nkoskotok.hr,5
immortella.eu,5
melody.hr,5
opcina-majur.hr,5
povijestsporta.com,5
nk-orijent.com,5
onogost.me,5
mpsv-hnz-k.ba,5
libertasnova.wordpress.com,5
ligaprotivraka.hr,5
ples.com.hr,5
www.pouka.hr,5
mojmajstor.hr,5
mojkripto.com,5
hrvatskikrskipasnjaci.com,5
hssoinv.hr,5
hrvatski-streljacki.hr,5
most.ba,5
knjiznica.ploce.hr,5
pametnoodlozi.eu,5
kc.org.rs,5
hrb.com.hr,5
kinderfeets-igracke.hr,5
mullasadra.ba,5
petplus.hr,5
istrazrak.hr,5
pcpl.hr,5
parco.gov.ba,5
hrvatska.appsandnews.com,5
marincilic.com,5
marathon95.hr,5
lisinski-bj.hr,5
kupidrbpz.hr,5
marijaklasicek.com,5
hr.juristes.live,5
konzervativci.hr,5
pdizletnik.hr,5
pozitivmedia.info,5
lag-medjimurskidoliibregi.hr,5
krapina.webmediaweb.com.hr,5
inskola.com,5
jedro.eu,5
inportal.info,5
jednostavnost.com,5
nsms.hr,5
miloc.hr,5
hr.potatoes.news,5
novska.hr,5
mina.news,5
hr.piedmontspottergroup.com,5
prijedor24h.net,5
novipocetak.kzz.hr,5
kastav.hr,5
obitelji3plus.hr,5
hr.ozone-soft.com,5
magazin.fraktura.hr,5
ogulin.hgss.hr,5
jaska.hr,5
obz.hr,5
nomcentarngo.com,5
obrtnici-zagreb.hr,5
jerihonska-ruza.com,5
kriptomat.io,5
minimalnitehnickiuvjeti.hr,5
instore.hr,5
prirodna.hr,5
premijerno.com,5
infoshop-library-pippilotta.blogspot.com,5
hr.puregems.eu,5
lika.webmediaweb.com.hr,5
newchristianbiblestudy.org,5
proaktiviraj.me,5
meridianbetsport.me,5
pp-velebit.hr,5
omart-radionice.com.hr,5
opcina-privlaka.hr,5
kolacirecepti.net,5
kritika-hdp.hr,5
m.ba.leddisplayls.it,5
hr.svet-tour.com,5
new.siemens.com,5
orhideje.net,5
ordoiuris.hr,5
potocnica.info,5
oazaznanja.com,5
newsrule.com,5
mejostrip.blogspot.com,5
medley-teatar.com,5
krkimmo.com,5
nezavisniportal.info,5
mirisna.com,5
krizevacka-eparhija.com,5
hr.sohbetdizayn.com,5
nkknin.hr,5
index.ba,5
orionwp.hr,5
lijepanasadomovinahrvatska.com,5
czss-zagreb.hr,5
mirelabelaj.com,5
europadonna.hr,5
bioplanet.hr,5
www.amcham.hr,5
www.amway.hr,5
www.trilj.hr,5
www.anigota.hr,5
www.triglav.hr,5
www.konzum.hr,5
www.crikvenica.hr,5
www.spaceylon.hr,5
www.valentina-stefanic.com,5
www.fulda.com,5
www.hpd-mosor.hr,5
drame.hr,5
www.hpd-martinscak.hr,5
www.amadriapark.com,5
www.floccus.biz,5
www.foi.unizg.hr,5
www.foma.hr,5
www.radnaterapija.net,5
www.radioslavonija.hr,5
dilemmaposters.com,5
biznis-transfer.com,5
www.rivrtici.hr,5
domzdravlja-dugaresa.hr,5
www.furnitura.hr,5
www.hnkvz.hr,5
dionice.net,5
www.trsat-svetiste.com.hr,5
www.aluxuryyachting.com,5
dis2012.org,5
www.arbona.hr,5
www.audi.hr,5
www.autentik.net,5
www.os-iperkovca-senkovec.skole.hr,5
www.tomislavstankovic.com,5
www.automotovision.hr,5
bs.geofumadas.com,5
atstore.ba,5
www.tm-savez.hr,5
www.knjigovodstveni-servisi.net,5
www.azfond.hr,5
extra-vijesti24h.info,5
fantazija-ja.blogspot.com,5
www.koska.hr,5
www.alternativa.putokaz.biz,5
cvijece.covermagazin.com,5
www.tzbpz.hr,5
cunahr.net,5
www.tvornica-snova.hr,5
www.akmaksimir.com,5
www.tvornica-programa.hr,5
www.tuv-sud.hr,5
www.alinea.hr,5
www.turistickizurnal.com,5
www.alo.rs,5
www.trusty.hr,5
www.alteregostyle.com,5
www.fzmiopio.ba,5
www.pvinformer.me,5
www.kolonius.com,5
www.pp-papuk.hr,5
blog.hrvojemihajlic.com,5
djecji-vrtic-kockica.com,5
blog.kaniski.eu,5
www.primorskihrvat.hr,5
www.hercegbosna.ba,5
blog.queenbeachresort.com,5
www.gradiste.com,5
www.gradnagori.hr,5
www.pozitivne.info,5
www.gradvis.hr,5
lokalnahrvatska.hr,5
www.preporod.com,5
www.health-card.com,5
www.putolovac.hr,5
blogledalo.com,5
www.gsjh.hr,5
www.preho.hr,5
www.hdko.hr,5
blog.volumepillsvote.com,5
www.prague.fm,5
www.hbsd.hr,5
www.hasm.hr,5
www.hfs.hr,5
blog.cromsic.hr,5
domacica.com.hr,5
www.svijet-rukometa.com,5
www.hgz.hr,5
www.gerardkrovovi.hr,5
www.pomorskodobro.com,5
www.pliva.hr,5
www.putovanjazasvakoga.com,5
bkistraporec.hr,5
www.filmografija.com,5
www.hrpsor.hr,5
biografija.net,5
www.filatelija-hunjak.hr,5
bigspy.com,5
www.esky.hr,5
duap-polaris.hr,5
www.riteh.uniri.hr,5
www.rif.hr,5
biljanaborzan.eu,5
drustvo-psihologa-kzz.hr,5
www.rbainvest.hr,5
www.evisitor.hr,5
www.renault.hr,5
drugo-more.hr,5
www.redbull.com,5
www.hst.hr,5
bioclinic.hr,5
droid.hr,5
www.fazos.unios.hr,5
www.fbihvlada.gov.ba,5
www.hrvatski-radisa.hr,5
bioen.hr,5
www.festivalmik.com,5
www.atlanticgrupa.com,5
domasinec.hr,5
bs.mestechmfg.com,5
damirakalac.me,5
www.ceeol.com,5
www.kazaliste-vinkovci.hr,5
emn.gov.hr,5
www.stizu-me-sjecanja.com,5
ba.burnbrightlove.com,5
www.katolickaskola.com,5
www.kastela-info.hr,5
www.budo-ryu.com,5
www.bummagazin.com,5
ba.crkvaisusakrista.org,5
www.buzzsneakers.com,5
www.oshadhi.hr,5
www.kartahr.com,5
www.jkval.hr,5
www.cargo-partner.com,5
www.ssknezbranimir.hr,5
www.caritas-nadbiskupije-split.hr,5
en.milkpaint.boutique,5
bab-vv.be,5
www.carnivalsnowboardsession.com,5
www.caspera-split.com,5
www.karlovac.hr,5
www.cavle.hr,5
brooklyncoffee.co.uk,5
www.balcanicaucaso.org,5
www.knjigae.com,5
www.ss-novimarof.skole.hr,5
www.cor.europa.eu,5
www.udrugaprizma.hr,5
bakinisavjeti.com,5
www.kkm-kassel.de,5
www.asta-yachting.hr,5
euronogomet.com,5
www.sveznar.com,5
www.svetsatova.com,5
www.stripovi.com,5
www.kbco.hr,5
www.brioni.hr,5
babinagreda.hr,5
www.centar-tehnike.hr,5
www.spvz.hr,5
www.spsavjetovanje.com,5
brela.hr,5
www.contineo.com.hr,5
www.chickfreak.com,5
www.citizengo.org,5
www.citymaking.eu,5
www.citytime.hr,5
www.spinoteka.hr,5
www.civilnodrustvo-istra.hr,5
www.spica.hr,5
www.ckd.hr,5
www.cns.ba,5
www.judo.hr,5
www.coloursofistria.com,5
www.companywall.hr,5
www.jelkovec.zupa.hr,5
www.spirit-ri.hr,5
arhiva.drnis.hr,5
www.uo-split.hr,5
crosol.hr,5
cross-atlantic.com,5
vrtic-iskrica.zagreb.hr,5
foodandmood.blog,5
arc-rec-project.eu,5
bug.ba,5
vrtic-lekenik.com,5
budosport.hr,5
www.user-participation.eu,5
www.upsmedia.ba,5
arenapoliklinika.hr,5
argentinskitangolibertango.blogspot.com,5
www.kupreskiradio.com,5
forum.b92.net,5
vukovarski-leptirici.hr,5
www.uniline.hr,5
www.kraljevecnasutli.hr,5
arscelebrandi.zadarskanadbiskupija.hr,5
www.arguo.hr,5
www.art-kino.org,5
cvjecarnica-fani.hr,5
www.komunalac-vu.hr,5
www.tourism-varazdin.hr,5
www.hak.hr,5
www.assaabloyopeningsolutions.hr,5
www.asoo.hr,5
www.kvarner.hr,5
www.adrialece.hr,5
arhiva.rera.hr,5
www.opg-livak.hr,5
www.opcina-preko.hr,5
wilo.com,5
arhiva.pleternica.hr,5
wide-lab.eu,5
woolf.hr,5
woolpuli.webs.com,5
www-lider-ocm.exabyte.hr,5
www.os-klinca-sela.skole.hr,5
btw-mag.com,5
www.opcina-zakanje.hr,5
www.abovo-campaign.com,5
www.udrugaivanmerz.hr,5
www.unidu.hr,5
www.kup-karmel.com,5
www.valamar.com,5
aquamed.hr,5
csi.hr,5
www.unavita.hr,5
vzz.hr,5
vodoinstalaterosijek.hr,5
www.uciliste-elementa.hr,5
www.adopta.hr,5
www.udajemse.hr,5
aromara.com,5
www.krizevacka-eparhija.com,5
www.centar-za-poduzetnistvo.hr,4
www.centarbea.hr,4
www.centralna.net,4
www.cerno-zagreb.hr,4
www.cistoca.hr,4
www.digitalschool.ba,4
www.citroen.hr,4
www.ck-rijeka.hr,4
osvpc.ba,4
www.crveninosovi.hr,4
www.codupo.hr,4
www.cpku.org,4
www.crnojaje.hr,4
www.cro-squash.hr,4
www.croatia.ch,4
www.croatia.hr,4
www.croatiacar.com,4
www.engineersplaytennis.hr,4
www.civilcourage.hr,4
www.hilp.hr,4
otok-unije.com,4
os-vnazor-budinscina.skole.hr,4
otok.hr,4
www.crocontrol.hr,4
os-zupa-dubrovacka.skole.hr,4
www.djecji-dogadjaji.com,4
www.cupavakeleraba.com,4
www.czss-sisak.hr,4
www.d-inter.hr,4
os-vrbani-zg.skole.hr,4
www.d4web.com.hr,4
www.dacia.hr,4
www.dalmare.hr,4
www.darvitalis.hr,4
www.dasi.hr,4
www.dedoles.hr,4
os-svibovec.skole.hr,4
www.dietpharm.com,4
os-sveti-matej-viskovo.skole.hr,4
os-stolac.ba,4
www.crtanko.xyz,4
www.crozilla-nekretnine.com,4
osigurajmoimjednakost.com,4
www.dijabetes-osijek.com,4
www.doktorukuci.net,4
os-ljmodeca-kc.skole.hr,4
www.dptkzg.hr,4
www.dogstrust.ba,4
www.domekspert.hr,4
os-pkruzica-klis.skole.hr,4
www.diktiranje.hr,4
www.dominatus-digital.hr,4
os-neoric-sutina.skole.hr,4
www.domovi-za-starije.com,4
www.douglas.hr,4
www.dpd.com,4
www.draz.hr,4
os-kralja-tomislava-na.skole.hr,4
www.drvo-zivota.com,4
www.dubrava.hr,4
os-novska.hr,4
www.hiz.hr,4
www.hkud-stolac.com,4
www.hlfplus.hr,4
os-btleakovica-bosnjaci.skole.hr,4
www.ljekarna-sb.hr,4
naos.com,4
www.dobarlink.com,4
www.djurdjenovac.hr,4
os-skosutic-radoboj.skole.hr,4
www.djecji-dom-vinkovci.hr,4
www.dvpcelica.breznica.hr,4
os-kbalic-sestanovac.skole.hr,4
www.dzematrahic.ba,4
os-jsurana-visnjan.skole.hr,4
www.eatlovesleep.hr,4
www.ebibinje.net,4
os-ikrsnjavi-zg.skole.hr,4
www.edicsplit.eu,4
os-hbadalic-sb.skole.hr,4
www.efst.unist.hr,4
www.eho.ba,4
www.eklinika.hr,4
www.ekskluziva.ba,4
os-drftudjman-sarengrad.skole.hr,4
www.elitemadzone.org,4
www.dutchtownstl.org,4
os-ludbreg.skole.hr,4
os-marjan-st.skole.hr,4
os-markovac-vrbova.skole.hr,4
www.enterkoprivnica.hr,4
www.erekcija.hr,4
old.islamhouse.com,4
www.epoha.ba,4
www.funkymem.com,4
opcina-sukosan.hr,4
www.futura4u.hr,4
www.fxcc.com,4
www.gabrijelacvijinkokot.com,4
opuzen.com.hr,4
orahovicasport.com,4
ordinacija-petricevic.hr,4
os-braca-ribar-sk.skole.hr,4
os-bmarkovica-ravna-gora.skole.hr,4
www.gracisce.hr,4
www.erev2.com,4
www.esf.hr,4
www.esrb.europa.eu,4
oroslavje.hr,4
www.eu-krka-knin.hr,4
www.eurospin.hr,4
www.evitas.hr,4
origodetoksikacija.com,4
www.evtos.hr,4
www.fratar.net,4
www.franck.eu,4
www.frama-ofs.com,4
www.fot-o-grafiti.hr,4
acuraflex.hr,4
www.lnccdn.com,4
hr.keto-guru-official.eu,4
etw.hr,4
hr.kompass.com,4
estradanje.lajkaj.com,4
hr.lifeforaforest.com,4
eurid.eu,4
brodska.stvarnost.hr,4
speedtaxiboat.com,4
www.clanak.ba,4
www.filipvisic.com,4
optika-saric.hr,4
www.filmopedija.com,4
www.fioka.in,4
www.fitness-forma.com,4
www.fluteanimals.com,4
www.fmgg-livno.com,4
www.ford-krainc.hr,4
www.extremeit.hr,4
www.famoza.net,4
orebic.hr,4
www.gradnja.org,4
www.gradec.hr,4
okeydoctors.com,4
www.geoskola.hr,4
www.germanijak.hr,4
www.glaukom-hr.org,4
online-zarada.com,4
omnia-shop.hr,4
www.globus.com.hr,4
omep.hr,4
omega.ffzg.hr,4
os-brace-ribar-posedarje.skole.hr,4
www.glowbrown.com,4
www.gorican.hr,4
www.gornjivakuf.com,4
www.gospastenjevecka.hr,4
www.gospodarstvo-petricevic.hr,4
www.gosucker.com,4
www.gov.me,4
www.gpz-opskrba.hr,4
www.gradionica.hr,4
www.highcastle.hr,4
www.feral.news,4
www.hho.hr,4
www.fertilitycare.hr,4
www.gdck-knin.hr,4
opcina-mace.hr,4
www.generaltire.ba,4
www.grama-trgovina.com,4
ogulin.gss.hr,4
www.gras.sk,4
ogranak-mh-svn.hr,4
www.gskos.unios.hr,4
oftalmologija.drjovovic.me,4
www.h-r.hr,4
www.hacbg.org,4
ofm.hr,4
www.haftkomputerowy.com.pl,4
od-hzb.hr,4
www.hdl.si,4
obzor-nekretnine.hr,4
www.hellycherry.com,4
www.henkel-adhesives.com,4
www.lkw-walter.com,4
nr2.lt,4
najportal.ba,4
newsletter.kvarner.hr,4
www.ibis-grafika.hr,4
np-plitvicka-jezera.hr,4
www.hsuzagreb.hr,4
nenadbratkovic.com,4
www.jaska.com.hr,4
www.jungsky.hr,4
www.knjizara-dominovic.hr,4
www.knjizara.com,4
www.knjiznicaporec.hr,4
www.koncanica.hr,4
www.istrapedia.hr,4
www.koncar-zagreb1786.com,4
www.kontejner.org,4
www.kookabee.com,4
www.korakpokorak.hr,4
www.koreni.rs,4
www.kovinoplastika.si,4
www.kradjabeba.org,4
www.ktc.hr,4
www.ktf.unist.hr,4
www.iberogast.com.hr,4
www.hzz.hr,4
www.huzp.hr,4
www.huvm.hr,4
www.izbicno.info,4
novabukovica.hr,4
www.jaksic.hr,4
www.jankovac.hr,4
www.ikb.hr,4
www.ijf.hr,4
www.ict-aac.hr,4
novum.ba,4
www.hls.com.hr,4
www.homedeco.hr,4
o-nama.hrt.hr,4
www.hops.hr,4
www.hpd-jastrebarsko.hr,4
www.hpd-kunagora.net,4
www.hrvati.ch,4
www.hrzupa-frankfurt.de,4
www.jantar.com.hr,4
www.hsups.hr,4
www.huiu.hr,4
www.kudklas.hr,4
neobiota2018.org,4
www.kuhaona.com,4
www.kek.hr,4
www.centar-odgojiobrazovanje-velikagorica.skole.hr,4
otvorenomore.slobodnadalmacija.hr,4
static01.source.ba,4
stntparish.ca,4
stpaulcroatianchurch.org,4
streberaj.hr,4
strukovna.hr,4
sucic-mont.com,4
pravapacijenata.hr,4
summerhometurkey.com,4
superinfo.ba,4
superizazov22.com,4
supershoppingspot.com,4
sv-filipjakov.hr,4
ppdiv.hr,4
sveci.kranjcic.hr,4
svetaobitelj.ba,4
sveti-juraj.org,4
eskola.zvjezdarnica.hr,4
www.centar-skin.hr,4
www.kliofest.hr,4
nexus-svjetlost.com,4
www.klarise-zg.hr,4
www.knjigasjenki.com,4
www.klubko.hr,4
www.klis.com.hr,4
www.jvp-sibenik.hr,4
www.ka5an.ba,4
www.kaiserkraft.hr,4
www.kakomislitipozitivno.info,4
www.kalinka.hr,4
nocmuzeja.hr,4
www.kaminihoyan.hr,4
www.karijera.eu,4
www.jeftinije.hr,4
nknask.hr,4
www.kifos.hr,4
www.kinovalli.net,4
www.kitchenaid-shop.hr,4
www.kiwigocrazy.com,4
www.kk-skrljevo.hr,4
www.kladionice-online.com,4
www.ivankozarac.com,4
www.iskra-ces.hr,4
najdonator.eu,4
nas-zivot.hr,4
www.majevicaonline.info,4
native.tportal.hr,4
nastjacool.com,4
naslovi.net,4
www.lentismed.hr,4
www.leykam-international.hr,4
www.lf-medicalgroup.com,4
nasarijec.ba,4
www.licko-senjska.hr,4
www.lavieshobaine.com,4
www.iscjeljivanje.net,4
www.kutina.in,4
www.maliputnici.com,4
www.maralgelis.com,4
www.mobrog.com,4
www.modricainfo.com,4
www.modrihorizonti.com,4
www.moja-asistenca.com,4
www.mojacokolada.hr,4
www.mojacvecara.com,4
www.latica-garcin.hr,4
naturalwealth.com.hr,4
www.lasinja.hr,4
www.las.hr,4
www.lomejordelamusica.es,4
www.lot.hr,4
najbolja.net,4
nagradneigre.net,4
www.lotos-osijek.hr,4
www.lovac.info,4
www.lszd.hr,4
www.ludens.media,4
www.ludomore.com,4
www.luxmagazine.hr,4
mz-consulting.org,4
www.lipa-pazin.hr,4
www.ligaprotivrakadubrovnik.hr,4
www.lifestyleclub.ba,4
www.lidlovakuhinja.hr,4
nekretnine-istra.com,4
www.kuzivancija.com,4
www.kvadrat.hr,4
ncs.hr,4
www.mojaobitelj.net,4
www.mojapricaozagrebu.hr,4
www.molgroupcards.com,4
www.mepas-mall.com,4
www.metak.hr,4
mrv.ba,4
www.mft.gov.ba,4
www.mi3dot.org,4
mrakovanje.wordpress.com,4
www.mini-bosnia.com,4
www.mep.hr,4
otputuj.com,4
nemojsrati.com,4
www.kumrovec.hr,4
novisvijet.com,4
www.inbar.hr,4
novinesjevera.me,4
www.inforur-koska.hr,4
www.ingkacentres.com,4
www.inreformator.ba,4
www.instantworldbooking.com,4
www.international-arbitration-attorney.com,4
www.iptpo.hr,4
www.mercedes-benz.ba,4
www.medvescak.hr,4
www.montelektro.hr,4
www.mapei.com,4
www.mostar-fair.com,4
www.motorevija.com.hr,4
www.mozartine.hr,4
www.mrtvaegzotika.com,4
www.mt.com,4
www.musculus.hr,4
www.muzej-turopolja.hr,4
motopuls.hr,4
www.mobilisis.hr,4
www.mljet.hr,4
www.misusovo.com,4
www.marijanci.hr,4
www.marinapomorac.com,4
www.markething.hr,4
www.markozapregradu.eu,4
www.mdc.hr,4
www.meblo.hr,4
www.medico.ba,4
www.medvednicatrail.run,4
euromont.hr,4
javniservis.net,4
balkanskahurem.com,4
biolab.hr,4
butik.plemenit.hr,4
bistricki-zvukolik.com.hr,4
aetencongresos.es,4
bisevoislandartistresidency.org,4
forum.motori.hr,4
frilla.hr,4
cafe.ba,4
frendica.online,4
hercegovina.edu.ba,4
hevi.hr,4
igranje.hr,4
bio-san.eu,4
alkemichar.voxxyz.com,4
bihvijesti.com,4
adriaticsearch.com,4
starter.estudent.hr,4
ho.belvilla.hr,4
cetirisobepromjene.hr,4
hor.bgrepon.ru,4
fitnes-uciliste.hr,4
business.tutsplus.com,4
business-klinika.com,4
cams.astro24h.hr,4
franchising.hr,4
demokrati.hr,4
humanenergydesign.com,4
hr.johnnybet.com,4
hugyourlife.eu,4
biljeznica.com,4
karike.ba,4
biljke.bosnianforum.com,4
karijera.zubakgrupa.hr,4
casavita.hr,4
biljkoljupka.com,4
jednizadruge.hr,4
careerdate.fer.hr,4
fphs.org,4
fpzg.hr,4
bima-shop.hr,4
fra.europa.eu,4
fra3.net,4
heyfiesta.com,4
cancerdrunk.xyz,4
fitera.hr,4
fitanansi.com,4
fkk-djakovo.hr,4
hlapicevducan.eu,4
central-osiguranje.com,4
hkz-muenchen.de,4
cibalia.info,4
healthylittletooth.com,4
hdzbih-travnik.org,4
blok.hr,4
blokzahrvatsku.hr,4
gkdubrava.hr,4
gkmm.hr,4
gss-hbz.com,4
gkvu.hr,4
bratovstina-sv-bernarda.hr,4
bo.guruanimal.ru,4
groznjan-grisignana.eu,4
greta.hr,4
glia.hr,4
aircash.eu,4
greaterzion.com,4
josipdol.hr,4
florahandmade.ba,4
fluminensia.ffri.hr,4
firstsupershop.com,4
biakova.com,4
beskucnici.info,4
financijskiimpuls.org,4
film-mag.net,4
filipovic-advisory.com,4
chrne-mambe.com,4
alumni.efst.hr,4
besplatne-e-knjige.blogspot.com,4
hedonism-tourism.org,4
flacius.info,4
bhraja.ca,4
forum.camping-croatia.com,4
hjs.hr,4
bih.boljiposao.com,4
biganimal.net,4
forgebit.com,4
bible.org,4
flash.hr,4
fondovihr.lumos.group,4
centar-tomislavspoljar.hr,4
igbd-gw.org,4
aromatica.ba,4
balkanskautopia.info,4
021portal.hr,4
dom-nustar.hr,4
arca.hr,4
dom.covermagazin.com,4
archive.forum.travian.ba,4
arctis.hr,4
digital.avaz.ba,4
api-had.hr,4
iowp.eu,4
inovacijskaplatforma.hr,4
diopter.hr,4
dravet-sindrom-hrvatska.hr,4
100.fkit.hr,4
diogenplus.weebly.com,4
disney.fandom.com,4
dispet.org,4
dinarabacktolife.eu,4
internationaldriversassociation.com,4
designdistrict.hr,4
dinalpbear.eu,4
dizajnstudio-michel.com,4
infini.hr,4
detailing.hr,4
ipon.hr,4
aquarius-pakostane.com,4
dantes.com.hr,4
dvd-jastrebarsko.hr,4
danbezmobitelauprometu.uhms.hr,4
dv-zvirek.hr,4
dvd-divosevci.hr,4
dankosimac.com,4
hummel.hr,4
dvd-gacice.hr,4
knjizaraum.hr,4
bosanskasumejja.com,4
hvarski.net,4
dnd-gradkarlovac.hr,4
informator.com.hr,4
dianomaya.com,4
dnevni24.info,4
komunalac-samobor.hr,4
apps.apple.com,4
dobartek.spar.hr,4
doczz.net,4
diligo-liber.hr,4
djecji-vrtic-opuzen.hr,4
djecjivrtic-potocic.com.hr,4
dv-ivancica.hr,4
dv-radost-vela-luka.hr,4
iskra-waldorf-hrvatska.hr,4
drstimac.com,4
definicijahrane.hr,4
drnis.hr,4
inbar.hr,4
arheopress.hr,4
arhiv.vlada-hnz-k.ba,4
donjividovec.hr,4
dora-pandora.com,4
arhiva.hhs.hr,4
arhiva.mjere.hr,4
dental-centar-mimica.hr,4
antibiotic.ecdc.europa.eu,4
dpbo-petrinja.hr,4
isbnpa2015.org,4
deltasecurity.ba,4
2co2.ufzg.hr,4
dporeport.eu,4
asinfo.info,4
dv-ciciban-vg.hr,4
djecjivrticdjakovo.hr,4
hvidramaksimir.hr,4
investor.hr,4
djecjivrticmatulji.hr,4
insig.ru,4
intellectus.hr,4
husr.hr,4
dominikanski-samostan-st.hr,4
argentum.hr,4
identalia.hr,4
idemoputovati.com,4
dcbeauty.hr,4
annona.hr,4
idadidacta.hr,4
45lines.com,4
davorincernoga.com,4
dundovo.hr,4
durance.hr,4
durango.hr,4
islamskiedukativni.wordpress.com,4
dv-biograd.hr,4
br2-arhiva.carobna-frula.com,4
boljastrana.ba,4
bolji-ljubuski.com,4
commonfare.net,4
auraljubavi.blogspot.com,4
eclectic.hr,4
audiocinema-art.hr,4
ebus.hr,4
angelusnekretnine.hr,4
hrvatskaprotivraka.hr,4
kbk-mornar.hr,4
hr.psorilax-cream.site,4
hr.prsfertility.com,4
hr.gorenje.com,4
bosanskikuhar.ba,4
hr.goji-cream-official.site,4
exedra.online,4
hr.fooddiscoverybox.com,4
hr.eurogami.eu,4
banovici.net,4
hr.eastsculpture.com,4
hr.duncanda.com,4
faluninfo.ba,4
izm.hr,4
hrvatski-pravaski-dom.webnode.hr,4
czkidn.hr,4
e.math.hr,4
czk-cakovec.hr,4
e-boravak.blogspot.com,4
hsup.hr,4
czsssb.hr,4
hsz.hr,4
hteam.org,4
dzematstariilijas.ba,4
hubih.sfera.ba,4
hucuk.hr,4
dw-inductionheater.com,4
dvpetarpansdj.hr,4
atelierbebes.com,4
emotionbyanakuhanec.com,4
attack.hr,4
hrvzz.hr,4
hrvaticg.blogspot.com,4
hrvatska.volontira.vcz.hr,4
ecrh.hr,4
andrejvistica.com,4
hrvatskakucadisanja.hr,4
hr.dimitrinavasileva.com,4
hr.desoi.de,4
farmanovca.com,4
epson.presspage.com,4
epicentar.eu,4
crnopile.com,4
ba.micinorm.eu,4
cpeu.ffzg.unizg.hr,4
enigmatikatio.blogspot.com,4
croatia.erofertil-pro.site,4
hr.pinkavenueskincare.ca,4
croatia.predstavit-official.com,4
ivanaplechinger.com,4
energetskicertifikati.com,4
croatiaexklusiv-nekretnine.hr,4
hr.opskar.com,4
ivanabijelic.com,4
ivanska.hr,4
ess.hr,4
kepesujsag.com,4
eurovilla.hr,4
hr.hakone-area.com,4
europski-dom-sb.hr,4
babycentar.ba,4
bagatin-makeover.hr,4
hr.delachieve.com,4
evenio.hr,4
hr.davidkaufmanweb.com,4
adicio.hr,4
bebimil.hr,4
ferralgasa.com,4
circsol.com,4
hr.amigosdelmotor.com,4
izvor-znanja.com,4
bcvaporizer.com,4
hr.gottamentor.com,4
hr.bioxyn-pro.site,4
izsvijetaboljihmogucnosti.t.ht.hr,4
cjelovitost.hr,4
hr.cofttek.com,4
hr.coloringpageforkids.net,4
hr.cph-media.com,4
hr.cultural-opposition.eu,4
hr.blogpascher.com,4
kempo-bijeli-lotos.blogspot.com,4
companiesinc.com,4
e-index.info,4
knjigaljetateens.wordpress.com,4
czzs.org,4
hd-petrinja.hr,4
hastens-kreveti.hr,4
kakopsikomuniciraju.hr,4
blinfo.info,4
games.mi9.com,4
bs.womeninahomeoffice.com,4
gacko-rs.info,4
agatha-christie.net,4
hdz-pv.com,4
hdglir.hr,4
bk-dugoselo.hr,4
gdi.net,4
geapula.hr,4
brunoboksic.com,4
agrosavjet.com,4
gimvis.com,4
gimnazijamostar.ba,4
blog.sport-moda.hr,4
gigaweb-shop.com,4
jktrogir.hr,4
blog.atairbnb.com,4
gbccroatia.org,4
blog.migk.hr,4
bs.rayhaber.com,4
borovica.net,4
books.google.ba,4
gol.ba,4
akademijaznanja.skolskaknjiga.hr,4
bosonoga.com,4
gkc-ivanabelostenca.hr,4
gnkdinamo.hr,4
grad-nin.hr,4
grad-svetanedelja.hr,4
aktiva.hr,4
bonnyworld.net,4
gradjanskisavez.ba,4
gradri.uniri.hr,4
gmsplit.hr,4
brlogpredstavlja.com,4
gkbnm.hr,4
juventus1897.blogger.ba,4
hbogo.ba,4
hciti.hr,4
blog.mihaelsanko.com,4
ggg.hr,4
czsszupanja.hr,4
crveni-kriz-slunj.hr,4
crunchaway.com,4
ivacigrovskij.com,4
iusinfo.com.hr,4
croator.hr,4
kkg-vtc.hr,4
b2b.austria.info,4
croclubstore.ch,4
istrazivanje-dokumentacija.blogspot.com,4
hr.ruxtonhealthcare.com,4
anamuhar.com,4
itsistemi.com,4
eletszepitok.com,4
anarhija.info,4
ayd.hr,4
electionsmeter.com,4
analiziraj.ba,4
cvit-mediterana.hr,4
edpb.europa.eu,4
klub-mariska.hr,4
hr.tierient.com,4
ekspanzija.com,4
jogopedija.com,4
hr.urotrin-official.site,4
gentleday.hr,4
harissa.hr,4
harpazo.net,4
ghdonat.com,4
dvdtrnje.hr,4
izvrsnost.hr,4
festivalglazbezagreb.org,4
aaa.cromalternativemoney.org,4
edukacija.rs,4
aabh.ba,4
hrasno.info,4
hrana.roditelji.me,4
hrana-hrvatskih-farmi.hpa.hr,4
klimatizacija.hr,4
eho-portal.com,4
hr.wizcase.com,4
klfil.unizd.hr,4
cssng.hr,4
hr.watchrapport.com,4
pp-lonjsko-polje.hr,4
www.gavella.hr,4
preho.hr,4
www.zzjziz.hr,4
zara-tarot.com,4
zaradanawebu.com,4
zavodbjelovar.com,4
zazeli-lagkarasica.com,4
zdravabeba.hr,4
zdravoskop.rs,4
yolobook.com,4
krnjeval.com,4
yacht-charter-croatia.eu,4
kuvo.rmpbs.org,4
www.zupavelikamlaka.hr,4
www.zupa-krapina.hr,4
www.zupa-krasic.hr,4
www.zupa-leopold-mandic.hr,4
www.zupa-mucenistva-sv-ivana-krstitelja.hr,4
www.zupa-navjestenja-bdm.hr,4
www.zupa-sv-antuna.hr,4
www.zupa-sv-jakoba-prelog.hr,4
www.zupa-svetog-mihajla-dubrovnik.com,4
www.zupa-svvida-svjurja.hr,4
zaposleni.roditelji.me,4
ksc-sarajevo.com,4
zaklada-markobrkic.hr,4
zagrebacka.webmediaweb.com.hr,4
www.robinzonski-smjestaj.eu,4
www.skoda.ba,4
www.roditelji.me,4
www.rr-solutions.hr,4
www.rtvusk.ba,4
male-stvari.hr,4
malaterezija.hr,4
www.ruletonline.eu,4
www.runcroatia.hr,4
www.russia.hr,4
www.rogatica.com,4
ljubici.com,4
www.udruga-putevimilosti.net,4
ljof.ba,4
yourangelfairy.com,4
zaba.hr,4
zabava.hr,4
zagreb-skupstina.sayit.mysociety.org,4
kucni-ljekar.com,4
www.zupa-ubdm-kupinec.hr,4
www.zupskiportal.hr,4
lopar.com,4
krik-kr.hr,4
kraljeva-sutjeska.com,4
kritikaz.com,4
zena.blic.rs,4
zenamajkaglumica.com,4
zenskamreza.ba,4
zenskica.com,4
kristadobrogpastira.com,4
krila.org,4
www.zsunm.hr,4
zkuu-smz.hr,4
www.zuuzz.hr,4
zlatnakosarica.com.hr,4
znacenjesnova.co,4
krapina.net,4
kranjcic.hr,4
znam.com.hr,4
znsvpz.hr,4
zidovi.hr,4
www.zsem.hr,4
www.zona047.ba,4
zona-znanja.hr,4
zraka-sunca.hr,4
zrinska-garda.hr,4
kontroling-portal.eu,4
www.zzjz-zz.hr,4
www137.imperiaonline.org,4
zebrakom.hr,4
zeleni-ponedjeljak.com,4
zeljko.kerum.hr,4
zrsz.hr,4
zupa-bdmz-spansko.hr,4
zupa-cakovec-jug.com,4
zupa-klostar-ivanic.hr,4
kosova.info,4
kosmagazin.com,4
zupa-krasic.hr,4
zupaduhasvetoga-nustar.hr,4
zupajelah.ba,4
zupanet.hr,4
koopertins.com,4
kookylovestotravel.com,4
zupskiportal.hr,4
zvjezdopisi.com,4
www.rks-louisbraille.hr,4
malizakladi.hr,4
malolosinjska.stvarnost.hr,4
www.ra-vsz.hr,4
ludvig-designe.com,4
ludujemo.info,4
www.tkswibir.hr,4
lumenia-adriatic.com,4
www.ucg.ac.me,4
mail.lokalpatrioti-rijeka.com,4
www.skladistenje.com,4
www.quehenberger.com,4
www.ra-mrav.hr,4
www.rab.hr,4
www.rkp.hr,4
www.radio-capljina.com,4
www.radiobalkanmusic.com,4
www.radioljubavi.com,4
www.radionica.hr,4
www.radosnavijest.com,4
www.rakovec.hr,4
mar-ing-nekretnine.hr,4
www.raskrinkavanje.me,4
mapio.net,4
www.tisno.hr,4
www.thule.com,4
luftika.rs,4
www.testovi.covermagazin.com,4
www.tuv-nord.com,4
logoterapija.com,4
logiko.hr,4
www.tz-zlarin.hr,4
lkbumbar.hr,4
www.uaba-opatija.hr,4
lpc.halpet.eu,4
www.topshop.ba,4
www.top.medjimurje.info,4
www.tme.eu,4
www.svastara.com,4
www.svetianteknin.com,4
www.svijet-medija.hr,4
www.svijetbilja.com,4
www.svirka.info,4
www.taekwondo-metalac.hr,4
www.tehnicka-skola-karlovac.hr,4
www.skolamedvinogradska.hr,4
www.telektra.hr,4
mandrilo.com,4
www.rc-rijeka.hr,4
www.putputujem.hr,4
www.samoozena.com,4
www.sandzaklive.com,4
www.sat-multimedia.com,4
www.schaumann.hr,4
www.scpu.hr,4
www.sczg.unizg.hr,4
www.sdef.hr,4
www.seat.hr,4
mail.svetijosip.com,4
www.sftim.com,4
www.shira.alu.hr,4
www.sic-journal.org,4
www.skidajmo.com,4
www.skijasko-uciliste.hr,4
www.salveopharma.hr,4
www.sailingeurope.com,4
www.safu.hr,4
www.rusulica.com,4
www.rgn.unizg.hr,4
www.rknexe.hr,4
www.sandrovac.hr,4
www.rent-kombi.hr,4
www.recaro-kids.hr,4
www.recepti.com,4
www.ptfos.unios.hr,4
marracosmetics.com,4
www.pravapacijenata.ba,4
www.prehistoryadventure.eu,4
mclaren.blogger.ba,4
mbosna.eu,4
www.prelistaj.com,4
matulji.hr,4
www.prijevoz.hr,4
www.prima-namjestaj.hr,4
www.pristupacno.pilar.hr,4
www.project4life.com.hr,4
www.prolex.me,4
www.propisi.hr,4
www.proteini.si,4
marulianus.hr,4
marsovci.hr,4
www.prva.hr,4
www.recepti-svijeta.com,4
www.znaksagite.com,4
www.veemee.eu,4
www.vef.unizg.hr,4
www.otok-brac.hr,4
www.niar.rs,4
mobilmedia.hr,4
www.nkc-sisak.hr,4
mnkbrotnjo.com,4
www.njemacka-posao.com,4
www.ovb.hr,4
www.otok-pag.hr,4
mobilematt.net,4
www.otok-hvar.hr,4
www.otisci.net,4
www.perpetuum-adventure.hr,4
www.os-veliko-trgovisce.skole.hr,4
www.perforum.info,4
mesihat.org,4
www.newsaperp.com,4
mladicentar.org,4
mladiniksica.me,4
mohokultura2020.blogspot.com,4
www.peljesac-lupis.com,4
modushealthcard.com,4
modeline.hr,4
www.oscg.me,4
www.pandhys.com.hr,4
www.ngbuntovnici.com,4
www.odvjetnik-marinkuvac.hr,4
www.ori.hr,4
www.natonatjecaji.hr,4
mistermega.hr,4
www.poliklinika-orlando.hr,4
www.natura-histrica.hr,4
www.poistri.eu,4
www.os-belec.skole.hr,4
www.podvinje.org,4
www.natura-slavonica.hr,4
www.podsmokvom.com,4
www.os-brace-ribar-posedarje.skole.hr,4
mineralexpo.hr,4
www.os-cetvrta-vz.skole.hr,4
www.planinarsko-drustvo-pazinka.hr,4
mojauprava.hr,4
www.oglasnik.hr,4
www.nemoviz.org,4
www.peregrin.hr,4
www.pecnik.ch,4
www.neofen.hr,4
www.pecat.co.rs,4
www.opcina-levanjska-varos.hr,4
www.myprotein.ba,4
www.mycity.rs,4
www.mycity-military.com,4
www.pozitivanritam.hr,4
www.op2m.eu,4
www.opatija.hr,4
www.opatija-tourism.hr,4
www.naklada-pavicic.hr,4
www.oi3maj.net,4
www.osmrtnica.ba,4
medikol.hr,4
mojdoktor.me,4
www.ordic.hr,4
mojdoktor.ba,4
www.poliklinikavitalis.com,4
medicinska-mreza.com,4
www.natasamartinic.com,4
medijacija.hr,4
staklenozvono.org,4
www.onajkojikuca.com,4
www.omni-biotic.com,4
www.pdklekovaca.org,4
www.okus-doma.hr,4
www.os-sinise-glavasevica-vu.skole.hr,4
www.pcekspert.com,4
www.pc-grupa.com,4
mlv.hr,4
www.os-stjepanaradica-bibinje.hr,4
www.netinfo.hr,4
www.pansion-anja.com,4
minipolis.hr,4
www.os-dtadijanovica-vu.skole.hr,4
www.ombudsman.europa.eu,4
www.pomorskiradio.hr,4
mojgruntek.hr,4
minutadvije.hr,4
www.opcina-vrbnik.hr,4
moji-tragovi.blogspot.com,4
www.natalijapavlakovic.com,4
www.opcina-sali.hr,4
www.nassfeld.at,4
www.poliklinikahilarus.com,4
www.pkosijek.hr,4
www.odmor123.eu,4
www.velegs-nikolatesla.hr,4
www.umoigraonica.com,4
www.visitslavonija.hr,4
www.uke.hr,4
www.uniqa.hr,4
litre.hr,4
literatura.hr,4
www.usfm.hr,4
www.uss.hr,4
www.uvsjp-alfa.hr,4
www.uzivoradio.net,4
mdf.com.hr,4
www.petarzrinski.hr,4
licnefinansije.com,4
www.vojnic.hr,4
latice.hr,4
lartoffashion.com,4
www.zelena-cistka.org,4
www.zelena-istra.hr,4
lank.fr,4
lajger.com,4
www.zelenenovine.rs,4
www.uid.hr,4
www.uhbhep.hr,4
www.udvdr.hr,4
www.udrugabonsai.hr,4
www.veleri.hr,4
www.velvetpepperstudio.hr,4
www.vestidana.net,4
www.vhzk.hr,4
www.vidovitost.net,4
www.villaluna-trogir.com,4
www.vinogradarstvo.com,4
www.vir.hr,4
www.visitcakovec.com,4
www.visitdaruvar.hr,4
www.visitmalinska.com,4
life.hr,4
www.vdp.hr,4
www.vcz.hr,4
lions.hr,4
www.vagisan.com,4
ljmc-zaklada.ffzg.unizg.hr,4
www.udruga-zvoncici.hr,4
ljepoticasi.com,4
lag-zagora.hr,4
www.zeleni-list.net,4
www.zenaidijete.hr,4
www.ww.idoconline.info,4
www.zadarska-zupanija.hr,4
www.vzz.hr,4
www.pragueairport.co.uk,4
qwadu.com,4
www.pametanrast.hr,4
www.os-druga-bj.skole.hr,4
www.ostitusabrezovackog.hr,4
medvidja.com,4
medzlis-zvornik.info,4
mojasudbina.net,4
www.obrtnicka-komora-zadar.hr,4
www.pfri.uniri.hr,4
mk-veterani.hr,4
www.nedeljnik.rs,4
mef.unizg.hr,4
www.os-mdrzica-zg.skole.hr,4
moja-kuhinja.com,4
mikroklima.com.hr,4
www.os-nhribara-velikagorica.skole.hr,4
www.xhc-heater.com,4
www.worldplaces.net,4
www.zeneimediji.hr,4
lemilica.com,4
www.zenska-udruga-izvor.hr,4
www.zgh.hr,4
www.zivotuirskoj.eu,4
labo.hr,4
www.zastitanaradu.com.hr,4
lda-sisak.hr,4
www.zarulje.com.hr,4
www.zargonaut.com,4
www.volimvlasici.hr,4
www.vrnjackabanja.biz,4
www.vrtic-ivankovo.hr,4
www.vrtic-smijesak.com,4
www.vrtic-smokvica.hr,4
www.vsc-pro.com,4
www.vuka.hr,4
www.vodice.hr,4
www.vv-projekt.hr,4
www.waypoint-int.com,4
www.wcifly.com,4
look4accommodation.com,4
www.orion-produkt.hr,4
www.trgovina-blazevic.hr,4
slowage365.hr,4
skole-sdz.hr,4
skolski.hrt.hr,4
skvus.hr,4
sl.hauff-technik.com,4
sl.lizarder.com,4
slavkasekulic.from.hr,4
slavonia-baranja-travel.com,4
slavonski-planinari.hr,4
slobodari.com,4
sisak.hdz.hr,4
putuaustraliju.com,4
sini.hr,4
sindikatbiciklista.hr,4
sindikat-pvh-zagreb.hr,4
samogradnja.info,4
samostan-tomislavgrad.info,4
prosirenevene.com,4
satmedia.hr,4
savjetovanja.gov.hr,4
sci-fi.narkive.hr,4
skolamedvinogradska.hr,4
skola.hr,4
skol.hr,4
sknelly.com,4
razvojnicentar.ba,4
reakvarner.hr,4
rtvsrebrenica.org,4
recepti.index.hr,4
receptizasve.com,4
recuperaspa.com,4
pustopoljina.ba,4
reformisti.hr,4
regos.hr,4
reha.hr,4
rei.com.hr,4
remisija.hr,4
receptikolaci.net,4
smaragdtravnik.com,4
ruskaljetopis.hr,4
sales-machinery.hr,4
sjemezivota.blogspot.com,4
privatnismjestaj.hr,4
pristupinfo.hr,4
seljackasloga.hr,4
semberija.info,4
rzr.vusb.hr,4
www.barbi-igre.net,4
www.barolinbelic.com,4
www.basilica.hr,4
www.bazeni24.hr,4
www.be-terna.com,4
www.bednja.hr,4
www.beko.com,4
www.autoitocka.com,4
www.autobat.ba,4
www.astronautika.com,4
www.astrejaplus.hr,4
www.ajproizvodi.com,4
www.akuzativ.com,4
www.alfa.hr,4
www.all4kids.com.hr,4
www.allmall.hr,4
www.almagea.hr,4
www.also.com,4
www.amc.info,4
www.belica.hr,4
pethome.hr,4
www.balet.com.hr,4
serviceyards.com,4
www.babicinikolaci.com.hr,4
shedonistana.com,4
shoelove.deichmann.com,4
shop.egmont.hr,4
shop.meridijani.com,4
proconsulta.hr,4
si.ofs.hr,4
sibenik.sdp.hr,4
simicevisusreti.info,4
sevdah.tv,4
mojtv.net,4
tzgpag.hr,4
tzokrasic.hr,4
phy.uniri.hr,4
www.automobili.ba,4
phralipen.hr,4
www.autonomija.info,4
www.avantgarde-museum.com,4
www.aviaspotter.it,4
petrinja.hr,4
rasadnik.fyi,4
rama.hr,4
www.animalist.eu,4
tripalo.hr,4
svetikrizsisak.hr,4
tk-tnt.hr,4
postaja.ba,4
tntkids.tv,4
toolbox.hr,4
tower-center-rijeka.hr,4
tpz.karmel.hr,4
trade.ec.europa.eu,4
tri.com.hr,4
triprabbits.com,4
radiomarija.ba,4
trnovec-bartolovecki.hr,4
ttk-strka.hr,4
turopolje.hr,4
portal.uniri.hr,4
tvojanovastranica.com,4
tz-drnis.hr,4
tz-lastovo.hr,4
timnekretnine.ba,4
thenpcstudy.com,4
poznanstva.net,4
prilisce.hr,4
sportski.me,4
ssgm.ba,4
sss-makarska.hr,4
www.trebam.hr,4
prijevoz.hr,4
socijalizam.info,4
spandram.com,4
spes.hr,4
sph.hr,4
prigorje.hr,4
spm.hr,4
sportam.info,4
pp-grabovaca.hr,4
sportdc.net,4
src-sisak.hr,4
srd-ogulin.hr,4
ss-industrijska-strojarska-zg.skole.hr,4
ss-industrijsko-obrtnicka-sb.skole.hr,4
ss-oroslavje.skole.hr,4
ss-petrinja.skole.hr,4
preokret.info,4
the-lab.hr,4
svetly3.ru,4
svijetfilma.eu,4
repozitorij.pmf.unizg.hr,4
publikationen.ub.uni-frankfurt.de,4
repozitorij.unin.hr,4
psihoterapijamarinac.com,4
ribolov.de,4
psiholoska-komora.hr,4
rijecka.stvarnost.hr,4
rijeczivota.hr,4
rino-institut.hr,4
pseno.hr,4
roranatura.hr,4
rotorzg.blogspot.com,4
rs-lat.sputniknews.com,4
prvasmjena.com,4
repozitorij.fazos.hr,4
repozitorij.aukos.unios.hr,4
pulsus-savjetovanje.hr,4
renatomatic.com,4
radioilijas.ba,4
radiomango.eu,4
pucko-uciliste.hr,4
repozitorij.pharma.unizg.hr,4
svismomiizistogfilma.com,4
repozitorij.fsb.unizg.hr,4
svisveti.hr,4
svjedocanstva.wordpress.com,4
svjetlost.hr,4
svtoma.com,4
szgnasice.hr,4
sveti-mihael-zagreb-dubrava.net,4
tabitha.hr,4
povijest.fandom.com,4
taekwondo-jastreb.hr,4
takeabreak.com.hr,4
tataslaven.com,4
technoshop.ba,4
terraconbusinessnews.com,4
tesanj.net,4
test.vrhbosanska-nadbiskupija.org,4
tabletezamrsavljenje.com,4
tzdjakovo.eu,4
smokvica.hr,4
primorska.webmediaweb.com.hr,4
www.anabozac.com,4
thomaskezele.com,4
www.apolonija.hr,4
vodnjandignano.com,4
webshop.kucazdravlja.hr,4
volzy.com,4
vrbas.blogger.ba,4
vrtic-izvor.zagreb.hr,4
vrtic-kockica-krsan.hr,4
vrtic-kolibri.zagreb.hr,4
vrtic-krijesnice.zagreb.hr,4
vrtic-maslacak-belisce.hr,4
vrtic-mrvica.hr,4
vrtic-paski-malisani.hr,4
unitrade.ba,4
vrtic-suncokret.hr,4
vrtici.karmelbsi.hr,4
vukajlija.com,4
vukovisadunava.com,4
vvg.hr,4
vvg.simple-code.net,4
wd40.hr,4
web-trgovine.com,4
vrtic-srednjaci.zagreb.hr,4
whoiswhoinit.com,4
pkosijek.hr,4
pkdubrava.hr,4
www.agr.unizg.hr,4
www.aikidocentar.com,4
podcrkavlje.hr,4
volcanoplus.me,4
wings-travel.com,4
worlddogfinder.com,4
wwq.cromalternativemoney.org,4
www.032portal.hr,4
www.3m.com.hr,4
pitovblog.blogspot.com,4
www.aba-liga.com,4
www.accessconsciousness.com,4
www.acer.com,4
www.addiko.hr,4
pitagora.mathos.hr,4
pisarovina.hr,4
www.adria-planet.eu,4
www.adriaski.net,4
www.agencija-sandra.hr,4
www.agencijaspektar.com,4
www.muzejbelisce.hr,4
novikonjic.ba,4
mojsvijet.hr,4
mail.hajduk.hr,4
www.softball.hr,4
www.sokol-karate.hr,4
mail.crljenak.com,4
magniflex.hr,4
www.spar.hr,4
www.specijalist.com,4
www.speleo.hr,4
magister2.org,4
www.spiritofbosnia.org,4
www.sracinec.hr,4
www.suh.hr,4
m.ba.synlett-patio.com,4
www.sulikum.hr,4
www.topvita.info,4
www.tordinci.hr,4
www.aquilonis.hr,4
www.travnicki.ba,4
www.toyota.ba,4
www.transformativeworks.org,4
www.sobe-smestaj.com,4
www.smeh.rs,4
www.ss-pomorska-bakar.skole.hr,4
www.smc.eu,4
www.ss-tehnicka-st.skole.hr,4
www.ss-tur-ugo-trg-pu.skole.hr,4
www.ss-umjetnicka-lsorkocevica-du.skole.hr,4
www.ssmb.hr,4
www.standard.co.me,4
www.muziker.hr,4
www.stela-apartmani.com,4
www.stenograf.hr,4
www.stormfront.org,4
www.stotinka.hr,4
m.hr.bjherbest.com,4
www.stucos.unios.hr,4
www.studenac.hr,4
m.croatiaairlines.com,4
www.srijembiskupija.rs,4
m.burnerapp.com,4
www.srbijabiznis.com,4
www.sporazumgradonacelnika.eu,4
mail.libela.org,4
udrugazana.hr,4
www.slobodnarijec.net,4
politickamisao.com,4
www.bezveze.com,4
www.castrum-pula.hr,4
www.cazma.hr,4
www.cener.hr,4
www.bratunac.ba,4
www.branka-jakelic.com,4
www.bpkg.gov.ba,4
www.bozjarijec.com,4
www.besafe.hr,4
www.bestcroatianproperties.com,4
peljesac.hr,4
www.bolnica-nemec.hr,4
peljar.cvs.hr,4
www.bgladprod.com,4
www.bijeljina.org,4
www.bilice.com.hr,4
www.belupo.hr,4
www.bioandina.hr,4
www.bioteka.hr,4
pdimber.com,4
www.bliss.hr,4
paedcro.com,4
www.cargobull.com,4
www.cantus-ansambl.com,4
www.camps-cres-losinj.com,4
www.artistassinfronteras.es,4
piramidasunca.ba,4
www.aromaterapija.biz,4
www.arktik.eu,4
una-croatia.org,4
www.asocijacijaxy.org,4
pirn.hr,4
www.airport-dubrovnik.hr,4
www.belmet97.hr,4
www.benning.de,4
parklio.com,4
paresia.hr,4
www.breznica.hr,4
www.brodoto.com,4
papilon-design.com,4
www.budizdrava.com,4
pantovcak-nekretnine.hr,4
www.burza-ideja.hr,4
www.cajoteka.info,4
www.blum.com,4
www.brzevijesti.ba,4
www.bonusnekretnine.hr,4
vjencanjeistra.com,4
vkp.hr,4
usn.co.ba,4
poliklinika-markusic.hr,4
uosikazu.hr,4
uoporec.hr,4
uawildoleft.ru,4
ucenicki-dom-lovran.hr,4
uciliste-ugostiteljsko-turisticko-zg.skole.hr,4
ucitelji.hr,4
udruga-umirovljenika-ludbreg.hr,4
ponikve.hr,4
udrugapogled.hr,4
vlautomatika.hr,4
umrli.me,4
udrugaroditeljakpk.hr,4
umjetnost-komunikacije.hr,4
www.bosch-diy.com,4
ulupuh.hr,4
uhri.hr,4
vjestak-informatika.com,4
udruga128brhvsvetivid.hr,4
ujtyzita.tk,4
vegge.blogger.ba,4
www.biocentre.hr,4
tzmetkovic.hr,4
visitimota.com,4
www.boyinra.info,4
www.airbnb.ba,4
www.aikb.net,4
vasaapoteka.com,4
vdocuments.mx,4
vedriduh.com,4
varazdin-sport.hr,4
velika-pisanica.hr,4
vinkoprom.com,4
virusi.hr,4
veteranividra.hr,4
vijestidana.com.hr,4
pokretanjeblog.wordpress.com,4
virealno.com,4
veliko-trojstvo.hr,4
www.pekarskiglasnik.com,3
www.piv.hr,3
gmstz.com.ba,3
tenabe.hr,3
tenisklub-medjugorje.com,3
terme-jezercica.hr,3
tenzeratenzera.blogspot.com,3
www.pedijatrija.hr,3
gm-korcula.com,3
geografija.hr,3
www.palunko.org,3
www.permakultura.hr,3
toplistaknjiga.hr,3
glasnik-sim.hr,3
gnijezdo.hr,3
tamoiovde.wordpress.com,3
www.persen.hr,3
gogss.hr,3
tehno-partner.hr,3
terran.hr,3
www.pestrid.hr,3
bosniak.org,3
teamtrucker.org,3
www.pfst.unist.hr,3
www.pgz.hr,3
www.pikolin.si,3
taste-of-lifee.blogspot.com,3
tarot-sibila.com,3
tuspas.ba,3
bosch.ehome.hr,3
tamodaleko.co.rs,3
bosnia-and-herzegovina.goji-cream.eu,3
www.os-ikukuljevica-sk.skole.hr,3
tuzlainfo.ba,3
www.os-pucisca.skole.hr,3
www.os-horvati-zg.skole.hr,3
www.os-gkrkleca-zg.skole.hr,3
ucenje-engleskog-jezika.blogspot.com,3
uciliste-umag.hr,3
uciliste-virtus.hr,3
bs.martech.zone,3
www.os-sela.skole.hr,3
bs.approby.com,3
topportal.info,3
brodjanka.blogspot.com,3
www.ottobock.hr,3
teglica.ba,3
www.paedcro.com,3
tortekolaciivanka.blogspot.com,3
gktresnjevka.hr,3
tzvelaluka.hr,3
www.os-ibmazuranic-koska.skole.hr,3
generalski-stol.hr,3
bs.gem.agency,3
www.os-primorje-smokovljani.skole.hr,3
bs.cfnetwork.co.uk,3
gestalt-psihoterapija.net,3
www.os-pakostane.skole.hr,3
www.os-kraljicejelene-solin.skole.hr,3
www.os-kastanjer-pu.skole.hr,3
www.os-jsizgorica-si.skole.hr,3
bs.hiloved.com,3
tz.valpovo.hr,3
tzbaranje.hr,3
www.os-jjstrossmayer-trnava.skole.hr,3
www.os-sesta-vz.skole.hr,3
geniuslogicus.eu,3
bs.harun-yahya.net,3
tahograf.com.hr,3
varazdinska-zupanija.hr,3
glurdska-kapucini.blogspot.com,3
www.obrtnicka-skola-pozega.hr,3
uvsjp-alfa.hr,3
uz-gangu-i-bukaru.com,3
but.hr,3
uzkafu.info,3
vage-lukavecki.hr,3
vatrogasci-brela.com,3
www.off-shore.net,3
valeno.hr,3
valentinustravel.com,3
valex.hr,3
bybacko.ucoz.com,3
bymosher.blogspot.com,3
friendship.forumcroatian.com,3
www.odp.org,3
www.odgojnidom-ivanec.hr,3
uvjerenje.skolski-sport.hr,3
usud.hr,3
ustanova-tigrovi.hr,3
freeoglasnik.hr,3
fra-gimnazija-sinj.com,3
www.noiseeyes.com,3
caritas-mostar.ba,3
www.otok-losinj.hr,3
caritas.djos.hr,3
vck.vallis-colapis.hr,3
usm.hr,3
ustanova-findri-gustek.hr,3
uzrup.hr,3
funfactory.hr,3
www.okvpz.hr,3
www.okvir.org,3
uspesnazena.com,3
usr-unabihac.com,3
www.obtamponi-hr.com,3
vatrodojava.hr,3
tesla.com.hr,3
udruga-108-brigade.hr,3
globalanalitika.com,3
www.payback.at,3
www.pavuna.hr,3
www.paul-partner.eu,3
tim-protectus.hr,3
www.partyfortheanimals.com,3
www.parketiunipan.ba,3
tina.linuxpages.org,3
tintilinic.ba,3
tisoshop.hr,3
tkalcic.hr,3
tntradio.ba,3
bratovstina.com,3
www.pametno.org,3
www.pdv.com.hr,3
www.pbf.unizg.hr,3
globe.hr,3
globero.hr,3
gls.hr,3
www.os-budrovci.skole.hr,3
www.bft-automation.com,3
www.os-darda.skole.hr,3
www.pdsvelebit.hr,3
www.pdpaklenica.hr,3
test.eurocommpr.at,3
glowbrain.hiim.hr,3
globus.hr,3
botanickivrh.hr,3
text.medjugorje.ws,3
www.pdf-archive.com,3
www.pcelica-babyoprema.hr,3
bpharm.rs,3
thehollandbureau.com,3
tr-l.org,3
www.arithera.hr,3
trakostyan.hr,3
www.amasci.net,3
www.marivestnovalja.com,3
www.balkanlife.net,3
excel-kobescak.hr,3
www.marinafrapa.hr,3
www.marina-punat.hr,3
www.marina-kastela.hr,3
www.barcaffe.hr,3
www.marijinalegijapetrinja.com,3
www.barskiljetopis.me,3
www.basis-savjetovanje.hr,3
www.bbqhotyard.com,3
www.babesvitamins.hr,3
eurotrim.ba,3
www.beautypharmacy.hr,3
www.begen.hr,3
www.bale-valle.com,3
experienceusa.ba,3
www.bajtbox.com,3
www.alpine.hr,3
www.minifootball.hr,3
fermaj.zmergo.hr,3
www.allianz.hr,3
ferdinandovac.hr,3
www.mindmeister.com,3
www.mindlab.hr,3
www.milosrdnice-zagreb.hr,3
www.baska.hr,3
www.milman.hr,3
femigel.info,3
www.altius.hr,3
www.milisav.me,3
www.arhiv.hr,3
www.armus.hr,3
confluence.educateam.hr,3
www.mama-drama.com,3
europeivf.com,3
www.mass-shoes.com,3
www.ascom-invest.hr,3
www.medilabone.com,3
www.asterion-violette.com,3
www.astro24h.hr,3
www.astrosavjetnik.hr,3
fair-votes.com,3
www.atlantisholiday.ru,3
www.artrea.com.hr,3
www.aurea-krk.com,3
fabijanic.com,3
www.mbs.hr,3
code.tutsplus.com,3
fra-velimir.blogspot.com,3
fabeknekretnine.com,3
clubture.org,3
www.artemis.hr,3
confreriedespetitsgriscessonnais.fr,3
www.bagatinbeauty.hr,3
europeanland.hr,3
www.belvillage.hr,3
www.malisportasi.hr,3
europartner.hr,3
www.berlitz.hr,3
www.berza.ba,3
www.babe.hr,3
www.art-anima.com,3
www.aromara.hr,3
www.asz.hr,3
climatecircus.com,3
www.medjugorje.ws,3
www.arredo-casa.hr,3
www.medjugorje.hr,3
www.alkotesteri.net,3
www.minutadoposla.com,3
transaid.hr,3
cip.gov.ba,3
gidal.org,3
www.os-trpanj.skole.hr,3
vino.hr,3
vinohvar.hr,3
www.nk-polet-smnm.hr,3
vintageindustrial-bar.com,3
www.ana.rs,3
www.anainmamaland.com,3
www.mhz.hr,3
www.ancileburic.com,3
www.mhas-split.hr,3
www.andrijasevci.hr,3
www.animafest.hr,3
www.animalabs.com,3
www.anime-overdose.com,3
trznice-zg.hr,3
gimnastika-cakovec.hr,3
brzoifino.hr,3
www.os-trnoviticki-popovac.skole.hr,3
brinje.hr,3
www.osvnvt.org,3
www.osvit.biz,3
transparentor.org,3
www.ossg.hr,3
trebadaznas.com,3
www.visoko-rtv.ba,3
www.osa-kutina.hr,3
tremak.eu,3
brodsko-posavska-policija.gov.hr,3
gingeraj.com,3
brtonigla-verteneglio.hr,3
www.osce.org,3
gimnazija-velika-gorica.skole.hr,3
www.anitavrdoljak.com,3
www.meteo-info.hr,3
www.antimaterija.com,3
www.ak-brod.hr,3
www.amicus.ba,3
www.alfa-albona.hr,3
www.agronomija.info,3
www.agroturizam-brac.com,3
www.mladinska.rs,3
www.aimeedemars.hr,3
www.akademijadisanja.com,3
www.miatours.hr,3
www.akademijasvjesnogzivljenja.com,3
ciklopea.com,3
www.aktivnahrvatska.hr,3
cim.apuri.hr,3
cincin.be,3
www.mipro.hr,3
www.micronic.hr,3
www.medzlis-konjic.com,3
www.antonio.eu,3
www.appi.ba,3
citycoco.hr,3
fazana.hr,3
cji.com.hr,3
www.apg29.nu,3
www.menerga.hr,3
fatur.hr,3
www.aprive-cosmetics.com,3
farmashop.hr,3
www.aquaparkadamovec.hr,3
fashionmag42.com,3
www.ardeoplam.hr,3
cl.mvep.hr,3
www.arenahotels.com,3
www.medzlis-varazdin.com,3
www.novalac.ba,3
www.donjimiholjac.hr,3
vidovitadzemila.com,3
www.istra-sport.hr,3
www.educarena.com,3
www.educirajme.com,3
dv-sarenaloptica.hr,3
dv-palcica.hr,3
www.efrizer.com,3
www.jvp-drnis.hr,3
www.eho.com.hr,3
dv-bedekovcina.hr,3
www.eistria.com,3
www.justice-report.com,3
www.juricacvjetko.com,3
www.ekomobilis.hr,3
www.dvbb.djecjivrtic-bubabiba.hr,3
www.dv-kucicaodlicitra.hr,3
dask.hr,3
www.dv-malenitalenti.hr,3
www.educamix.hr,3
www.edic-sibenik.eu,3
www.dvvn.hr,3
www.football-evolution.net,3
www.fondovi.hr,3
dv-vukovar2.hr,3
www.dvcvrcak.hr,3
www.dvmalisvijet.hr,3
www.kamookovidi.com,3
dvd-palinovec.hr,3
www.kaido.eu,3
www.dzs.hr,3
www.dzsb.hr,3
www.kalionline.net,3
www.eart.hr,3
dvasrcaikuhaca.hr,3
dvasrca.com,3
www.kbsplit.hr,3
dzposusje.com,3
www.dorucak-za-zene.com,3
www.judoklubdubrovnik.hr,3
dvlj.net,3
www.kastav-touristinfo.hr,3
www.duocommm.com,3
www.karlovacki.info,3
www.duplico.hr,3
dvdosgg.hr,3
www.josipkontaart.com,3
dvorci.hr,3
www.fondbtvrtkovic.hr,3
drenje.hr,3
www.itbizcrunch.com,3
deaflores.com,3
www.istrijana.hr,3
decijkutak.weebly.com,3
dvor.hr,3
dvoznak.com,3
www.dove.com,3
dzenetinatrpeza.blogspot.com,3
dzm.gov.hr,3
www.keune.com,3
www.kenwoodworld.com,3
dalia-partyshop.hr,3
www.draganvaragic.com,3
www.kdvik-rijeka.hr,3
www.kcvode.hr,3
www.dubrovackoprimorje.hr,3
www.kcs-kostrena.hr,3
www.drustvo-energeticara-varazdin.hr,3
www.dv-fijolica.hr,3
www.drustvo-psorijaticara.hr,3
www.kazup.hr,3
www.katolicki.info,3
dental-cro.com,3
www.hapk.hr,3
digitalnezbirke.kgz.hr,3
www.herbal-therapy.hr,3
www.hpdzeljeznicar.hr,3
www.hdo.hr,3
djecjikutak.muzej-rijeka.hr,3
www.hdztresnjevka.com,3
dijaspora.org,3
www.hotelrebro.com,3
djurek.com,3
www.hdkp.hr,3
djecja.tv,3
www.hostinger.hr,3
diwan-magazine.com,3
www.hitna-kzz.hr,3
dimnjacar.hr,3
www.hkf.hr,3
djecjivrtic-osmijeh.hr,3
djecjivrticfijolica.hr,3
www.hkm.lu,3
www.gealan.de,3
www.gastronaut.hr,3
www.maturski.org,3
domnovinscak.hr,3
www.gaudeamus.hr,3
deseta-gimnazija.hr,3
www.gdckzapresic.hr,3
dobranje.hr,3
www.hd-petrinja.hr,3
www.huopp.hr,3
dobardan.info,3
www.herba.hr,3
www.hausengel.hr,3
www.havc.hr,3
www.hbor.hr,3
dinamotosmomi.com,3
www.hocuri.com,3
dkefzg.hr,3
www.had-info.hr,3
www.hrvzz.hr,3
www.hrvoje.hr,3
www.gvozd.hr,3
www.happtory.hr,3
www.ha-mim.net,3
dms-bbz.hr,3
dm2-web.com,3
dnd-ogulin.hr,3
dll-repair.com,3
www.hrvatskaapartmani.hr,3
dkug8.velegs-nikolatesla.hr,3
digitalizuj.me,3
digitalnakoalicija.hup.hr,3
www.hanzekovic.hr,3
www.gtour-medjugorje.com,3
dnd-opatija.hr,3
ding.jobs,3
www.gumelider.com.hr,3
www.hlc-rdc.org,3
www.hmd-cms.hr,3
dip.hr,3
www.hriscanskamreza.net,3
dk.croatia.hr,3
www.humanizam.com,3
dnoom.hr,3
dnd-slatina.hr,3
www.grandal.hr,3
www.greece-hotels.rs,3
www.greenpeace.org,3
www.hsuti.hr,3
www.hsts.hr,3
www.gs-jastrebarsko.hr,3
www.istraga.ba,3
drsirbegovic.ba,3
www.noveigre.hr,3
www.fakultet.ba,3
www.os-absimic-zg.skole.hr,3
www.os-aandjelinovic-sucuraj.skole.hr,3
udruga-leptir.hr,3
udruga-lumen.hr,3
www.oryx-assistance.com,3
www.oruzarnica.com,3
gdckdonjastubica.hr,3
udruga-policije-bpz.hr,3
udruga-turen.hr,3
udruga-uzor-rijeka.hr,3
www.orioly.com,3
udrugaigra.hr,3
udrugamrorah.hr,3
gameperspectives.hr,3
gastroposao.eu,3
gdjenaodmor.com,3
www.organica.hr,3
umjetnicka.net,3
futur-z.com,3
uppercut.com.hr,3
buljan-ceste.org,3
fzgu.hr,3
future-vision.hr,3
www.onkmetkovic.hr,3
upzh.hr,3
urbanka.hr,3
umki.hr,3
futsalzadar.com,3
burboniborovnice.com,3
uredidom.hr,3
www.olx.ba,3
www.oliveclassic.eu,3
umnjaci.com,3
bs.sohbetdizayn.com,3
udruge.gov.hr,3
udzbenici.skolskaknjiga.hr,3
veselabrokula.com,3
vegan.ba,3
vegehop.hr,3
www.nur-islam.com,3
veletrznica.hr,3
velikakladusa.gov.ba,3
veno.com.hr,3
www.novodent.hr,3
www.nymphbyte.com,3
vbv.hr,3
franjevci-humac.net,3
www.novimilenij.eu,3
viavinkovci.hr,3
www.novi-turist.hr,3
capljinka.ba,3
vedska-astrologija.com,3
www.obican.info,3
udzvu.org,3
www.opgovi.hr,3
uergzzz.hr,3
ugdubrovnik.hr,3
uginbpz.com,3
garevac.net,3
garesnica.eu,3
uikckz.dmskckz.hr,3
ukusna-hrana.info,3
cajtung.com,3
uskok.hr,3
uskoplje.info,3
www.olimpici.net,3
veselitrbuh.com,3
vcos.hr,3
freedance.hr,3
fzs.sum.ba,3
upoznajtesvijetokonas.com,3
www.onlinevijesti.com,3
www.johnsonsbabycroatia.com,3
www.insideout.hr,3
www.inovacija-zadar.hr,3
www.itnovosti.com,3
www.itrainer.hr,3
www.electronic-star.hr,3
www.jahorina.org,3
dunjaknebl.com,3
www.flag-skoji.hr,3
www.elektrolux.hr,3
www.jkgaleb.hr,3
dunav.at,3
www.jebu.me,3
duhovni-razvoj.blogspot.com,3
www.jazzin.rs,3
www.interceptorproject.hr,3
dpkb-split.hr,3
www.enter.ba,3
www.itrack.hr,3
drluigi.eu,3
www.islam-live.net,3
www.iskra.hr,3
www.iskon.hr,3
www.irishrecruiter.com,3
www.ipu.hr,3
delivery2.www.tss.trelleborg.com,3
www.intersport.me,3
www.festkk.hr,3
drcrnkic.org,3
www.ficoforum.org,3
dellydiet.com,3
dram.hr,3
dragalic.hr,3
www.janssen.tv,3
www.janssen.com,3
www.onogost.me,3
www.opcina-tompojevci.hr,3
www.pjesmicezabebe.com,3
udp.hr,3
umrli.info,3
bs.woopshop.com,3
www.opcina-vuka.hr,3
unabridged.blog,3
unikatni-pokloni.com,3
www.makeupnered.com,3
unity.hr,3
budifitmama.hr,3
budiponosan.hns-cff.hr,3
www.opcina-hrvace.hr,3
uosi-slatina.hr,3
upi-2m.hr,3
www.mala-scena.hr,3
www.euroherc.ba,3
www.jana-water.com,3
dubrovnik-campingregion.com,3
duga-vukovar.hr,3
www.ergon.hr,3
www.ivanastulic.com,3
www.ericsson.hr,3
www.jadrolinija.hr,3
www.erstebank.hr,3
dck-vz.hr,3
www.euro-jackpot.net,3
www.espreso.co.rs,3
www.esrebrenica.ba,3
www.ess.hr,3
www.izreke-citati.com,3
www.izdrugogugla.info,3
www.ivanmerz-slatina.hr,3
www.autoskola-blic.com,3
karateklublosinj.hr,3
exyuvesti.blogspot.com,3
kulturkokoska.rs,3
www.zet.hr,3
nasadica.hr,3
ka-matrix.hr,3
zsppitomaca.com,3
izit.hr,3
lezaljka.com,3
zupa-svetog-ilara-mlini.hr,3
www.xn--iznajmljivai-yrb.hr,3
zssg.hr,3
karijera.kaufland.hr,3
zivetisaprirodom.blogspot.com,3
www1.srna.rs,3
joker.hr,3
jegermajsterovsan.com,3
www.volim-meso.hr,3
izbori.jutarnji.hr,3
www.zadarsport.com,3
jelenakaludjerovic.com,3
zadarska-policija.gov.hr,3
kadarsb.hr,3
zupa-astepinca-kc.com,3
adwords-hr.googleblog.com,3
zupa-aladinici.com,3
amdg.ffrz.hr,3
jogapozdravsuncu.hr,3
lego.narkive.hr,3
jelusic.com,3
logika.hr,3
zuparemete.net,3
alineja-sedlar.hr,3
kultakt.hr,3
alinea.hr,3
isijas.hr,3
zadardanas.hr,3
zupapotoci.ba,3
kapsula-komunikacije.hr,3
medresamostar.com,3
www.xtratime.org,3
amds.hr,3
mail.cmbih.com,3
zadar.tv,3
www2.trgovina-junior.hr,3
monnamagazin.me,3
mojeknjige.ba,3
komiza-ksenija.com,3
mojekrpice.hr,3
lms.tvz.hr,3
mylapiel.com,3
zsuismz.hr,3
www.vrtic-viskovo.hr,3
jezicneigre.com,3
zadar.wmw.com.hr,3
narodnaapoteka.blogspot.com,3
www.vrtic-travica.hr,3
www.zmn.hr,3
zuhdijaadilovic.com,3
www.vrtic-tici-vrsar.hr,3
mymilicake.com,3
2018.webznr.hr,3
moji-katalozi.com,3
zupanja.hr,3
zeleniprozor.hr,3
metaljacketmagazine.com,3
karacic-team.com,3
www.zabreg.hr,3
kapumoru.hr,3
kapucini.hr,3
kucica.net,3
2011.novigradsko-proljece.com,3
jelsa.hr,3
letsgo.ba,3
www.vredestein.hr,3
kakadu.si,3
napredak-vitez.ba,3
amrzlic.com,3
mail.ludvig-designe.com,3
activated-europe.com,3
knjiznica.kalisara.hr,3
www.vrtic-radost-porec.hr,3
www.vop-portal.hr,3
kap-dobrote.hr,3
www.vp91ri.hr,3
za-muskarce.eu,3
ljubavniromani.net,3
krav-maga.hr,3
aleksandar-hatzivelkos.from.hr,3
mentalnozdravlje.com.hr,3
kuglacki-savez-os.hr,3
medzlis-konjic.com,3
www.zhmzz.hr,3
www.zigh.at,3
kanal6.ba,3
kuhaj.story.hr,3
yourhealth.com.hr,3
islamic-content.com,3
ljubavna-kuharica.blogspot.com,3
kuhada.com,3
kids.lino.eu,3
www.zinello.hr,3
mail.uosismz.hr,3
zkd.hr,3
www.vrgorac.hr,3
mojnovicv.com,3
www.vrhbosanska-nadbiskupija.org,3
www.zlatneruke.hr,3
knjiznicaigk.wordpress.com,3
kajkaviana.hr,3
zupa.kosute.hr,3
www.vrtic-ferde-mravenca.hr,3
mojsvijetstvaralastva.blogspot.com,3
ivanmerz.hr,3
mojstrip.com,3
jimblog.com.hr,3
xn--ubor-kbb.hr,3
annah.hr,3
kamen-tunic.hr,3
nacelnik.hr,3
najboljeknjige.com,3
www.vrtic-nasice.hr,3
nacionalfc.com,3
iveta-prozori-i-vrata.hr,3
www.zivi.me,3
kraljicemira.org,3
mako.land,3
mensa.hr,3
jk-briva.hr,3
molekula.org,3
mak.glas-koncila.hr,3
nadruginacin.hr,3
www.zivotbezkraja.com,3
majstorkuharslasticar.com,3
www.zkk-podravac.hr,3
www.yasenka.hr,3
nahla.ba,3
abc-solutions.hr,3
zivotneprice.com,3
mei.eu.hr,3
alex.shop,3
zdur.dkd.hr,3
alexandar.org,3
naftniderivati.com,3
zupa.pregrada.hr,3
adakezic.com,3
www.zadarfilmcommission.com,3
znatko.com,3
nautika.croatia.hr,3
www.vitasmart.hr,3
lyrapharm.hr,3
zamisli.hr,3
zzf.hr,3
kvarnerskarivijera.com,3
mstim.hr,3
67jeprevise.hr,3
www.zupa-antunpad.hr,3
www.vivre.hr,3
mreza-za-zastitu-zivotinja.com,3
kruzak.hr,3
www.zakladacvv.hr,3
www.webasto-comfort.com,3
ipaq.petagimnazija.hr,3
kbm.mdc.hr,3
www.zudr-ivg.hr,3
mladjak.com,3
kazaliste-retkovci.com,3
jponsa.ba,3
mlinimedia.eu,3
mljet.hr,3
mcsolar.hr,3
www.zupa-svana.com,3
zaklada-vbn.hr,3
www.zdenac.org,3
www.zupa-jordanovac.hr,3
zupa-ivanmerz.hr,3
mreza.club,3
mpsmotor.hr,3
m-living.vecernji.hr,3
anavie.net,3
izvoz.hbor.hr,3
lifepressmagazin.com,3
istraorganic.com,3
jadrankinaotopina.com,3
zara.hr,3
7thsensecoaching.com,3
mayer.hr,3
mediapitch.com,3
lideroptike.hr,3
katedrala-sarajevo.com,3
mozaik-grupa.hr,3
mrezazena.com,3
zagrebsnowflakes.com,3
zzjzpgz.hr,3
koprivnicko-krizevacka-policija.gov.hr,3
mnm.hr,3
mk-golubica.hr,3
kvorum.net,3
m.ba.tobmachinery.com,3
www.gap.com.hr,3
maxprime.eu,3
mladifesthrvatska.marijinalegijapetrinja.com,3
knjigesumojsvijet.com,3
kblog.ffzg.unizg.hr,3
lainox.it,3
marketingiraj.me,3
www.webstrategija.com,3
mrrsvg.hr,3
lingvistika.unizd.hr,3
zagrljajnost.com,3
1204.blogger.ba,3
maxmagazin.ba,3
100.fsb.hr,3
zagrebparking.hr,3
jupiter-estetika.com.hr,3
altis.hr,3
knjige.kombib.rs,3
mozdanival.hr,3
knjiga.hr,3
math.uniri.hr,3
www.zupa-sv-nikole-varazdin.hr,3
mislioprirodi.ba,3
nevencuk.com,3
lu-gradina-lovrec.hr,3
lovinac.hr,3
zamlade.net,3
zrcalo.me,3
zupa-ivanakrstitelja.hr,3
ioss.hr,3
lucas-int.hr,3
labaik-africa.org,3
adriateam.com,3
www.zupa-molve.com,3
kazalistekerempuh.hr,3
krizari.hr,3
mavena.hr,3
italianiazagabria.com,3
alphaluxegroup.com,3
zzjzbpz.hr,3
zupa-grebnice.com,3
kgbrdovec.hr,3
juliofrangenfoto.com,3
lag5.hr,3
www.vizols.com,3
lumis.hr,3
www.w84.org,3
mbnatural.hr,3
www.vitapur.me,3
zaposlise.eu,3
mmsu.hr,3
komunela.hr,3
zhm-mz.hr,3
klubtitanatlas.hr,3
zupa-lobor.hr,3
www.vjencanjebynina.com,3
www.zupa-posusje.com,3
www.waya.hr,3
knauf.ba,3
netmajstor.eu,3
mmc.hr,3
ak-start.hr,3
www.zupa-bezgresnog-zaceca-bdm.hr,3
zakoni.skupstina.me,3
ak-rudolf-fizir.hr,3
ladimirevci.info,3
zavicajni-muzej-slatina.hr,3
mladost.hr,3
zozoflex.com,3
4smile.hr,3
katolik.hr,3
md-istra.blogspot.com,3
mravinjak.me,3
4n4design.com,3
zgug.hgd1952.hr,3
ipa.hr,3
lumaekskluziv.hr,3
zavod-zzoo.com,3
www.vzs.ba,3
zzjz-sk.hr,3
martininblog.hr,3
zapraf.hr,3
www.ztkok.hr,3
jamimami.blog,3
zaklada-hazu.hr,3
martinabrightlight.com,3
jakovlje.hr,3
matulji-projekti.eu,3
zajednica-srd-osijek.hr,3
lumenart.net,3
lucka-uprava-novalja.com,3
www.vreme.com,3
mail.sapna.ba,3
www.matica-sindikata.hr,3
fiscalis-racunovodstvo.hr,3
www.mojaapoteka-webshop.net,3
chorusangelicus.hr,3
www.moj-eracun.hr,3
www.moj-bankar.hr,3
www.aerobik.ba,3
www.modulos.hr,3
chromos-svjetlost.de,3
www.modnialmanah.com,3
cgoka.hr,3
fit-iznad-30te.com,3
www.muslimanskaimena.info,3
www.mrk-sesvete.hr,3
flashover-hr.com,3
www.murter.hr,3
www.murter-kornati.com,3
chiwelook.me,3
www.adrialin.hr,3
chic.hr,3
chartercroatia.net,3
firpocarr.com,3
www.mojsvijet.hr,3
www.50languages.com,3
www.777.hr,3
charleseisenstein.org,3
www.9gbr-vukovi.hr,3
www.aberro.hr,3
www.mojaplaca.hr,3
chat.hr,3
www.abrasradio.info,3
www.mojeoko.hr,3
www.mojatvrtka.hr,3
fit-forever.hr,3
filmskarunda.com,3
web.hespo.hr,3
www.mundi.hr,3
web2020.ffzg.unizg.hr,3
muzej-sisak.hr,3
www.montero.hr,3
fitiks.unipu.hr,3
wushu-savez.hr,3
nezaposleni.hr,3
directdesign.hr,3
maxicon.hr,3
abilissima.com,3
fitness-consulting.hr,3
medihom.hr,3
jedra.toraks.hr,3
www.vodovod-metkovic.hr,3
medijizasvakodijete.wordpress.com,3
www.vss.hr,3
zagreb.hns.hr,3
worldchallenge.org,3
wordwall.net,3
webdesign.tutsplus.com,3
www.mristra.hr,3
cerm.hr,3
cerna.hr,3
cernik.hr,3
fizioterapeut.net,3
www.mrr.hr,3
weddingexpo.hr,3
www.021.rs,3
fitnesstopform.com,3
wiki.geogebra.org,3
fitwithoutguilt.com,3
www.moscenicka-draga.hr,3
wol.jw.org,3
www.moro.hr,3
woohoo.hr,3
www.3dhr.net,3
www.mojekarte.hr,3
islam.medium.ba,3
ciak.hr,3
vrtic-maksimir.zagreb.hr,3
centar-rostilja.hr,3
vrtic-tratincica.zagreb.hr,3
cdcb.us,3
www.najboljeknjige.com,3
vrtic-trnsko.zagreb.hr,3
centar-stancic.hr,3
vrtic-vrbik.zagreb.hr,3
vrticdoma.com,3
vrticpcelicavrgorac.com,3
vrtnicentar.hr,3
vrtnicentariva.hr,3
www.myistria.com,3
vukovarski-golubici.hr,3
www.myagedcare.gov.au,3
www.namjestaj.hr,3
foodwalkerscroatia.blog,3
www.napofilm.net,3
vrtic-slunj.hr,3
www.matica-gorica.hr,3
www.azra.hr,3
www.mataf.net,3
www.mnk-crnica.hr,3
www.agroistra.hr,3
fielavlooikidz.co.za,3
cdt.europa.eu,3
forca-sibenik.com,3
vratazdravlja.com,3
www.nasicki-vodovod.hr,3
www.nasejelenje.com,3
vros.biz,3
www.narodna-knjiznica-drnis.hr,3
www.narodipravda.ba,3
centarzapruzanjeuslugauzajednicilipik.hr,3
vzgz.hr,3
forol.net,3
caya.hr,3
cateks.hr,3
vjencanje.hr,3
www.nesradio.com,3
vjesnik.hr,3
www.neslanovac.hr,3
www.neosalon.hr,3
www.nekretnine-krivacic.hr,3
cci.ba,3
vodici-sibenik.hr,3
vodnikova.hr,3
vodovod-brinje.hr,3
vodovod-novska.hr,3
www.muzejcazma.eu,3
watchdog.hr,3
www.neurospine.hr,3
www.newmessage.org,3
volimljubuski.com,3
virkom.hr,3
centralinformativa.com,3
forum.radiosarajevo.ba,3
vintagelifestyle.com.hr,3
vio-zapresic.inweb.website,3
violetavran.com,3
casabevanda.com,3
forum.ubuntu-rs.org,3
visitsenj.com,3
www.nikolahorvat.com,3
visitherzegovina.info,3
visithvar.hr,3
casinobalkan.com,3
forum.tm,3
www.ngkntk.com,3
muzej-zupanja.hr,3
123ru.net,3
zagreb.cervantes.es,3
zagreb-yiddish.eu,3
katalog-e-kolegija.srce.hr,3
kustec.hr,3
8cosmos.com,3
www.zaklada-dinoskrapic.hr,3
www.wiz.hr,3
zenica.tv,3
lori.hr,3
kristofori.hr,3
jastrebarsko.hr,3
www.vlasenica.info,3
nechupedia.sezamweb.net,3
www.zs-kkz.hr,3
jvp-djurdjevac.hr,3
antikorupcija.info,3
znakovi.hgk.hr,3
nekretninedubrovnik.com,3
miodrag.mokricki.info,3
kutak.forumotion.com,3
museums.eu,3
www.zupavrsar.com,3
korkyrabaroque.com,3
www.zupcica.com,3
znamdaneznam.com,3
loomen.carnet.hr,3
motopuls.com,3
akvarij.net,3
izvornade.com,3
178.63.75.184,3
m.hr.kangermedical.com,3
m.hr.iptvboxbrasil.com,3
justsound.hr,3
istrainspirit.hr,3
m.gifmania.com.hr,3
www.vode-jastrebarsko.hr,3
klapa.bratovstina.com,3
marijanpalic.online,3
acibadem.hr,3
kornjace.com,3
milton-jezici.hr,3
akvrbovec.wordpress.com,3
koronaonline.com,3
komunalno-dugaresa.hr,3
klub.booksa.hr,3
marijine-sestre-os.hr,3
marinamotivi.blogspot.com,3
karmenjerkovic.com,3
www.world-traveler.hr,3
ipu.hr,3
www.vokabular.org,3
kikindashort.blogspot.com,3
live.balkaninsight.com,3
alm.hr,3
mushroomcups.com,3
zdk.ba,3
m.vidiauto.com,3
znaci.ba,3
www.worldeducation.hr,3
klub-rajska-ptica.hr,3
medicinskanaklada.hr,3
lolaribar.hr,3
kdosijek.hr,3
m2.hr,3
karolinaperisic.wordpress.com,3
latina-et-graeca.hr,3
www.wow-junkie.com,3
klub-susacana.hr,3
zagrebackajudoskola.hr,3
www.zupcica.hr,3
lip-satler.si,3
loop.hr,3
marisa.hr,3
josip-rukelj.from.hr,3
agroeko.net,3
www.zppks.ba,3
www.wowowfaucet.com,3
komunalije-plin.hr,3
zagreb.laburisti.com,3
komarna-croatia.com,3
www.vtv.hr,3
ambidekster.hr,3
mostar-fair.com,3
www.vsite.hr,3
mojadigitalnaakademija.com,3
www.zagorska-sela.hr,3
izlog.limun.hr,3
libela.cesi.hr,3
ksz.hr,3
zsc.edu.ba,3
www.zagrebpoint.net,3
nasamalaknjiznica.org,3
mikibratanic.com,3
marbis.hr,3
www.zenska-mreza.hr,3
moj.hdz.hr,3
jyotisha.blogger.ba,3
irmo.hr,3
www.zvijezda.hr,3
ivana-vuletic.from.hr,3
milashr.jimdofree.com,3
zupcica.com,3
zupcica.hr,3
muslimanka.org,3
www.vukovarski-leptirici.hr,3
klasje.hr,3
natureconfirmed.com,3
komunalac-slunj.hr,3
magellan.hr,3
www.vw-gospodarska-vozila.hr,3
karla.hr,3
www.zagreb-pride.net,3
www.zenskaposla.hr,3
zupa-svete-obitelji.hr,3
micgrafika.com,3
zis.ks.gov.ba,3
muzejlike.hr,3
medimurski-skolski-sport.hr,3
kljuc13.com,3
karlovacka.stvarnost.hr,3
www.vumidet.net,3
komunalne-djelatnosti.hr,3
m.hr.jsartificialgrass.com,3
m.hr.levierdecuisine.com,3
korana.vuka.hr,3
www.zvu.hr,3
muzejgradatrogira.blogspot.com,3
libartes.rs,3
www.zzjzfbih.ba,3
mhz.hr,3
kulturniturizam.croatia.hr,3
zadra.hr,3
www.zonadinamo.com,3
zito.hr,3
manualzz.com,3
muzejsusjedstvatresnjevka.org,3
kuna.hr,3
adssential.com,3
zupavalpo.wixsite.com,3
ivanbaran.com,3
izmjera.cadcom.hr,3
zemljabezgranica.com,3
mapaznanja.hr,3
dertmusic.com,3
dv-buje.hr,3
www.gamer.hr,3
www.psiholoska-komora.hr,3
hadoka.hr,3
novimilenij.eu,3
www.primat-nekretnine.hr,3
sszsd.hr,3
www.vereinigte-hagel.net,3
www.veseli-ducan.hr,3
osmaosnovnail.edu.ba,3
novalja.cool,3
blog.mimara.hr,3
stajnica.com,3
starigrad.ba,3
starizagreb.licegrada.hr,3
www.vgz.hr,3
ss-vgortan-buje.skole.hr,3
ss-turisticka-ugostiteljska-du.skole.hr,3
ssrhrt.com,3
www.prime.vijuga.com,3
www.tratincica.hr,3
www.progreso.hr,3
blicnews.ba,3
speedcubinghrvatska.hr,3
spi.efst.hr,3
www.vege.hr,3
spv-zagorje.hr,3
novostibalkan.com,3
inkubator.hr,3
ssmb.hr,3
www.princip.news,3
ssd.karmel.hr,3
hajdasdoncic.hr,3
hairstyle-news.hr,3
ssiz.hr,3
www.primorskenovine.me,3
ss-tujevic-vrgorac.skole.hr,3
www.prm.hr,3
srcezadjecu.ba,3
b1-plakati.hr,3
hanfa.hr,3
www.printo.it,3
www.sasapetar.com,3
www.satoriacu.com,3
arheohercegovina.com,3
hrvatski.hublin.net,3
icici.hr,3
ss-obrovac.skole.hr,3
pregacha.com,3
ictzupanija.hr,3
www.tz-slatina.hr,3
www.stoperica.hr,3
hr.renatureinc.com,3
www.tz-tribunj.hr,3
inova-croatia.com,3
www.prirodnolijecenje.net,3
novocommerce.hr,3
harmonikaski-centar.hr,3
srcezagorja.wordpress.com,3
srd-udica.com,3
srdjan1975.blogspot.com,3
www.proel.hr,3
www.transportgreeceformeryugoslavia.eu,3
www.veliko-trojstvo.hr,3
www.proago.hr,3
ss-ivanec.hr,3
www.transportmagazin.hr,3
ss-strukovna-ahorvata-dj.skole.hr,3
ss-ekonomska-pu.skole.hr,3
www.privatni-smjestaj-hrvatska.com.hr,3
happenedinthesunnyside.com,3
ss-ivana-mestrovica-drnis.hr,3
www.vedro.ba,3
spartium-consulting.hr,3
www.vis-viva-energija.com,3
www.psivodici.hr,3
grad-vinkovci.hr,3
otpadnijesmece.split.hr,3
www.trecamo.ba,3
ninocka.hr,3
grad-krk.hr,3
hub.dev.perpetuum.hr,3
starogradsko-polje.net,3
arheo.ffzg.unizg.hr,3
ingra.hr,3
bljesak.info,3
hdgt.hr,3
www.provjera.com,3
padmasana.hr,3
hdfrm.org,3
www.protipster.hr,3
otprilikenovo.com,3
www.podravskamoslavina.hr,3
gradec.hr,3
www.poledancetherapy.eu,3
sveti-jakov-gunja.hr,3
boljabosna.com,3
www.politicka-akademija.ba,3
astrosajt.blogspot.com,3
www.vinarija.com,3
www.poliklinika-sparac.hr,3
interakcije.net,3
gradim.ba,3
www.pokcg.org,3
nk-hrvatskidragovoljac.hr,3
svetaobitelj-reutlingen.drs.de,3
bonuscasino.ba,3
www.podobnik.hr,3
sveti-nikola-cilipi.hr,3
ns-sesvete.hr,3
inicijativa.org,3
hddu.hr,3
www.puceplace.com,3
soria-natural.hr,3
nunion.blogger.ba,3
soulfood.hr,3
soulfood.rs,3
sound-news.net,3
numikon.com,3
sovelebit.wordpress.com,3
spineri.com,3
www.publicrelations.ba,3
spa-studio.hr,3
spa-wellness.eu,3
spacva.eu,3
hdpetrinjahr.lin58.host25.com,3
spamebeautiful.com,3
soravento.com,3
www.travelistria.com,3
np-paklenica.hr,3
inkonzalting.hr,3
www.hnk-split.hr,3
sportnedjeljom.hr,3
www.promotiv-turizam.hr,3
np-krka.hr,3
sportnews.mediacat.biz,3
www.transparency.hr,3
sportska-prehrana.com,3
spinevital.blogspot.com,3
hbogo.hr,3
blog.drustvo-evo.hr,3
inkrementalno.blog,3
spuh.hr,3
sputnik-jezici.hr,3
hdhm.com.hr,3
hr.razorgirlpress.com,3
www.stomatolog.in,3
www.stolarija-lackovic.hr,3
hrvatskidanirataimira.blogspot.com,3
babilon-strip.com,3
www.sunce-varazdin.hr,3
hr.techtipntrick.com,3
os-policnik.skole.hr,3
asbac.hr,3
planovi.bpzzpu.hr,3
autodata.hr,3
plantaza.eu,3
autogenitrening.hr,3
hrfilm.hr,3
www.tba.hr,3
plavitelefon.ba,3
hrvatski-domoljub.forumhr.com,3
asian-fanfics.com,3
plavosvjetlo.hr,3
probudise.ba,3
www.ss-zeljeznickatehnicka-moravice.skole.hr,3
hr.nshout.com,3
www.tzgrovinj.hr,3
ba.hair-action.com,3
os-kamen-sine-st.skole.hr,3
primosten-nekretnine.hr,3
printfu.org,3
priroda-sklad-ljepota.com.hr,3
artemeda.hr,3
os-jkastelana-zg.skole.hr,3
www.sss.hr,3
www.ss-tehnicka-ri.skole.hr,3
prirodnoroditeljstvo.com,3
prirodoslovna.hr,3
ba.michaelrmccartyspalmbeach.com,3
www.st-pedagozi.net,3
os-jesenice-dugirat.skole.hr,3
plemenit.hr,3
hrbiblija.cc,3
www.tarot.hr,3
place2go.hr,3
aureadrive.com,3
www.ternechave.net,3
autegra.hr,3
www.terme-catez.si,3
pikaj.hr,3
hrvatskebluessnage.hr,3
pinstudio.hr,3
os-zutibrijeg-zg.skole.hr,3
pirovac.hr,3
pisa.ncvvo.hr,3
www.tekston.hr,3
www.tekstilpromet.hr,3
hrvatski-dom.com,3
www.tehnozavod.hr,3
photoadria.hr,3
os-vnazora-novabukovica.skole.hr,3
www.turizaminfo.hr,3
ploce.hr,3
plesnistudiofusion.net,3
asegranetwork.hr,3
pleter-portal.hr,3
pleternica.hr,3
hrbackpacker.com,3
ascg.me,3
www.tanjabolf.com,3
www.tus-tur.hr,3
www.talkoverra.com,3
hrmdrustvo.hr,3
planet-zemlja.hr,3
www.tefal.com.hr,3
pikto-arthouse.hr,3
petrinjskiradio.hr,3
os-kamenica.com,3
www.status-trgovina.hr,3
os-kantrida-ri.skole.hr,3
www.stvarnostjeljubazna.com,3
pou-obris.hr,3
azimut-realestate.com,3
www.sub-adventure.com,3
www.tz-motovun.hr,3
www.stylish.com.hr,3
artistassinfronteras.es,3
www.studystack.com,3
hr.stylegent.com,3
pp-biokovo.hr,3
pp-kopacki-rit.hr,3
hr.seolearnbd.com,3
hr.scenambule.com,3
www.stsk-dugoselo.hr,3
os-murterski-skoji.skole.hr,3
pou-capreolus.hr,3
potepuh.hr,3
pepwebdigital.hr,3
os-kraljazvonimira.skole.hr,3
preporod.com,3
www.tz-vizinada.hr,3
prepustise.com,3
b2b.talkonlinepanel.com,3
hr.radiate-net.org.uk,3
b2nekretnine.hr,3
www.tzbbz.hr,3
os-mgubec-cernik.skole.hr,3
askins21.ffos.hr,3
www.stihovi.net,3
pricejednekuhace.hr,3
hr.runiex.com,3
www.stripforum.hr,3
psihonet.net,3
www.strukovnasamobor.com,3
www.tz-seget.hr,3
ba.kan-therm.com,3
prvic-luka.com,3
bagatinakademija.hr,3
hr.mobizenapkdownload.com,3
www.sredime.hr,3
protuprovala.hr,3
prozorama.com,3
www.sraz.hr,3
idop.hr,3
hr.mymedinform.com,3
hr.mathigon.org,3
prvozdravlje.com,3
psc.hr,3
www.ss-prirodoslovna-graficka-ri.skole.hr,3
os-ivanovec.skole.hr,3
www.ttf.unizg.hr,3
peliputnik.hr,3
prolozac-portal.net,3
prakticna-zena.lajkaj.com,3
profanemisli.com,3
pravamanjina.gov.hr,3
b-novine.com,3
osiguranje.hr,3
priceobicnogcovjeka.blogger.ba,3
artemeda.nepted.com,3
hr.presentwatch.com,3
www.ss-poljoprivredno-sumarska-vk.skole.hr,3
hr.nazmay.com,3
idemoukino.com,3
www.ss-kupres.ba,3
www.ss-iseljanec-kc.skole.hr,3
www.tzmetkovic.hr,3
www.ss-industrijsko-obrtnicka-ng.skole.hr,3
www.ss-graditeljska-industrijaiobrt-ri.skole.hr,3
www.podgradina.net,3
otokvis.info,3
pkl.hr,3
hdz-samobor.com,3
oblikovanje-tijela.com,3
slikeizakonpostanja.blogspot.com,3
www.toyotacg.me,3
bistra.hr,3
slobodanpad.hr,3
helloo.hr,3
www.radiologija.org,3
inforadar.ba,3
informatika.azoo.hr,3
helcom-trade.hr,3
www.uz-gangu-i-bukaru.com,3
biljemdozdravlja.com,3
sibenskaudrugamladih.hr,3
hssms-mt.hr,3
parser.hr,3
slavonskiportal.com,3
osma.si,3
asoc.strukturnifondovi.hr,3
apr.hr,3
nur-islam.com,3
bitfalls.com,3
hei.hr,3
www.respawn.ba,3
biteart.hr,3
skpu.unipu.hr,3
obnovauduhu.com,3
slavonka.com.hr,3
skrivenosaznanje.blogspot.com,3
skupstina.tk.gov.ba,3
skupstinazp.ba,3
bioterra.hr,3
www.radnickaborba.org,3
slatina-kom.hr,3
savjetizadeset.info,3
www.topolovec-oprezblog.com,3
savjetnica-udruga.com,3
www.saptac.hr,3
hocuposao.com,3
bezglutenskaradost.com,3
beurer.ba,3
samotnjak.com,3
horis.eu,3
salezijanci-split.com,3
argos.hr,3
hlapic.semeljci.hr,3
www.sanotest.hr,3
www.toll-collect.de,3
best.hr,3
samostan-kresevo.com,3
www.uo-korculalastovo.com,3
www.toms.hr,3
paradigma-nekretnine.hr,3
okusizavicaja.hr,3
savjetovaliste.uig.hr,3
sbk.eu.com,3
hnk-gorica-2009-2019.com,3
old.skolskiportal.hr,3
savjetovanje.eu,3
savjetovanje.iusinfo.hr,3
www.uoz.hr,3
www.rudarska.hr,3
bhnovosti.com,3
inegs.com,3
www.rts.rs,3
schnee-hr.com,3
old.dubrovniknet.hr,3
bhreporter.ba,3
scoopconss.eu,3
scp.hr,3
bkmarlex.hr,3
hdz-velaluka.com.hr,3
aozeljeznicar.hr,3
apoteka-pancevo.co.rs,3
obrovac.hr,3
heretica.com.hr,3
pamall.net,3
skolegijum.ba,3
siy.littera.hr,3
humed-pharma.hr,3
hgzd.hr,3
www.remix.hr,3
offroad.net.ua,3
off.ba,3
odzak.ba,3
sicutmaria.blogspot.com,3
odvodnjarovinj.eu,3
odp.org,3
www.rentalcargroup.com,3
www.rau-jelas.hr,3
www.raverus.hr,3
ski-up.com,3
obrtnicka-komora-rijeka.hr,3
www.gamblingtherapy.org,3
infokorp.hr,3
www.vanima.hr,3
pf.sum.ba,3
sjemeniste-split.hr,3
biobalans.hr,3
obsideri.hr,3
www.rdv.ba,3
aqua-arm.com,3
obrtnici-vukovar.hr,3
bioclinica.hr,3
www.recenzije.astrobobo.net,3
www.recordgym.com,3
www.rebootgym.net,3
silvanozilli.com,3
hightech-hub.me,3
www.renault-klub.hr,3
informer.ba,3
pak.hr,3
smemtic.org,3
www.radenska.hr,3
www.racunovodstvo-porezi.hr,3
www.rabdanas.com,3
www.rab-visit.com,3
smotra2017.scouts.hr,3
smart-travel.hr,3
bj-sajam.hr,3
snjezanagottstein.com,3
snk-gospic.hr,3
www.vbinvest.me,3
www.q-service.hr,3
www.pwc.hr,3
www.radio-ogulin.hr,3
www.vatrogasci-opatija.hr,3
sinapsus.hr,3
odgojsglazbom-musica.hr,3
www.reem.hr,3
sindtokg.hr,3
sinjguides.net,3
www.total.hr,3
odmornazadatku.com,3
www.tower-fitness.com,3
sirius.fdmz.hr,3
smart-kamera.net,3
www.reformisti.hr,3
obv.hr,3
skolska-medicina.com,3
bioresona.hr,3
www.rapharm.eu,3
sm-provincijalat.hr,3
sana-delikatese.hr,3
sarajevski.ba,3
www.sandorf.hr,3
honka.com,3
institutfrancais.hr,3
www.powder-louder.com,3
ovor.savez-dnd.hr,3
static-85-94-73-235.rev-addr.voljatel.hr,3
www.via-mea.com,3
blog.svjedoci.net,3
www.predsjednikrs.net,3
steakandmerlot.com,3
www.predsjednik.hr,3
www.pravilnici.hr,3
www.prava-sapa.hr,3
www.truck.man.eu,3
stilistika.org,3
www.viasatnature.com.hr,3
stilus-knjiga.hr,3
www.poubuzet.hr,3
gsfk-osijek.hr,3
nkbjelovar.hr,3
studioplus.hr,3
www.poslovnojutro.ba,3
integracijskapolitika.hr,3
bnzh.hr,3
www.trubaimedo.com,3
nkposavina.hr,3
boa.com.hr,3
nkg-split.hr,3
sup.hr,3
otvorena-kuca.ba,3
www.portalsatova.com,3
suhopolje.info,3
hudek-zagreb.hr,3
bohemsa.org,3
nkc-tisno.hr,3
www.ppa.hr,3
www.pp-ucka.hr,3
noumoles.com,3
gospodica.es,3
gpspace.eu,3
www.plitvice-etnogarden.com,3
svipopusti.hr,3
www.plinacro.hr,3
gpp-osijek.com,3
humanistudio.hr,3
swot.ba,3
booke.hr,3
sz.uniri.hr,3
gospa-sinjska.hr,3
szgj.hr,3
nikoo.eu,3
www.planet-art.hr,3
bosanskadijaspora.com,3
svijet.com.hr,3
otempora.hr,3
instrukcije-poduka.blogspot.com,3
super1.telegram.hr,3
stolacportal.wordpress.com,3
normia.com.hr,3
nordicpoint.net,3
stomatologija.me,3
bluevision.hr,3
noon.hr,3
superfantasy.jutarnji.hr,3
astrodrom.hr,3
www.troskovnik.net,3
grafiti.ssknezbranimir.hr,3
www.pmi.com,3
bookara.hr,3
gracisce.hr,3
www.pmfst.unist.hr,3
www.poslovnojutro.com,3
www.posluh.hr,3
student.pravo.hr,3
shop.haberkorn.hr,3
bijeljinacaffe.info,3
shop-medikor.hr,3
shop.alkemijazivota.com,3
biker.hr,3
www.rijetke-bolesti.hr,3
bilicvision-ortopedija.hr,3
hitro-si-hr.eu,3
aquilia.hr,3
hitrecords.hr,3
info-puls.hr,3
shop.naklada-val.hr,3
www.ri-klima.hr,3
www.rhema.hr,3
biljar.hr,3
www.ringeraja.rs,3
oglasi.dulist.hr,3
solin.semafor-sinj-solin.hr,3
www.saljidalje.hr,3
www.sancta-domenica.ba,3
www.samotnjak.com,3
www.samoprirodno.com,3
betbet-hr.com,3
oldtimerdelnice.hr,3
www.samoborcek.hr,3
sarajevo.travel,3
www.torte-recepti.com,3
www.rovus.hr,3
hl-group.ba,3
www.restartlabel.net,3
sdp-dubrovacko-neretvanska.org,3
www.torontozupa.com,3
bihpremierliga.blogger.ba,3
shopbuilder.hr,3
ofmdubrava.hr,3
www.postirafilmfestival.com,3
www.rivieracrikvenica.com,3
www.roche.ba,3
serbiantimes.info,3
www.usluga-odvodnja.hr,3
sestan-busch.hr,3
www.usm.hr,3
hkkkki.eu,3
www.pusca.hr,3
semberka.ba,3
www.punikrug.com,3
sombor.karmel.hr,3
www.vidonjac.com,3
noizz.rs,3
strucnaknjizara.com,3
gs-jastrebarsko.hr,3
hkudvladimirnazor.com,3
biblics.com,3
www.trznica-trg.eu,3
sdz.hr,3
shark-detektiv.eu,3
hkd.at,3
www.roditeljstvo-bez-tabua.com,3
sdsz.ba,3
www.rotaryclub-karlovac-dubovac.hr,3
ok-skz.hr,3
www.rosacta.hr,3
inf2.uniri.hr,3
sedammora.com,3
hkz-wn.de,3
papagees.com,3
www.rolanje.hr,3
select-one.hr,3
www.usiz-pula.hr,3
hronoishrana.net,3
hide.me,3
asilopaperino.com,3
www.klub-ucenja.hr,3
cza-ri.hr,3
czk-novi-zagreb.hr,3
czkio-susedgrad.hr,3
czkvl.hr,3
czpd.hr,3
www.direkt-portal.com,3
www.diskriminacija.ba,3
czr-malaterezija.hr,3
www.kmeti.hr,3
www.klz.hr,3
www.diving-hrs.hr,3
www.diyaudio.rs,3
www.kuglacki-savez-os.hr,3
www.couture-case.com,3
www.bhputovanja.ba,3
ecpa13.com,3
www.dizajneri.ca,3
www.differenta.hr,3
www.dezanovac.hr,3
www.dental-kovacic.eu,3
www.didasko.biz,3
www.dentusperfectus.hr,3
www.dermalife.hr,3
www.desno.hr,3
www.kocerin.info,3
cyberbosanka.me,3
www.didaboza.hr,3
www.knjiznica.hr,3
www.dhsp.hr,3
cybermikan-sungazing.org,3
www.knjiznica-popovaca.hr,3
www.dialogos.ba,3
www.knjiznica-nasice.hr,3
www.cordis.hr,3
www.lopoch.com,3
www.lokoportal.com,3
www.likaceste.hr,3
cro-cc.net,3
www.breskic.hr,3
www.bridgestone.hr,3
www.brodosplit.hr,3
www.lineasnella.hr,3
croatia-estate.com,3
eno.croatia.hr,3
www.bp-pb.com,3
www.bmb-laboratorij.hr,3
www.bluesunhotels.com,3
www.blog.domacin.ba,3
eu-krka-knin.hr,3
www.bible.com,3
eurco.hr,3
www.livescore.hr,3
www.bozicabrkan.com,3
www.bocarski-savez-pgz.hr,3
www.lobi-info.rs,3
www.bojezvuka.hr,3
www.boks-sv-duje.hr,3
creation.com,3
www.bolnica-du.hr,3
www.bolnica-zadar.hr,3
www.bolnicatesanj.ba,3
www.bonbon.hr,3
www.ljekarne-pavlic.hr,3
www.ljubljanskigrad.si,3
www.bookit.hr,3
www.ljubavnistihovi.net,3
www.bosch.hr,3
www.bosnasrebrenaarhiv.ba,3
www.ljekarne-plantak.hr,3
echa.europa.eu,3
www.kingsbox.it,3
cvijet.hr,3
www.kiropraktika-takahashi.hr,3
www.croatiabanka.hr,3
www.ksc-sarajevo.com,3
www.croatiavacationdestination.com,3
csballiance.org,3
www.kroatenseelsorge.de,3
eko-sustav.hr,3
www.kriptovaluta.hr,3
www.czkvl.hr,3
www.crvenikrizzupanja.hr,3
www.kresimircosic.com,3
eklinika.hr,3
www.cupraofficial.hr,3
www.cuter.hr,3
www.cuvalica.hr,3
www.cuvalo.net,3
www.ktf-split.hr,3
crvenikrizrovinj.hr,3
crvenikrizpula.hr,3
www.dekalb.hr,3
www.kongres-pilanara.com,3
educa.sssh.hr,3
www.konevolicipele.com,3
edubalans.hr,3
www.komunalno-ozalj.com,3
cvjecarnica-minnie.hr,3
www.czposijek.hr,3
crvenikriz-sb.com.hr,3
www.kralj.hr,3
www.kraljeva-sutjeska.com,3
csr-mostar.ba,3
www.cps-zg.hr,3
www.kud-kamen-sirac.hr,3
el-da.hr,3
eige.europa.eu,3
www.cvjecarnica-flora-zadar.hr,3
www.cvjecarnica-zagreb.com,3
e-ucenje.gf.sum.ba,3
www.dnevne.rs,3
www.dnevnikasznanja.com,3
www.djardin.hr,3
czss-zlatarbistrica.hr,3
www.dobribuvljak.com,3
www.kkgorica.hr,3
www.kk-kolan.hr,3
www.dndjastrebarsko.hr,3
e-skole.ba,3
www.dom-bm.hr,3
www.dom-dubrava.hr,3
d-a-r.hr,3
e-radionica.com,3
e-prevoditelj.com,3
www.dnevna-obv.com.hr,3
www.dnd-pazin.hr,3
cudansvijet.com,3
www.klub-nada-rijeka.hr,3
cuisinedocbox.com,3
eho.zse.hr,3
www.komrad.hr,3
www.delightoffice.me,3
www.demokratskisavezsrba.hr,3
www.klasiktv.com,3
www.djecji-vrtic-sunceko.hr,3
www.klijent.hr,3
czss-garesnica.hr,3
www.djevojcice.rtl.hr,3
www.djkbf.unios.hr,3
www.dkd.hr,3
www.dkkz.hr,3
czss-kutina.hr,3
www.maketarstvo.net,3
euractiv.rs,3
cook-on-the-bright-side.com,3
www.bijelisvijet.hr,3
designedtofitnutrition.com,3
www.gimnazija-ivanapavla.hr,3
www.igh.hr,3
www.ifco.com,3
www.gimnazijatomislavgrad.ba,3
www.idoconline.info,3
www.ginekologija-husar.hr,3
dom-oklaj.hr,3
www.gkv.hr,3
www.glas-zivotinja.org,3
www.glavna.com,3
www.glazbena-kutija.hr,3
www.glazbenaskolabrkanovic.hr,3
www.gledajsaprevodom.online,3
doktor-online.hr,3
dajkolacic.com,3
dai-sai.hr,3
www.kimicommerce.hr,3
www.centar-logos.hr,3
crobroadway.wixsite.com,3
emporium.hr,3
www.lektira.hr,3
emotivci.com,3
www.cdhi.hr,3
emef.hr,3
www.laudate.hr,3
dacappo-design.com,3
www.centar-terpsichore.hr,3
www.centar-za-mir.hr,3
www.centarcesarec.hr,3
elvonet.com,3
www.centarsvijesti.com,3
www.cenzolovka.rs,3
www.globallogic.com,3
www.iaeste.hr,3
devetkomentara.net,3
dep.life,3
www.franjevcisubotica.rs,3
donjimiholjac.hr,3
donji-kukuruzari.hr,3
www.info4alle.at,3
www.frischeis.hr,3
www.info-kon.hr,3
www.incroatia.eu,3
www.infozvornik.com,3
www.futuraddb.hr,3
www.geeketa.co,3
www.fyrebox.guru,3
www.fzoeu.hr,3
pluszdravlje.com,3
www.imperata.hr,3
www.fotovun.hr,3
www.forumzagreb.net,3
dogma-nekretnine.com,3
dgu.gov.hr,3
dogma-crikvenica.com,3
www.goethe.de,3
www.gopall.com,3
www.gorapress.net,3
www.gorenje.ba,3
docs.prefeituras.net,3
www.gornjastubica.hr,3
www.foruminvest.hr,3
www.husar-tomcic.com,3
www.igremladih.hr,3
www.gestaltzona.me,3
www.germanycar.net,3
domzadjecu.hr,3
www.forensic-audit.org,3
en.annah.hr,3
www.carlander.ba,3
www.cargarantie.com,3
www.burzadobrote.com,3
www.bizkoshnica.biz,3
www.ludakuca.hr,3
www.ludaksite.website,3
www.bk-posedarje.hr,3
www.buildup.eu,3
www.lifestylerecepteka.info,3
www.city-life.com.hr,3
www.lumini.hr,3
elos.hr,3
crodex.net,3
www.chai.hr,3
www.change.org,3
www.change2value.com,3
elle.hr,3
cosmosknjiga.com,3
www.lunapark-madi.hr,3
eljuga.com,3
www.magadenovac.hr,3
coorvirovitica.hr,3
www.mail.sapna.ba,3
www.magnumnautica.com,3
www.biliskov.com,3
www.magazininfo.club,3
eu-monitoring.ba,3
eto.hr,3
corp.pbz.hr,3
www.blitz-cinestar-bh.ba,3
etnologijaiantropologija.unizd.hr,3
www.m1film.hr,3
etno.ffzg.unizg.hr,3
www.lykke.hr,3
estradnjaci.ba,3
croenergy.eu,3
www.chipoteka.hr,3
energetski-certifikat.hr,3
www.cad-hr.net,3
crocultour.com,3
elpa-info.org,3
www.butkovic.eu,3
www.casopis-mi.org,3
www.licki-muzicari.com,3
www.c-shock.org,3
www.cadenas.de,3
www.connect-it.hr,3
www.cajtung.com,3
www.camp-baldarin.com,3
www.libar.info,3
www.lg.com,3
croatiabanka.hr,3
croatian-frontier.com,3
elcon.hr,3
www.comunitacenacolo.it,3
www.ladimirevci.info,3
crosail.wordpress.com,3
www.lactonline.com,3
www.cisex.org,3
www.citajfilter.com,3
www.kwkd.org,3
www.cesi.hr,3
www.kvt-fastening.hr,3
cross.mef.hr,3
crovista.com,3
www.kutaknet.com,3
www.coervercroatia.com,3
www.coface.hr,3
www.colic.hr,3
www.kupuj.ba,3
www.kupime.hr,3
www.ddicpck.hr,3
dobravijest.me,3
www.dazd.hr,3
beautycorneriveee.wordpress.com,3
hr.cyto-forte.eu,3
arhiva.hks-cbf.hr,3
recetasdecocinafaciles.net,3
www.uia.archi,3
redfuckers.net,3
pazarbazar.info,3
www.sksamobor.net,3
www.skp.hr,3
hr.chroniquesduvastemonde.com,3
arhiva.fet.unipu.hr,3
www.skolski-sport.hr,3
hr.chicadventureit.com,3
relaxino.com,3
baza.ivaninakucabajke.hr,3
www.skil.hr,3
www.slatkiblog.com,3
opg-hazic.com,3
www.tsd.hr,3
www.ski-klub-zagreb.hr,3
www.sibenik-meteo.com,3
beautyfasionbf.blogspot.com,3
www.shiatsu-zlatneruke.hr,3
www.shds.si,3
hr-hb.blogspot.com,3
www.sgh.hr,3
hr.cajonperuano.org,3
opg-stricak.hr,3
www.sportarena.hr,3
www.ultras-zrinjski.net,3
realestatemakarska.hr,3
realestateplexus.com,3
baskavoda.hr,3
opstinavisegrad.com,3
www.sevdalinke.com,3
www.umirovljenicicepin.com,3
rijec.ba,3
arhinet.arhiv.hr,3
saborsko.net,3
sagena.hr,3
www.satovi.com,3
sah-mladost.hr,3
www.terradalmatica.hr,3
rotary-kaptol.hr,3
arhitekti-hka.hr,3
www.savetovalistezabebe.com,3
www.selectbox.hr,3
www.serbiancafe.com,3
rikardodruskic.com,3
hpd-sveti-jure.com,3
arhiva.dv-josipdol.hr,3
risecrypto.net,3
horoscopehayeren.download,3
s-event.hr,3
opcije.com,3
rozat.org,3
www.scvz.unizg.hr,3
www.scst.unist.hr,3
onecalgaryvoter.com,3
omnivia.hr,3
roxbeauty.eu,3
www.scribd.com,3
rtlpomazedjeci.hr,3
www.tolivealife.net,3
www.scenaamadeo.hr,3
beobuild.rs,3
bereanbeacon.org,3
runningaroundnormal.com,3
www.sberbank.hr,3
ruskedelicije.eu,3
implant-centar-martinko.com,3
hr.airbnb.com,3
www.sencor.rs,3
www.tognana.com,3
hzz-helpdesk.kadei.cloud,3
www.surfshop.hr,3
www.tz-bakar.hr,3
portor.gov.hr,3
awesome-shopmarket.com,3
posaosada.com,3
poslovnakomunikacija.com,3
os-prva-vz.skole.hr,3
os-sirac.skole.hr,3
poliklinikaabr.hr,3
poliklinika-sinteza.hr,3
www.thetacentar.com,3
podravske-sirine.com.hr,3
hydraluka.com,3
www.tvrdavaklis.com,3
www.surplex.com,3
hr.toca.gr,3
hr.trenkwalder.com,3
hr.videochat.si,3
hr.thatcampflorence.org,3
www.davorbozinovic.hr,3
autokuca.hr,3
www.tabardi.hr,3
politicalfriendster.com,3
www.sveti-petar.hr,3
hr.videochat.life,3
www.sv-antun.hr,3
www.sveta-ana-lobor.hr,3
www.svemir.ba,3
ponudaza5.com.hr,3
os-sinise-glavasevica-vu.skole.hr,3
www.sv-mihovil.hr,3
hr.triniradio.net,3
poduzetnicki.ba,3
hr.zetreview.com,3
pogledompraticute.com,3
opcina-negoslavci.hr,3
www.skijanje.rs,3
reoop.com,3
www.skc.uniri.hr,3
repository.ffri.uniri.hr,3
hr.boardgamearena.com,3
repozitorij.ds.unios.hr,3
imotski.in,3
www.sportklub.info,3
hr.atmet.org,3
www.siniat.hr,3
osivanamazuranica.hr,3
www.sinapsa.com.hr,3
www.simicdom.com,3
opcina-kukljica.hr,3
arheon.net,3
psc.idel.hr,3
perundodir.blogspot.com,3
polet.hr,3
automotovision.hr,3
pointshoppingcenter.hr,3
www.svjetovni-franjevci.info,3
www.svijetputovanja.hr,3
autoskola-topolovec.hr,3
www.svijetosiguranja.eu,3
policijska-akademija.gov.hr,3
os-spansko-oranice-zg.skole.hr,3
poliklinika-analiza.hr,3
www.svijet-ljepote.hr,3
poliklinika-diamelli.hr,3
hr.womeninahomeoffice.com,3
os-starigrad-paklenica.skole.hr,3
hr.whitedogcafefoundation.org,3
osobnirazvoj.org,3
hzuts.hr,3
humor.week.ba,3
www.smartson.hr,3
pcelica74.blogger.ba,3
barskiportal.com,3
rdm.hr,3
www.smjestaj.com.hr,3
pdborik.hr,3
www.smokvina.hr,3
ballkans.com,3
radio808.com,3
oruzarnicazagreb.hr,3
radiobijelopolje.me,3
www.udruga-kvark.hr,3
organicos.hr,3
radiobobovac.com,3
www.udruga-mijau.hr,3
pdfslide.tips,3
www.slijepi-bjelovar.com,3
hr.dnaweekly.com,3
www.sljeme.hr,3
ratiovp.com,3
hr.eridu.eu,3
hr.elmarkstore.eu,3
www.slovoposlovo.com,3
hr.el-macho.eu,3
hr.eco-cannabis.eu,3
arhiva2014.festivaloftolerance.com,3
pd-karlovac.hr,3
barlovci-zupa.org,3
ravagobuildingsolutions.com,3
hr.dreadbag.de,3
ravnopravnorazliciti.org,3
razdjelnici-topline.org,3
arhiva.vrgorac.hr,3
www.slobodna-zona.hr,3
ikk.hr,3
radiogornjigrad.wordpress.com,3
www.solidea.com.hr,3
www.danh.hr,3
www.kosljun.hr,3
edukasim.zzhm-kz.hr,3
www.kosarica.hr,3
www.damirmanola.com,3
edukacije.eu,3
www.danfoss.com,3
cute.hr,3
www.kostanj.tripod.com,3
www.korcula-larus.com,3
www.korcula-hotels.com,3
eduhovnevjezbe.hr,3
www.dashofer.hr,3
www.sencor.hr,3
eduidea.org,3
www.kosovahaber.net,3
www.dajtedaradimo.hr,3
radovi2020.cuc.carnet.hr,3
radiosehara.net,3
hr.gingerhilluuc.org,3
opzo-opkk.hr,3
radiokikinda.rs,3
hr.forvo.com,3
www.soih.hr,3
opto-centar.hr,3
hr.firstpond.com,3
www.czss-sinj.hr,3
hr.firedupseaside.com,3
hr.fig9collective.com,3
www.senor.hr,3
sportinterview.org,3
gornja-rijeka.hr,3
www.coutureliferoads.com,3
www.tirolia.at,3
curling.hr,3
hrvhf.net,3
www.soulcraftcreations.hr,3
www.spi.hr,3
www.specijalna-bolnica-aksis.hr,3
pedagogija.unizd.hr,3
au.mvep.hr,3
hr.izzi.digital,3
r-tekmanufacturingltd.hr,3
balkanekspresrb.rs,3
www.spaincarrental.net,3
www.sova.hr,3
artbizmagazine.com,3
www.southshorehealth.ca,3
radboa.com,3
radin.hr,3
hrvatskipravasi.hr,3
hr.hzorkf.com,3
gornjastubica.hr,3
os-brodarica.skole.hr,3
www.tkon.hr,3
rock-akademija.hr,3
imuno-protect.eu,3
www.seapower.hr,3
read.squidapp.co,3
hpd-bjelasnica1923.ba,3
www.seminari.hr,3
www.unileverfoodsolutions.hr,3
rodilista.roda.hr,3
real-estate-dubrovnik.com,3
roditelji.story.hr,3
rogatica-bih.blogspot.com,3
www.sedmikontinent.org,3
believersnewsletter.org,3
romanet.me,3
realestatecroatia.com,3
hr.hostadvice.com,3
www.sefovi.hr,3
hr.hisense.com,3
ieeehealthcom2016.com,3
www.splitskifestival.hr,3
balconn.com,3
putprirode.wordpress.com,3
www.timdent.hr,3
putemsnova.blogspot.com,3
putokaz.biz,3
putokaz.me,3
pejdah-pharmacia.hr,3
balkan-express.org,3
www.spk-direkt.hr,3
www.tzsilba.hr,3
hr.keto-eat-fit-official.site,3
os-cisla.skole.hr,3
radio.unios.hr,3
pun.hr,3
putokazi.net,3
os-ffrankovic-ri.skole.hr,3
www.sport-pozega.hr,3
radio.streampanel.net,3
hr.lizarder.com,3
pyle.si,3
radio.rojc.eu,3
putsvjakova.com,3
hr.ks24.eu,3
hr.karesova-bio.eu,3
os-ceska-jakomenskog-daruvar.skole.hr,3
os-gorjani.skole.hr,3
os-gospic.hr,3
hr.local-lux.com,3
os-gornja-vezica-ri.skole.hr,3
www.ucenickidomkvarner.hr,3
plesoprijevoz.hr,2
pldmosor.hr,2
www.flowers4bali.com,2
www.tarotdane.com,2
andelascepanovic.com,2
hr.skidekids.com,2
mudrasova.hr,2
pozitivanstav.com,2
www.sveti-djurdj.hr,2
www.flowers4ciudad-jerez.com,2
polog-zupa.blogspot.com,2
www.svetbiljaka.com,2
deltron.hr,2
plavno.rs,2
playground.mtel.ba,2
playfitness.hr,2
www.taxirijeka.com,2
www.flowers4jakarta.com,2
plavosrce.hr,2
www.flowers4murcia.com,2
www.walkmaxx.hr,2
plezirmagazin.net,2
plitvicka-jezera.hr,2
www.tdmszigetvar.hu,2
plivanje.info,2
podnogrijanje.com,2
www.fizio-gp.hr,2
deltaportal.info,2
istta.eu,2
www.studioimago.hr,2
hr.skincode.com,2
hr.silane-guard-official.website,2
aziza-physics.com,2
www.extrainfo.net,2
www.sudamjafest.ml,2
hr.soldius.com,2
www.exteriores.gob.es,2
hr.sluurpy.com,2
decorservice.com,2
povijesti.narkive.hr,2
pozitron-xrm.com,2
hr.skopelitissa.com,2
pobjede.hr,2
azjurandvor.com,2
povum.ffzg.unizg.hr,2
mount-trade.hr,2
www.f-ton.org,2
www.exyuaviation.com,2
www.eyerim.hr,2
hr.start2act.eu,2
pou.ploce.hr,2
www.stylezagreb.com,2
www.studentarija.net,2
www.stupnik.hr,2
azp.hr,2
www.istriasun.com,2
ppf.unsa.ba,2
www.excursionscroatia.hr,2
www.excursor.com,2
www.studio-jyoti.com,2
motovun.hr,2
www.istriaexperience.com,2
www.wizart.hr,2
hr.sgmls.com,2
dpmaticehrvatske.ca,2
hrmod.hr,2
www.takeda.com,2
drauto.hr,2
plastikatrcek.si,2
www.insp.rs,2
www.tecaj.plantagea.hr,2
multipla-split.hr,2
www.tecajspanjolskog.com,2
planiraj.com,2
planinarix.eu,2
www.fmb.foundation,2
hrkviz.hr,2
planetrovinj.com,2
hrlog.ba,2
www.szz.hr,2
podocnjaci.com,2
www.web-sajt.rs,2
www.svijece-vatovac.hr,2
www.fkp-posusje.com,2
hr.whateverittakesmoving.com,2
autoskola-testovi.com,2
mrk-cakovec.hr,2
www.svijet-joge.com,2
autoskola-rusan-zagreb.com,2
mrkonjic-grad.com,2
poliklinika-gemini.hr,2
hr.wpssportsbar.com,2
www.weishaupt.hr,2
poliklinika-dermaplus.com,2
ksckakanj.ba,2
dragomartinovic.com,2
autoskola-konavle.hr,2
autoskola-gazela.hr,2
www.inspecto.hr,2
platforma-hzg.hr,2
www.inspiracija.eu,2
platonovapecina.com,2
pmf.unsa.ba,2
www.flag-lostura.hr,2
plose-istra.hr,2
www.flixbus.ba,2
mtb-shop.hr,2
mucanje.ba,2
plocanskastranka.com,2
www.instalacije-dencic.com,2
demos.flowplayer.org,2
www.sveti-jeronim.org,2
multisoft.com.hr,2
www.inpro-academy.eu,2
zupa-prenj.com,2
plac.upoznajmo.hr,2
sa-mp.los-balkan.com,2
www.inojanjetina.net,2
www.tehnologija.hr,2
autobusi.org,2
hrp-ap.com,2
pk-vertikal.hr,2
www.tehnomobil-elsting.hr,2
24sata.org,2
24sata.info,2
hrsak.com,2
www.foozos.hr,2
doula.hr,2
www.tehix.hr,2
multisklad.ict-aac.hr,2
www.walkmaxx.ba,2
zupa-davor.hr,2
www.sve.hr,2
drustvojasenovac.wordpress.com,2
drpsih.ffzg.unizg.hr,2
itl.hr,2
mplan.hr,2
pos.ticketshop.hr,2
www.surfvic.com,2
www.islamawakened.com,2
www.farmer.ba,2
poslovni-edukator.hr,2
hr.timacagro.com,2
poslovni-plan.com,2
potkozarje.net,2
potencija.net,2
zupa-gospe-od-milosrdja.hr,2
www.sumt.hr,2
ayurveda-balance.hr,2
ksbpz.org,2
posavskahrvatska.hr,2
www.istra-apartmani.hr,2
mp4.matv.ca,2
www.sunturist.com,2
possector.ba,2
hr.tempur.com,2
hr.testingtreatments.org,2
mpa.com.hr,2
poslovnidnevnik.ba,2
portalulcinj.me,2
www.surveymonkey.com,2
az.medzlistuzla.ba,2
popusti.njuskalo.hr,2
360style.net,2
autowill-rentacar.hr,2
www.superskin.hr,2
www.supernova-sibenik.hr,2
predivanjan.com,2
www.geologika-regulus.eu,2
www.trazi.hr,2
paba.hr,2
www.svgroup.hr,2
www.transitcenter.com.hr,2
www.transforma.hr,2
www.geof.unizg.hr,2
hsuse.hr,2
hsuti.hr,2
pametna-kuca.com,2
anicazna.com,2
palijativna-skrb.hr,2
www.geoeconomic-forum.com,2
www.geogebra.org,2
www.vrtic-zeko.hr,2
www.tradfest.org,2
posebnebiljeznice.com,2
www.traducta-prijevodi.hr,2
htd.com.hr,2
myhomeagency.com,2
domikon.kmdm.hr,2
www.fordfanclub.com,2
hrsk.hr,2
preporodmostar.ba,2
poslovnenovine.com,2
poslovnaspajalica.hr,2
poslovnanavigacija.hr,2
poslovice.org,2
www.isp.hr,2
positivemessengers.net,2
dronovi.hr,2
hr.vente-ordi.com,2
www.svebas.com,2
www.svecenicki-marijanski-pokret.com,2
www.europski-izbori.eu,2
pravopis.hr,2
www.eurotrade.hr,2
pravniciugospodarstvu.hr,2
drustvo-sapa.hr,2
pravdabl.com,2
drustvo-kustosijanaca.net,2
pravazena.com,2
b-portal.hr.dream.website,2
iuo.unizd.hr,2
motointegrator.com,2
www.womenonwine.com.hr,2
prana24.hr,2
www.strukovna.hr,2
www.strahoninec.hr,2
drugsinc.eu,2
popcorn.hr,2
b2b.elektroprofi.hr,2
most-nl.com,2
hr.rapidscafform.com,2
www.itrevolucija.com,2
www.stomatolog-zg.com,2
mostar.ssfcr.org,2
premavama.com,2
ksp.ffzg.unizg.hr,2
hr.redfeatherfarm.org,2
knjiznicaskole.blogspot.com,2
www.ston.hr,2
prehrambeno-tehnoloska-skola.hr,2
drustvomarjan.hr,2
www.europromet-zagreb.hr,2
www.itel.hr,2
hr.rozsavagecoaching.com,2
www.strahodletenja.com,2
www.vzkz.hr,2
www.whatsapppixel.com,2
pomozimozajedno.hr,2
www.festival-multikulturalnosti.eu,2
pomorskodobro.com,2
www.sveostalojeglazba.hr,2
www.ipt.hr,2
www.festivaltata.hr,2
www.sveta-klara.hr,2
www.ireks-aroma.hr,2
www.irena-istra.hr,2
hr.titanium-official.eu,2
www.svakodnevni.net,2
www.susakpromet.hr,2
kruzna-ekonomija.com,2
www.fejm.ba,2
hr.topshineparts.com,2
avicenna-isct.org,2
www.iserbia.rs,2
www.isem.agency,2
portal-dobrote.com.hr,2
www.suzavac-argus.com,2
porodicazdravlje.com,2
www.sv-filipjakov.hr,2
zupa-jelenje.hr,2
www.iris-mbm.hr,2
hr.triticus.eu,2
avaz.live,2
www.fair-arbeiten.eu,2
www.f1-bih.com,2
hr.xmmelody.com,2
ok-maksimir.hr,2
www.filir.hr,2
ipma.hr,2
www.vagabond.com.hr,2
odvjetnik-jovanovic.hr,2
odvjetnik-dlacic.hr,2
www.vaillant.hr,2
odstopavanje.com,2
www.hapk-mladost.hr,2
zuvhgp.hr,2
www.valcer.hr,2
www.hartmann.info,2
www.hrk-gorica.hr,2
infobar.ba,2
www.valmod.com,2
digitalni.ppmhp.hr,2
infobugojno.ba,2
obs.hr,2
ipu.com.hr,2
zutiklik.hr,2
odvjetnistvo-ljubic.com,2
infashionshop.hr,2
www.voca.hr,2
arapski-centar.hr,2
www.hahk-mladost.hr,2
ar-hrupelj.hr,2
www.uumup-vbdr.hr,2
oglasi.osijek031.com,2
www.uvati-vitar.hr,2
www.vocnjacidjikic-livno.biz.hr,2
www.uvozizkine.com,2
info-mladi.info,2
nebeski-dar.hr,2
www.hrcentar.hr,2
www.hadziumra.ba,2
www.urbano-oglasavanje.hr,2
www.hrvatski-dom.com,2
kos-novska.hr,2
dmd-vijesti.com,2
www.vodice-travel.com,2
www.ursa.hr,2
www.hrvatski-plivacki-savez.hr,2
www.hac.hr,2
nba.pulsmedia.hr,2
oivn.hr,2
www.uslsz.hr,2
www.voda.ba,2
oiokic.org,2
www.hadria.biz,2
antidayton.com,2
arcus.hr,2
kosaca-mostar.com,2
www.gyms4you.com,2
inceptum-savjetovanje.hr,2
kosnica.hr,2
www.vodjinci.hr,2
indental.hr,2
www.upi2mbooks.hr,2
indikator.ba,2
iqmobile.ba,2
old.documenta.hr,2
1razredceric.weebly.com,2
www.gumewebshop.hr,2
okruzenje.net,2
www.gunsbet.com,2
kosarka24.ba,2
www.gyceurope.org,2
nebofestzagreb.com,2
nebojsavukanovic.info,2
www.hanfa.hr,2
www.visitomis.hr,2
nklokomotiva.hr,2
intelika.hr,2
nkjaska.hr,2
www.hipp.me,2
nkim.hr,2
antropoti.hr,2
nityastudio.com,2
www.vipromo.ba,2
www.velpro.hr,2
dirh.gov.hr,2
www.visitmycountry.net,2
www.visitnovigrad.hr,2
neyverheysamounvetalpwerwietropomtrat.xyz,2
interreg.obpula.hr,2
konkurentnost.hr,2
aquathermal.hr,2
www.visitopatija.net,2
konjic.ba,2
interze.com,2
www.hmd.hr,2
aora.hr,2
anzotika.bosnianforum.com,2
intraweb.hr,2
introplus.at,2
news.booking.com,2
direktorijum.me,2
neznase.ba,2
ditb-fbih.org,2
astroteka.net,2
www.visitjelenje.hr,2
www.honda.ba,2
inteligencija.com,2
nkvitez.com,2
www.hood.hr,2
neco-hobbyart.hr,2
novitravnik.info,2
antonijasimunkovic.com,2
dijaspora.mhrr.gov.ba,2
diyaudio.com.hr,2
zzhm-kz.hr,2
www.historicart.com.hr,2
www.historija.ba,2
www.homeo-herb.com,2
zzhm-obz.hr,2
antropozofija.hr,2
neveraviskovo.com,2
www.homebyciss.com,2
www.vindija.hr,2
zzhm-vsz.com.hr,2
www.vinkorozic.com,2
apartmani-salis.com,2
www.hkcbrisbane.com,2
nk-imotski.hr,2
njuska.rs,2
nkcm.hr,2
nkdubrava.com,2
www.hkm-duesseldorf.de,2
www.homeopatija.hr,2
www.vik-ka.hr,2
dijeta.hr,2
www.vikendom.hr,2
www.hoopnotictherapy.com,2
www.vila-nela.com,2
okc-gradacac.com,2
www.hrvatskiklubputnika.com,2
hranabezgrijeha.com,2
www.svjetlo.org,2
iswimband.com,2
www.svkatarina.hr,2
pointer.hr,2
mrvicesastola.com,2
www.finavina.ba,2
www.svijetmetraze.hr,2
mrsrobinson.blogger.ba,2
pokupsko.hr,2
www.inzagreb.com,2
autoskola-as.hr,2
www.svilija-metkovic.com,2
hr.yxygift.com,2
www.svjetskidanglazbe.com,2
pokrenibiznis.com,2
pokop.hr,2
dpuh.hr,2
www.investinzadar-croatia.com,2
poklon.hr,2
www.fininfo.hr,2
husd.hr,2
osagm.hr,2
huszpo.hr,2
nemik-nekretnine.com,2
iphoneservis.hr,2
obgospic.hr,2
www.vatrogasci-osijek.hr,2
www.hdbrp.hr,2
www.hr-coaching.hr,2
ipeda.hr,2
www.hdel.hr,2
podrinjemedia.ba,2
www.fitosalus.com,2
os-zorke-sever.skole.hr,2
poliklinikajurisic.com,2
poliklinika-sebetic.hr,2
poljoprivreda2020.hr,2
www.sveti-matej.com,2
poljoinfo.com,2
hr.voilabeauty.si,2
polje.hr,2
www.westend.hr,2
kns.ba,2
www.fgu.com.ba,2
poliklinikavarnica.hr,2
www.fiat.hr,2
drbojankozomara.com,2
zupa-kompolje.hr,2
poliklinikakonja.hr,2
kocka.org,2
poduzetnica.hr,2
www.webusluge.net,2
hr.xtrazex-official.site,2
www.ioptika.hr,2
policies.google.com,2
www.svkst.unist.hr,2
pogrebne-usluge-miraj.hr,2
www.fishforward.eu,2
poezijascg.com,2
www.fitlook.net,2
www.fitmessdiary.com,2
dr-roje.com,2
dr-ritz.com,2
www.fito-eko.hr,2
www.synergy-croatia.com,2
www.vbz30books.eu,2
www.hdfk.hr,2
www.hdgo.hr,2
nutricionizam.ba,2
www.hdsl.hr,2
www.hdtelevizija.com,2
novostiinfo.com,2
www.veliki-tabor.hr,2
nepomuk.hr,2
dijananovak.com,2
novokom-novska.hr,2
www.hpc.hr,2
inosmi.ru,2
apimel.hr,2
11teamsports.hr,2
www.hpsg.hr,2
www.velebit.info,2
www.vectrino.hr,2
www.vk-korana.hr,2
digitron.hr,2
www.vedranmezei.com,2
komunalno.inweb.website,2
nuk.pravri.hr,2
www.veetrina.com,2
infozvornik.com,2
nszz.hr,2
infraval.com,2
ingatest.hr,2
www.vegcook.net,2
neokatekumenskiput.hr,2
nsmedjimurjecakovec.hr,2
www.hpgd-zoranic.hr,2
antireuma.com,2
antimigrant.ba,2
neotralo.ch,2
dijabetes.co,2
www.velika.hr,2
www.hdnd.hr,2
nvzvotr.hr,2
ipd-center.eu,2
nvoinfo.me,2
apostolat-mora.blogspot.com,2
www.hr.exoderil.com,2
obiteljskidom-matic.hr,2
nutrivor.eu,2
djecjivrticjelsa.wordpress.com,2
aptf.sum.ba,2
obrtnici-hvar.hr,2
www.vkportal.ba,2
komunalno-vrgorac.hr,2
obrascitest.sdus.hr,2
www.vkontrol.hr,2
obnova.com.hr,2
www.haz.hr,2
www.vargon.hr,2
digitalno.eu,2
zvjezdanoljeto.karlovac.hr,2
www.hbsume.ba,2
www.hr.roca.com,2
www.hr.kcchip.com,2
informadur.com,2
nuvola-design.com,2
informo.hr,2
korak-hapi-step.eu,2
neomedia.hr,2
apiflora.ba,2
inicijativa.hr,2
mysmartcityzadar.com,2
udruga-radost.hr,2
hubs.hr,2
www.orbit-nekretnine.hr,2
bs.flyingsparkscrafts.com,2
www.bol.hr,2
tz-cavle.hr,2
www.os-ludina.skole.hr,2
bs.feelworld.ltd,2
www.os-marija-bistrica.skole.hr,2
gdprinformer.com,2
bs.minyanbucket.com,2
udovicebranitelja-zagreb.hr,2
bs.nbpeakswater.com,2
gastronomadi.hr,2
kikefromsplit.com,2
www.orasje.ba,2
www.lumato.hr,2
udrugastudiob.hr,2
bs.evrey.tv,2
www.bistro-helios.com,2
cortex.shop,2
www.ordinacija-lacic.hr,2
esma-conference.org,2
udruganovem.hr,2
www.orebic.hr,2
malistudio.hr,2
gay-serbia.com,2
udrugakocka.com,2
udrugaiks.hr,2
zeleniklik.hr,2
www.opusknjige.hr,2
bs.suenee.cz,2
essononco.net,2
www.zzjz-ck.hr,2
crbc-croatia.com,2
ucenicki-dom-tehnicka-zg.skole.hr,2
www.bomis.hr,2
agro-klaster.hr,2
www.opozorilo-jezusov-drugi-prihod.si,2
geoinstruments.eu,2
equus-agility.com,2
tvrdjava-kulture.hr,2
tvone.com,2
www.os-otok-zg.skole.hr,2
www.loftnekretnine.com,2
equestris.hr,2
www.bolnicasb.hr,2
www.os-pokupsko.skole.hr,2
www.locus.ba,2
tuzlapress.ba,2
www.os-pstoosa-kraljevecnasutli.skole.hr,2
gf.sum.ba,2
www.logovjezbaonica.hr,2
agroburza.hr,2
www.os-rkatalinic-jeretov-opatija.skole.hr,2
www.zvonimirpavlek.hr,2
www.boniplantproizvodi.com,2
erasmus.mev.hr,2
twistshake.com,2
twobytwo.com.hr,2
zeljkogrbac.com,2
tz-vrbovsko.hr,2
tz-tisno.hr,2
tz-svetvincenat.hr,2
tz-rijeka.hr,2
tz-razanac.hr,2
tz-rasa.hr,2
ugradnjaliftova.hr,2
kakosi.ffzg.unizg.hr,2
www.opstina-zvornik.org,2
www.bk-ivanic.hr,2
kaj-spravisce.hr,2
udruga-mis.hr,2
mallofsplit.hr,2
udruga-sv-juraj.hr,2
udruga.hr,2
gdck-belimanastir.hr,2
udruga-vincenca.hr,2
www.oris.hr,2
udruga-udomitelja-nada.hr,2
x.com.hr,2
bs.printowel.com,2
udruga-sjena.hr,2
udruga-mladih.com,2
www.ortoimplant.hr,2
www.bk-medjimurje.hr,2
ljekarna-cakovec.hr,2
www.bkbih.ba,2
mamadonna.eu,2
www.bknovska.hr,2
dadilja.hr,2
shop.hak.hr,2
horuk.ba,2
penal.ba,2
au.voxxyz.com,2
www.ind-zone.hr,2
pelin1971.hr,2
domzamene.com,2
zupa-sv-petra-ig.hr,2
hrvatskioglasi.com,2
hrvatskiplus.org,2
kadulja.com,2
udruga-agape.hr,2
www.blasttehnik.com,2
www.lovino.hr,2
zelene-staze-dunava-drave.hr,2
www.opticalexpress.hr,2
uhakud.info,2
estheticdentalcenter.hr,2
www.optika-luna.hr,2
gastal.com.hr,2
kakosepise.com,2
malesestre.hr,2
www.bird-academy.com,2
www.optika-simic-prskalo.com,2
www.lupoglav.hr,2
www.lunatron.eu,2
zeleni-neretva.ba,2
esipp.eu,2
zelenilo.hr,2
udrugacinaz.hr,2
gdhb.ba,2
www.oryx-osiguranje.hr,2
kairos.bizg.hr,2
www.oryx-rent.hr,2
mamapricalica.com,2
udruga-invalida-rada-nasice.hr,2
gddizajn.hr,2
udruga-gluhih-du.hr,2
udruga-dyxy.hr,2
udruga-mi.hr,2
kagor.hr,2
www.lpz-pgz.com,2
www.blanka-vlasic.hr,2
www.bnv.org.rs,2
www.blog.basilica.hr,2
astrozenit.rs,2
uzor.ba,2
youth-for-peace.ba,2
ypgd.org,2
frizure.hr,2
mail.np-kornati.hr,2
valamar-riviera.com,2
www.maloljetni-roditelji.net,2
www.maloca.hr,2
vaga-zdravlje.hr,2
www.belje.hr,2
www.offshore-tvrtka.com,2
v-style.com.hr,2
ljubavnamotivacija.wordpress.com,2
kantarion.eu,2
europazagradane.hr,2
ljubavneknjige.com,2
www.oktal-pharma.ba,2
www.malisvijet.hr,2
www.oglasavanje.com.hr,2
www.benevolencija.eu.org,2
www.oktan.hr,2
usst.hr,2
www.okucani.hr,2
majapatchwork.com,2
www.omegafinance.si,2
www.omegalan.info,2
www.omg.hr,2
ljiljan-s.hr,2
www.bhmag.net,2
urednik.hr,2
futsal-svetipatrik.hr,2
ljubavnadjelu.hr,2
www.best-doctors.hr,2
uciliste-ambitio.hr,2
majicezatrudnice.com,2
niskestrasti.info,2
activezenica.org,2
makoto.hr,2
makromedia.hr,2
agencijahomberger.hr,2
umrli-neretva.com,2
www.opcina-zdenci.hr,2
umparselodubrave.com,2
kalendula.com.hr,2
www.opcina.bale-valle.hr,2
www.biogradbooking.com,2
cornus-osijek.hr,2
contres.hr,2
euribarstvo.hr,2
zdravstvo.unizd.hr,2
ustvarjalnost.si,2
www.berlinskimagazin.com,2
busyfemme.com,2
fst.ba,2
fudbalski.com,2
www.ohr.int,2
uudrh.hr,2
www.maliprijatelji.com.hr,2
www.ok-sisak.hr,2
www.ok-skz.hr,2
uti-zadar.hr,2
www.okbp.hr,2
business.citroen.hr,2
fuk.hr,2
www.malikreativci.hr,2
www.bhtempo.ba,2
www.omega-software.hr,2
yihr.hr,2
genera.hr,2
uaba-liburnije.com,2
u-a-s.rs,2
generali.hr,2
tzv-gredelj.hr,2
www.blokirani.hr,2
bs.ibxst-windshield.com,2
tzosvetanedelja.hr,2
tzo-josipdol.hr,2
genesisbl.org,2
mandispharmljekarne.hr,2
www.os-jabukovac-zg.skole.hr,2
geniusconsulting.hr,2
www.bmwklubhrvatska.hr,2
ubzet.hr,2
www.blogger.ba,2
majevica.forumakers.com,2
www.os-draganici.skole.hr,2
udica-okrug.hr,2
www.os-dcesarica-zg.skole.hr,2
udbina.hr,2
geadata.hr,2
uciteljiceofficial.slthrow.info,2
ucimo-hrvatski.com,2
ucilistesesvete.hr,2
www1.presscut.hr,2
live.planet-art.hr,2
www.os-drazice.skole.hr,2
www.lovas.hr,2
gel.gimpoz.hr,2
www.lovackisavez-hb.ba,2
www.lotric.si,2
www.os-gornji-kneginec.skole.hr,2
ubd.hr,2
ubi4all.eu,2
urbangadgette.com,2
kamelijeopatijaregistar.com,2
euroglossa.hr,2
aczadar.hr,2
www.makeupfactory.de,2
ursbih.ba,2
www.bhinfo.fr,2
usskz.hr,2
consultarium.hr,2
bus.hr,2
www.bestsellertv.com,2
uspjesnakuca.com,2
uspjeh.org,2
www.betanija.hr,2
www.betonlucko.hr,2
uspdr-orao-osijek.hr,2
www.oldtimer-klub-zagreb.hr,2
www.bhfudbal.ba,2
consultor-ri.hr,2
yogasisak.com,2
uskrsfest.ml,2
yogacentar.hr,2
usitfbih.ba,2
www.malaterezija.hr,2
usbm.hr,2
uik.hr,2
uhssv.hr,2
turizamilok.hr,2
littlebiwedding.hr,2
muzej-moslavine.hr,2
peces-barba.com,2
www.inas.hr,2
osiguranje.ba,2
www.iglusport.hr,2
otok-pag.net,2
kravarsko.hr,2
otkupsatova.hr,2
www.trezorinvest.hr,2
otkup-zlata-srebra.blogspot.com,2
otk-ferdinandbudicki.hr,2
www.vrtic-paski-malisani.hr,2
www.idejezamene.com,2
partus-akademija.com,2
anitapaladabrand.com,2
www.tucepi.hr,2
detox.hr,2
naftalankozmetika.eu,2
hupgconference.com,2
otos.hr,2
osi-savjetovaliste.net,2
hurid.hr,2
osframiroslavadzajekupres.com,2
osebunjek.mreza.hr,2
doljani.info,2
www.turizam-vzz.hr,2
osbila.ba,2
anjakuha.com,2
osantunovac.hr,2
www.turizmo.eu,2
www.gladijator.org,2
www.vrtic-dugaresa.hr,2
www.trosilica.info,2
dom-kantrida.hr,2
mzk.ppmhp.hr,2
isrebro.net,2
pe-ge.hr,2
hukzp.pravo.hr,2
pgz.hdz.hr,2
www.infokorp.hr,2
pg-dubrovnik.net,2
www.tomislavjonjic.iz.hr,2
parun.eu,2
atletski-klub-forca.hr,2
www.ifm.com,2
zupa-svterezijeavilske-ravnagora.hr,2
osvisoko.hr,2
huisg.hr,2
osteoporoza.hr,2
destinations.uniline.hr,2
ostendogroup.com,2
krasic.com,2
zupa-ubdm.hr,2
otpisani.niceboard.com,2
asteria.hr,2
kras.hr,2
www.tripadvisor.rs,2
mzu.hr,2
www.idizdravo.com,2
dom-ucenika-vukovar.hr,2
www.gimnazija-sedma-zg.skole.hr,2
www.gimnazija-mareljkovica-vk.skole.hr,2
astastudio.info,2
mzorh.eu,2
www.gimnastika-cakovec.hr,2
www.igorpureta.com,2
www.gimnazija-dvanaesta-zg.skole.hr,2
astronomija.hr,2
osmrtnicehercegovina.ba,2
www.ideja-hr.com,2
www.gkcbelisce.hr,2
www.imemarijino.hr,2
hss.hr,2
www.vs-djakovo.hr,2
zupa-svetijurajnabregu.com,2
www.imexbanka.hr,2
www.gavrilovic.hr,2
parlametar.hr,2
parlament.ba,2
www.gaz-nutrition.com,2
komitet.agency,2
parkingtim.hr,2
park.hr,2
park-uspomena.eu,2
park-maksimir.hr,2
pariter.hr,2
hsps.hr,2
assersavus.hr,2
www.generali.hr,2
hsu.hr,2
www.generation0101.eu,2
pametnjakovici.eu,2
hts.hr,2
www.gestalteria.com,2
www.ihc.hr,2
myode.org,2
isretanput.com,2
myserbia.net,2
anilas.forumhr.com,2
domagojknezevic.wordpress.com,2
outdoor-hrvatska.eu,2
outdoor-akzent.hr,2
mystella.net,2
www.gdck-sibenik.hr,2
muzikaukoracima.hr,2
www.tounj.hr,2
www.gkdubrava.hr,2
komora.hr,2
osmijeh-biograd.hr,2
www.gkinovagim.hr,2
osmarinadrzicabuna.info,2
dom-medvescak.hr,2
www.gkka.hr,2
www.vrtic-mrvica.hr,2
dom-lovret.hr,2
oskatancic.hr,2
www.gkriversidezagreb.hr,2
domagojevi-strijelci.vid.hr,2
mysterion.hr,2
ottoworkforce.hr,2
www.toplokacija-nekretnine.com,2
www.topothek.at,2
parafreek.hr,2
atlantskainicijativa.org,2
desetaosnovna.edu.ba,2
www.topskisanvigilio.com,2
kreativnostrekonekcija.com,2
www.vrtnicentar-dubrava.com,2
hsts.hr,2
hstshr.lin28.host25.com,2
zupa-svetog-vlaha-ston.hr,2
panon.eu,2
www.genbukan.hr,2
ateljenabr1.com,2
www.totus2us.co.uk,2
www.tesla.com,2
doroslov.hr,2
www.fpzg.unizg.hr,2
pdck.hr,2
domovi.karmelbsi.hr,2
angotrips.com,2
kresevo.info,2
www.tomasic-psihoterapija.com,2
patrickmoriau.be,2
www.tomato.com.hr,2
www.gasilci.org,2
www.gastroakademija.hr,2
www.imnet.hr,2
zupa-sveti-kriz-du.hr,2
dermatologija-ivananola.hr,2
muzej-vukovar.hr,2
www.gajdefest.eu,2
pdfknjige.net,2
hrwiki.info,2
www.tenis-klub-brod.hr,2
muzej.hzinfra.hr,2
www.tis.hr,2
www.tisak.hr,2
pd-naftaplin.hr,2
dermamed.hr,2
pd-kamenjak.hr,2
www.in-fashion.info,2
pctown.co.nz,2
www.gabudizator.com,2
hrzupa-frankfurt.de,2
pcelarstvo-veber.hr,2
pcelarskaudruga-labin.hr,2
www.themoviedb.org,2
hrvatski-plivacki-savez.hr,2
pavlekovic.eu,2
pavlescg.bosnianforum.com,2
kresimir-kapetanovic.com,2
www.tnt-securus.hr,2
pdtuhobic.hr,2
krijesnica.hr,2
atwin.ba,2
domus-sesvete.hr,2
www.industrialartbiennale.eu,2
www.tifloloskimuzej.hr,2
www.tipwin.se,2
www.inea-lighting.hr,2
pesg.hr,2
musicbusinessbalkan.com,2
musicmax.hr,2
www.thesteel.com,2
www.frizerland.ba,2
www.frizvir.ba,2
pernatal.hr,2
www.infinitytv.live,2
auralife.eu,2
www.frontal.rs,2
hrvatski-twirling-savez.hr,2
perceiveart.com,2
www.frula.hr,2
hrvatski.en-academic.com,2
donacije.wwfadria.org,2
atvu.org,2
www.tircentrum.cz,2
www.themayor.eu,2
www.imperial-riviera.hr,2
www.vsisi.com.hr,2
kresimirbevanda.com,2
www.inkubator-vinkovci.eu,2
www.tennis-losinj.com,2
musclefreak.ba,2
www.theatrefestival-rijeka.org,2
www.fotosofia.info,2
www.thecampster.com,2
www.teuta-salon.hr,2
petrose.com.hr,2
hrvatskanogometnatelevizija.hrdown.info,2
petrinjka.eu,2
hrvatskatrci.hr,2
www.infobiber.com,2
zupa-stari-pazin.com,2
www.thairoom-masaza.hr,2
zupa-stenjevec2.hr,2
petkaconer.com,2
angellum.hr,2
www.thearto.hr,2
212.92.207.18,2
www.infotrend.hr,2
zupa-sv-alojzija-gonzage.hr,2
hrvatski-glasnik.com,2
kristijanilicic.com,2
pev.com.hr,2
pib-extra.com,2
www.tetida.eu,2
www.terme-tuhelj.hr,2
www.fotozine.org,2
www.informadur.com,2
dorrah.ba,2
hrvatska-nastava-berlin.de,2
murter-news.com,2
doroty4.blogspot.com,2
photodays-rovinj.com,2
piggybankproject.eu,2
www.temporis.hr,2
www.ingrammicrocloud.com,2
hrvat.com.hr,2
www.infostan.ba,2
pilgrimagekostajnica.com,2
autistance.org,2
www.teorije.com,2
hrvatska-dubica.hr,2
www.infosistem.hr,2
www.infoshop.hr,2
mupzzh.ba,2
hrvatska-kostajnica.hr,2
www.terapijakraljeznice.com,2
pikado.hr,2
www.terijer-klub.hr,2
www.fotopuzzle.com.hr,2
www.tenismanager.eur.hr,2
www.ing-grad.hr,2
pif.hr,2
kriticnamasa.com,2
www.tele-gold.com,2
pitajtarot.com.hr,2
www.forscope.hr,2
auto-zitvaj.hr,2
pisjournal.net,2
www.fortrade.com,2
www.telegramroda.hr,2
www.forum.hr-oruzje.org,2
www.forum.jeftinije.biz,2
muphnk.ba,2
hrv.proz.com,2
www.forum.tambura.com.hr,2
www.vitalisvoda.hr,2
pulaodlucuje.yrpri.org,2
konovizija.com.hr,2
ambientpark.hr,2
ravnatelj.skole.hr,2
hr.download.hr,2
www.slobodnalika.com,2
www.kamatica.com,2
barikada.com,2
zse-blog.info,2
hr.doctrina.biz,2
razbibriga.net,2
www.dzsino-dubrovnik.hr,2
mojabijeljina.com,2
www.dzsino-trnje.hr,2
izrada-web-stranica.hr,2
redakcija.hr,2
www.e-activo.org,2
kulturologija.ning.com,2
moja-macka.com,2
www.zagrebmax.hr,2
hr.doctorlundquist.com,2
www.ebt-zadar.hr,2
danel.com.hr,2
rbfbih.ba,2
redbrick.hr,2
danipiva.net,2
www.slijepi.hr,2
darda.hr,2
zrtopolovac.hr,2
hr.evrey.tv,2
www.solen.hr,2
www.dvd-donja-voca.hr,2
izuzetno.com,2
www.dzvukovar.hr,2
rctzg.hr,2
preslicavanje.blogspot.com,2
realestatecroatia.properties,2
www.smarthost.hr,2
rasvjeta.larix.hr,2
www.dziho.ba,2
www.kamelija-opatija.com,2
www.dzknin.hr,2
www.eatoutzagreb.com,2
barting.hr,2
danibeca.paideia-events.com,2
www.kalya-ayurveda.com,2
amber.ba,2
knjiznica-crikvenica.hr,2
hr.components-mart.hk,2
www.earth-run.com,2
www.zagrebacka-stvarnost.hr,2
www.skycola.hr,2
www.slideshare.net,2
recimikakosi.com,2
www.e-medikacija.ba,2
www.zagrebacki-festival.hr,2
www.e-ordinacija.ba,2
kupa-kolpa.eu,2
hr.conceptualhouseplans.com,2
www.zagrebackitaekwondosavez.hr,2
www.kalidurga.org,2
moj-nakit.com.hr,2
recepti-danas.site,2
moj-carobni-stapic.hr,2
dvd-halubjan.hr,2
receptispotpisom.info,2
bastina-krapine.com,2
repozitorij.djkbf.hr,2
mojeoko.net,2
www.eiz.hr,2
www.skalinada.hr,2
www.sites.google.com,2
radio-m.hr,2
www.zajednica.com.hr,2
www.just.hr,2
radio-xxl.com,2
darkogolubic.com,2
www.ekn.hr,2
zrs.com.hr,2
dvd-varazdin.hr,2
www.ekarate.eu,2
hr.blog-oremonte.ru,2
www.justiceweaver.com,2
radio.ploce.hr,2
repozitorij.eizg.hr,2
www.skandal.ba,2
www.sjenica.com,2
banjalukaforum.com,2
dardaniapress.net,2
renault.autohrvatska.hr,2
www.soccerallover.com,2
www.socap.hr,2
dv-pinokio-rijeka.hr,2
www.dvdmoravce.hr,2
zsucakovca.hr,2
zsubm.hr,2
ren.hr,2
iztzg.hr,2
radioval.hr,2
radiovrbovac.ba,2
radiovrbovec.hr,2
mojinfo.ba,2
repozitorij.fkit.unizg.hr,2
www.eko.lijepa-nasa.hr,2
hr.beautyshop.ie,2
www.sjeverozapad.hr,2
modaitakoto.com,2
americanacademy.com,2
repozitorij.aspira.hr,2
www.somaraton.org.rs,2
www.eihp.hr,2
hr.bombaysunset.com,2
radioclubkastilac.hr,2
www.sk.rs,2
www.eho.eu,2
kulinst.hr,2
repository.pfri.uniri.hr,2
www.jutaspiza.hr,2
www.zajednica-susret.hr,2
www.kapetanovic-sistemi.hr,2
moje-dijete-solin.hr,2
iyengaryoga.hr,2
hr.gem.agency,2
hr.gbl-europe.com,2
balkanspress.com,2
mojezdravlje.ba,2
mojforum.net,2
iwt.hr,2
www.dv-rapcici.hr,2
ztk-djurdjevac.hr,2
hr.avvocati.live,2
hr.badalijewelry.com,2
www.jurprom.com,2
www.dvasrca.com,2
www.ecs.hr,2
www.kamer.ba,2
amputirani.com.hr,2
ribe-hrvatske.com,2
dukatshop.hr,2
hr.lottery.com,2
ivanrepusic.com,2
pula.hr,2
www.sport-danas.com,2
www.sfcentar.com,2
kuu-zvon.hr,2
davidas.eu,2
moj-dermatolog.com,2
pulapromet.com,2
ribnik.hr,2
david-doo.hr,2
pulsar.com.hr,2
www.yellowstore.hr,2
pum.unizd.hr,2
www.sex-shop.hr,2
www.sportilus.com,2
zrinkajezdic.com,2
www.setcor.com,2
www.dshv.rs,2
dalmacijaski.com,2
www.kbcsm.hr,2
psi-za-neznalice.com,2
www.sportvision.me,2
www.kbc-zagreb.hr,2
becutan.hr,2
www.servicecentar.com,2
hr.mamydziecko.com,2
hr.m.wiktionary.org,2
hpdplanik.hr,2
davidjakelic.com,2
dvsuncokret.hr,2
baumgartner.hr,2
proteos.hr,2
www.jamnica.hr,2
rm.coe.int,2
www.eportfolio.eu,2
www.epoha.hr,2
kud-brda.info,2
prostor-imaginacije.hr,2
zugecanita.com,2
www.zapadstan.hr,2
protecthse.hr,2
www.seljaci.org,2
protein-shop.hr,2
knjigoteka.com,2
www.janja-bih.at,2
rkgeronimo.hr,2
daliborpetrinic.com,2
ribolovni-savez.hr,2
www.drugastrana.info,2
www.semos-informatika.eu,2
www.janjolinka.com,2
dzdv.hr,2
hpd-hum.hr,2
rk-rudar.hr,2
www.drvo-stildizajn.hr,2
ps-srcaisusova.com,2
www.seo.hr,2
www.energetskiportal.rs,2
rident.hr,2
pu-samobor-svn.hr,2
hr.luckylandbiscuit.com,2
www.emina.com.hr,2
psihoportal.com,2
www.sportskiobjektidu.hr,2
www.du-hok.net,2
www.zagi-sport.hr,2
mojaljekarna.ba,2
www.slovenci-zagreb.hr,2
www.slotplayer.eu,2
www.ecipele.hr,2
regdoz.azo.hr,2
regate.com.hr,2
www.smart-invest.hr,2
bantours.hr,2
hr.avalanches.com,2
www.dzcitluk.ba,2
radovanpetrovic.com,2
www.jvp-sisak.hr,2
izdavastvo.ffri.hr,2
www.dvosmijeh.hr,2
radugnoeadmin.ru,2
bebolinci.com,2
mojaskolskaknjiznica.weebly.com,2
izrada-web-stranica.info,2
www.smjestaj-ivancic.com,2
www.skojo.hr,2
dvd-popovaca.hr,2
www.edicije-bozicevic.com,2
ragbi-klub-lokomotiva.hr,2
www.edi-nm.com,2
www.skola.sirac.hr,2
kupiknjigu.ba,2
www.smeinvest.ba,2
knjizevnikutak.blogger.ba,2
www.ecvet.hr,2
raisethebar.hr,2
www.eckharttollecroatia.com,2
rastavljeni.com,2
raspberry-pi.narkive.hr,2
regen50.hr,2
hr.lushi.live,2
pskz.hr,2
www.sestadimenzija.net,2
psp.hr,2
www.jedinstvo.com,2
www.sestre-scj.hr,2
www.emporia-nekretnine.com,2
www.jeftinastruja.hr,2
hpo.hr,2
zrinka-ricka-zauhar.hr,2
knjiznica-oroslavje.hr,2
www.sirac.hr,2
www.dv-proljece.hr,2
kulturni-centar.hr,2
www.kamen.hr,2
kupidomace.ba,2
registarprotect.hr,2
www.ecolecroate.eu,2
www.ecodry.hr,2
dvd-ivanec.hr,2
www.slusajsume.com,2
hr.chinacoupon.info,2
hr.emanuelblagonic.com,2
baredine.com,2
ambroznikac.me,2
izlasci.net,2
regeneradubrovnik.com,2
www.ka-plus.hr,2
www.skolskenovine.hr,2
www.soa.hr,2
hr.faluninfo.eu,2
www.snz.unizg.hr,2
roditelj.ba,2
prointegris.hr,2
www.kdgrad.hr,2
www.sea-help.eu,2
www.ivanicplast.hr,2
dzotocac.hr,2
zuk-josipdol.hr,2
www.jadrankabrozd.hr,2
hotel-delfin.com.hr,2
alumni.unidu.hr,2
www.ss-pomorsko-tehnicka-du.skole.hr,2
ddc.hr,2
ba.inspinre.com,2
www.srkpuls.hr,2
hr.motofocus.eu,2
prirodaidrustvo.hr,2
www.ss-trgovackaitekstilna-ri.skole.hr,2
ba.boell.org,2
www.jakovlje.com,2
benediktinke-zadar.com,2
hotel-mirni-kutak.hr,2
prirodahrvatske.com,2
roditelji.edukacija.rs,2
www.etnoparkzagreb.com,2
www.jalzabet.hr,2
priroda-vz.hr,2
s-tetik.com,2
www.savez-inovatora-zagreba.hr,2
roditelji.eu,2
anabucevic.com,2
www.wyndhamgrandnoviresort.com,2
rujan.ba,2
www.ivanjareka.zupa.hr,2
radisici.ba,2
www.sbkt.hr,2
primakon.com,2
www.drava-life.hr,2
products-bank.com,2
prima-nekretnine.hr,2
www.dormeo.me,2
montazaklima.com,2
bellavita.hr,2
montanense.com,2
ba.ezo.tv,2
www.staropetrovoselo.hr,2
dckbbz.hr,2
projectbeta.rocks,2
hr.nbacemach.com,2
primetime-hr.com,2
rukomet-siz.hr,2
www.kdb.hr,2
probjave.com,2
projekt-suzi.zagreb.hr,2
belisce.eu,2
ruka-sapi.hr,2
www.zars.hr,2
www.erstenekretnine.hr,2
ddiskf.hr,2
www.ivanec-turizam.hr,2
monikaherceg.com,2
probodaca.blogspot.com,2
www.ss-isvear-ivanic-grad.skole.hr,2
ddmaestral.hr,2
ba.chipsmall.com,2
www.ss-ivana-mestrovica-drnis.hr,2
promocija-bb.hr,2
prirodanporod.com,2
mm-medestetica.hr,2
www.zara.com,2
moodle.srce.hr,2
promodar.hr,2
rnrgimnazija.hr,2
dcostojic.hr,2
bergman-putovanja.com,2
www.stina.hr,2
promopokloni.hr,2
kuctravno.hr,2
dzemat-oberhausen.de,2
www.sekvoja-art.net,2
www.stk-brovinje.hr,2
rsborder.info,2
www.star-beauty.hr,2
hotel-pakrac.com,2
ana-horvat-poetry.net,2
berlinskimagazin.com,2
www.drniskiprsut.com,2
kyani.com,2
rtvbugojno.ba,2
dzmostar.com,2
www.schracktrainingcenter.com,2
www.schooleducationgateway.eu,2
horvatok.hu,2
www.dpbhouse.org,2
www.euronet50-50max.eu,2
mladi.karmelbsi.hr,2
www.euromelanoma.org,2
www.standard.rs,2
www.schwarzkopf.com.hr,2
promocijskavoda.com,2
jablanica.ba,2
www.equilibrium-homeopatija.hr,2
www.kd-consulting.net,2
www.ivanmodrusan.com,2
www.savjeti.de,2
hr.mospesh.com,2
www.srijem.info,2
www.doublealpha.hr,2
www.ivsustav.hr,2
www.yacht-pool.hr,2
robotska-neurorehabilitacija.eu,2
hpa.mps.hr,2
alugha.com,2
www.savezrusina.hr,2
hr.opiexpos.com,2
ba.kangenwaterinfo.eu,2
b2kapital.hr,2
hr.only-android.com,2
www.stabilokuce.hr,2
rsrh.hr,2
www.savezsumsi.hr,2
pretplata.hanzamedia.hr,2
hr.racemarket.net,2
www.stanpromet.ba,2
www.wsiworld.hr,2
b2bmedia.org,2
www.srnectekstil.hr,2
rs.kan-therm.com,2
rs.touristmedical.com,2
www.kidzilla.hr,2
rsr.hr,2
www.stan.ba,2
druzina.hr,2
monopolizam.wordpress.com,2
www.wwfadria.org,2
dubrovacka-biskupija.hr,2
www.euroinvest.ba,2
www.eduzdravlje.com,2
www.kandit.hr,2
www.sodalive.ba,2
www.sociomovens.net,2
rmub.ba,2
batak-grill.hr,2
www.steiner.hr,2
romanajerkovic.eu,2
royal-am.com,2
dubrovnik-triathlon.com,2
dalekiakordi.com,2
www.dredge.com,2
www.euroherc.hr,2
www.ki-aikido-zagreb.hr,2
prolight.hr,2
babysleepigloo.hr,2
www.ssh.hr,2
proactiva.hr,2
pro4education.com,2
www.ergovita.hr,2
primorskenovine.me,2
3www.cromalternativemoney.org,2
prokletabrana.net,2
dzgospic.hr,2
dsn-zg.hr,2
www.ss-ekonomska-vu.skole.hr,2
www.izgubljenopronadjeno.website,2
www.doroslov.hr,2
hotcorner.hr,2
www.ss-elektrotehnickaiekonomska-ngradiska.skole.hr,2
kulturaigreisporta.info,2
www.dvd-sinj.hr,2
www.eef.hr,2
www.skg-ogulin.hr,2
www.snizenja.veza.ba,2
www.skitarnik.com,2
dv-tratincica.eu,2
hr.extremesurvive.com,2
dvd-sandorovec.hr,2
knjiznica-djurdjevac.hr,2
knjizevnica-za-rijeku.org,2
radno-pravo.hr,2
www.educa-savjetovanje.hr,2
izbicno.info,2
www.edusinfo.hr,2
dv-krijesnica-jankovci.hr,2
www.dvd-pula.hr,2
kultajmo.muzej-sibenik.hr,2
www.zadi.hr,2
dvd-valpovo.hr,2
radiokostajnica.com,2
radiokotor.info,2
radiolabin.hr,2
www.dvd-nustar.hr,2
www.skdubrovnik.hr,2
www.dvd-pozega.hr,2
dv-carobnasuma.hr,2
zsugos.hr,2
radiomarija.rs,2
dv-jaksic.hr,2
dv-cvit.hr,2
www.skelin-mont.com,2
www.jvp-grada-slatine.hr,2
monetarist.net,2
hr.preparats.eu,2
zuhrv.hr,2
www.ss-metkovic.skole.hr,2
www.estudio.hr,2
kvizopija.com,2
rtvpancevo.rs,2
hr.ninanutri.net,2
www.ivananusic.hr,2
role.hr,2
www.starapovijest.eu,2
houseoflearning.eu,2
houseofhealth.co,2
www.euroguma.ba,2
www.sdakalesija.ba,2
www.jabuka-crvenika.com,2
www.euro-pil.hr,2
www.sbtv.hr,2
www.sdz.hr,2
www.stentor.hr,2
ddm.hr,2
www.stecajevi.com,2
proaudiomedia.com.hr,2
rotary-karlovac.hr,2
rotary-club-maksimir.hr,2
www.izvornikod.hr,2
ru.mfa.hr,2
www.ss-prva-tehnicka-tesla-zg.skole.hr,2
www.se.com,2
kucaodprica.com,2
dznb.co.rs,2
profokus.hr,2
bello.hr,2
rotary-stross.hr,2
www.savoric.com,2
moneo.hr,2
www.eubioma.hr,2
www.etarget.hr,2
www.sbf.hr,2
prijatelj-omis-oa.com,2
proalarmhr.com,2
zupa-brela.com,2
www.dreamshop.hr,2
mladinska.rs,2
kucnilekar.com,2
www.eterlux.eu,2
dso.hr,2
dziv.hr,2
morinakutija.com,2
promedos.com,2
hr.npackfiller.com,2
55zagrebackisalon.com,2
primotronic.hr,2
www.donjastubica.hr,2
ruralno.eu,2
www.savjetovaliste-varazdin.com,2
promet-eufondovi.hr,2
www.eurolines.de,2
www.securitas.com.hr,2
www.savjetovaliste-lanterna.hr,2
ivanec-turizam.hr,2
www.keramika-modus.hr,2
www.ivanabrkljacic.com,2
www.starackidom.eu,2
prilagodba-klimi.hr,2
www.stetoskop.info,2
hr.myersmobileservices.com,2
prospekt.hr,2
bagi-immobilien.hr,2
ninanincevic.com,2
dogadaji.lexpera.hr,2
najboljifilmovi.net,2
www.glazbenakuca.com,2
www.glazbenaudrugaopus.hr,2
os-stari-jankovci.skole.hr,2
hyundai.hr,2
artplume.com,2
www.iarh.hr,2
hzpou.hr,2
os-slano.skole.hr,2
artnordic.dk,2
os-skolara-kravarsko.skole.hr,2
www.ianatomija.info,2
os-treca-ck.skole.hr,2
aseuro.hr,2
doktoricasrece.com,2
ankicamamic.com,2
asjaba.com,2
island-vis.info,2
os-voltino.hr,2
os-vnazora-skabrnja.skole.hr,2
hvidra-sb.hr,2
www.iceipice.hr,2
www.glaslike.hr,2
www.icandyworld.com.hr,2
najam-vozila.hr,2
islamvjeraistine.blogger.ba,2
os-vklarin-preko.skole.hr,2
doktorska.unios.hr,2
asiaoss.info,2
doktormedicine.blogspot.com,2
www.glazbena-skola-pavla-markovca.hr,2
www.glazbena-skola-glazbena-galerija.hr,2
narodni.ba,2
igkgradacac.com,2
ortodoncija-ivankovic.hr,2
www.hurkt.hr,2
orphica.com,2
igremladih.hr,2
www.udbina.hr,2
oris.hr,2
igubuka.hr,2
ihg.hr,2
os-antun-klasinc-lasinja.skole.hr,2
os-astarcevica-viljevo.skole.hr,2
www.huzr.hr,2
os-barilovic.skole.hr,2
os-donja-dubrava.skole.hr,2
igk.hr,2
art-lab.hr,2
os-tucepi.skole.hr,2
www.volimocipele.hr,2
www.gorstaci.com,2
www.gortanonline.org,2
os-budasevo.skole.hr,2
narodnaglazba.hr,2
dhfr.hr,2
www.hust.hr,2
igrackedenis.hr,2
www.ucilica.tv,2
dobrekalorije.ba,2
os-belec.skole.hr,2
os-konjscina.skole.hr,2
www.hzbs.hr,2
www.hzhm.hr,2
os-vholjevca-zg.skole.hr,2
islamskamisao.ba,2
najilkurtic.ba,2
arhiva.croring.com,2
www.tz-ms.hr,2
ihjj.hr,2
orienteeringtriangle.blogspot.com,2
oleumflex.com,2
opcina-kali.hr,2
www.umirovljenici-grada-krka.hr,2
anthony.sirac.hr,2
irna.fr,2
importannecentar.hr,2
zupavelikotrgovisce.com,2
www.umjetnicka-skola-miroslav-magdalenic.com.hr,2
dianovo.hr,2
opatija-motorsport.com,2
www.umjetninokti.hr,2
komunalac.hr,2
os-sesvetski-kraljevec.skole.hr,2
dndng.hr,2
ont.gov.ba,2
arhiva.cnzd.org,2
imunizacija.hr,2
www.grohe.hr,2
nasicki-park.hr,2
www.unhcr.org,2
www.umas.unist.hr,2
www.grijanje-klima.com,2
opcina-viskovo.hr,2
opcina-trnava.hr,2
imea.hr,2
www.grin.com,2
opcina-stitar.hr,2
www.hzsn.hr,2
www.gmj.hr,2
artkruno.com,2
www.tz-lumbarda.hr,2
os-senkovec.skole.hr,2
os-mradovana-trogir.skole.hr,2
os-mmarulica-sinj.skole.hr,2
os-mkrleze-cepin.skole.hr,2
www.tz-ravnagora.hr,2
dogma-istra.com,2
naklada-alfa.ba,2
icm.oppidum.hr,2
ictsupergirls.lemax.net,2
zupajastrebarsko.hr,2
anniewhere.org,2
nakladafragment.com,2
os-lotrscak.hr,2
os-ljgaja-os.skole.hr,2
idassaholiday.com,2
nakladaslap.com,2
www.tz-primosten.hr,2
www.go.alu.hr,2
os-novigrad.skole.hr,2
devetmeseci.net,2
www.globalmediaplanet.info,2
kraljevekceri.com,2
www.iac-apps.com,2
www.tz-draz.hr,2
os-rapska.hr,2
2014.zagrebfilmfestival.com,2
dogma-opatija.com,2
najodmor.info,2
www.tz-krizevci.hr,2
igranje.narkive.hr,2
www.gourmetencasa-tcm.com,2
rk-koprivnica.hr,2
inpro.hr,2
zvuk.narkive.hr,2
www.hdzz.hr,2
novinebalkan.net,2
www.houseofbeauty-rijeka.com,2
www.ventidue.com.hr,2
djecji.kranjcic.hr,2
novigrad.hr,2
www.healthnutra.org,2
www.hotelski-sustavi.com,2
www.hekanatura.hr,2
www.helendoron.ba,2
www.helios.ba,2
nestali.gov.hr,2
novi-svijet.hr,2
www.viz-sigurnost.hr,2
intelekt-rijeka.hr,2
konzalting.eu,2
www.herbalife.hr,2
www.viadukt.hr,2
www.hosteltraveler.com,2
djecamedija.org,2
www.hgshop.hr,2
www.hospicij-hrvatska.hr,2
djakovotv.com,2
djakovoinfo.com,2
djakovo.live,2
www.hia.hr,2
www.horrorhr.com,2
integra-znanja.hr,2
djakovacki-vezovi.hr,2
www.helloistria.com,2
www.vesti-online.com,2
orvasyachtinghrvatska.hr,2
www.vesti24.rs,2
www.hkoig.hr,2
www.viruss.eu,2
www.hks-cbf.hr,2
konobadavid.com,2
nikmon.com,2
dinaricrally.com,2
www.visit-croatia.eu,2
www.hkz-stuttgart.de,2
www.visit-slano.com,2
dingac-skaramuca.hr,2
ngm-odrzivi-razvoj.adriamedia.hr,2
djakovacke-delikatese.hr,2
nobel.ba,2
nocbiologije.biol.pmf.unizg.hr,2
insig2.com,2
www.hemco.hr,2
net-cro.hr,2
djecji-vrtic-rozica.hr,2
apartments-osijek.com,2
apartments-mira.com,2
novaekonomija.rs,2
instar.hr,2
institut-alternativa.org,2
novac.ba,2
institute-compliance.eu,2
komunikacijskilaboratorij.com,2
novaaltera.blogspot.com,2
nova.srce-isusovo.hr,2
etwinningknjigaomomgradu.weebly.com,2
nova.pou-si.hr,2
www.hicroatia.com,2
www.horoskop-astrologija-tarot.com,2
www.hidropneumat.hr,2
www.vomi-consulting.com,2
ie.mvep.hr,2
www.volkswagen.ba,2
narnia.hr,2
os-ekumicica-slatina.skole.hr,2
os-igkovacic-svetijurajnabregu.skole.hr,2
os-igkovacica-vk.skole.hr,2
iftarskimeni.com,2
www.volonterskicentargracac.hr,2
os-kman-kocunar-st.skole.hr,2
anno.rtl.hr,2
www.vpb.hr,2
idecor.vip,2
www.gonet.tv,2
dodir.hr,2
www.goodshelp.com,2
www.vijesti.plus,2
nanas-deutschkurs.de,2
www.goodwinfurniture.com,2
nanobiofaces.imi.hr,2
www.tzig.hr,2
os-ipoljaka-visnjica.skole.hr,2
www.tzkolan-mandre.com,2
www.tzkutjevo.hr,2
zupanija.info,2
igbd.org,2
diabetes-split.hr,2
dobredobricevic.hr,2
www.uciliste-maestro.hr,2
1xbet-gh.xyz,2
os-agmatos-tovarnik.skole.hr,2
artcolony.eu,2
nara-nasice.eu,2
napredakjajce.ba,2
kr-hotels.com.ua,2
djecasarajeva.edu.ba,2
www.hostingcentar.com,2
www.hgd-cgs.hr,2
notarius.hr,2
www.herbicidefreeuc.com,2
djecji-vrtic-pahuljica.hr,2
www.viatris.com,2
komusina-kondzilo.net,2
notra.ba,2
djecji-vrtic-marina.hr,2
notabene-gnld.eu,2
zz-rijeka.org,2
www.vic.mk,2
www.vice.com,2
djecji-vrtic-dubrava.hr,2
www.hotel-miramar.info,2
www.hevert.com,2
zvuksvjetlosti.com,2
arg.hamradio.hr,2
www.gssjd.hr,2
www.hsd-stat.hr,2
www.tzo-brinje.hr,2
www.tzo-lekenik.hr,2
os-igkovacic-cepic.skole.hr,2
os-ifilipovica-os.skole.hr,2
os-iduknovic-marina.skole.hr,2
2011.zagrebfilmfestival.com,2
www.volonterski-centar-ri.org,2
www.tzo-tkon.hr,2
opcina-ruzic.hr,2
www.ultrastudiosplit.com,2
opcina-prgomet.hr,2
www.zaklada-josip-sabol.hr,2
hr.keto-guru-official.site,2
putofan.wordpress.com,2
www.showcast.de,2
mnttenisenj.com,2
www.jk-opatija.hr,2
knjigovodstvo.net,2
www.elfs.hr,2
hr-seo.com,2
www.spica.ba,2
www.kartolinatravel.com,2
damirbutkovic.com.hr,2
ztk.losinj.hr,2
www.spancirfest.com,2
zrkrudar.hr,2
data.gov.hr,2
www.dubrovnikcard.com,2
dvdsarvas.hr,2
www.jub.hr,2
ra-tintl.hr,2
www.karlomatic.com,2
hr.aps-holding.com,2
knjiznica.ffzg.unizg.hr,2
be.mvep.hr,2
rabacopenair.com,2
mojkutak.net,2
kuhinjazaposlenezene.com,2
www.spacesworks.com,2
www.judoklubmladost.hr,2
damnatiomemoriae.bezgranica.hr,2
rac-sb.hr,2
putni.biz,2
beautywonderlust.blogspot.com,2
opcina-policnik.hr,2
putovanja.covermagazin.com,2
www.spid.hr,2
pvgap.org,2
pvtr-dnz.hr,2
residence-grupa.hr,2
www.jobiri.com,2
pvz-pula.hr,2
www.spica.me,2
www.kas.de,2
www.karzenikarzen.hr,2
www.elektro-portal.net,2
hr.2007es.com,2
www.duhovnidnevnik.net,2
republika.hr,2
www.elements.hr,2
davantigume.com,2
www.jilek.cafe,2
reumatologija.org,2
www.dubrovnik-holidays.com,2
riautosport.hr,2
ri-graphics.com,2
pusca.hr,2
pusica.com,2
hr-hr.segway.com,2
hr.legaltechnique.org,2
rhinospike.com,2
izvornakabala.blogspot.com,2
hr.kulturna-inicijativa.com,2
kuu-kristal-sladorana.hr,2
ivf.hr,2
www.yoga-in-daily-life.hr,2
mobilniguru.com,2
daruvar.hr,2
repozitorij.mev.hr,2
riven.hr,2
mondotravel.hr,2
www.srd-jastrebarsko.hr,2
dugatehna.ba,2
rjesenjezapet.com,2
prowellness.hr,2
www.enterprise.hr,2
dugiotok-travel.com,2
kud-prigorje.hr,2
rjesenje.org,2
mommystreasure.home.blog,2
prs.hr,2
www.sendvicijada.hr,2
hpd-lipa.hr,2
www.kbk-mornar.hr,2
ritamstvaranja.com,2
repozitorij.mefos.hr,2
beeunique.com.hr,2
momentum-estates.hr,2
www.engleski.hr,2
dugoselo.com,2
www.sensa-centar.hr,2
www.drustvo20000milja.hr,2
www.drustvopjesnikaantunivanosic.hr,2
www.sputtr.com,2
rip.hr,2
www.drvenarija.com,2
www.zambak.ba,2
rk-gospic.hr,2
protreptikos.wordpress.com,2
pumpnjump.hr,2
www.yinoexport.com,2
ribarstvo.mps.hr,2
dvdvinica.hr,2
hr.irecommendz.com,2
repozitorij.kulturologija.unios.hr,2
kupresonline.com,2
www.sinonim.hr,2
repozitorij.ufzg.unizg.hr,2
www.dut.hr,2
repozitorij.unidu.hr,2
data.si,2
qoshe.com,2
duo-stepbystep.com,2
dvdvisnjica.hr,2
beauty-garden.hr,2
www.dunea.hr,2
quantumk.co.uk,2
www.yumama.com,2
balkandiskurs.com,2
quercus-am.hr,2
repozitorij.vus.hr,2
quick-paw.ba,2
www.sihz.hr,2
hr.anonist.best,2
data.rijeka.hr,2
www.sikkens-wood-coatings.com,2
repozitorij.vguk.hr,2
repozitorij.vevu.hr,2
kutaknet.com,2
damirnadivanu.com,2
quran-ebook.com,2
www.jovicaletic.com,2
hr.anavar-steroids.com,2
www.spinconsulting.eu,2
beauty.hr,2
www.elektromedia.hr,2
orbus.be,2
www.unicredit.ba,2
online.mojput.eu,2
kossev.info,2
www.hsn.hr,2
online-zagreb.hr,2
www.gs-zgrgosevica.hr,2
zupavodnjan.com,2
natasa-ljubetic.com,2
arhitekt.hr,2
nationalpli.org,2
opcina-zazablje.hr,2
www.ulaznice.hr,2
opcinabaskavoda.com,2
ordinacija-zeljkaroje.com,2
orbis.hr,2
imamsve.com,2
dobarportal.net,2
arijevakuhinja.info,2
oratours.hr,2
ikremagazin.ba,2
arhivskivjesnik.arhiv.hr,2
oralnimukozitis.ba,2
komunalac-bj.hr,2
orahovica.hr,2
www.gradsupetar.hr,2
www.udruga153brhv.hr,2
www.volcanoplus.me,2
nas.com.hr,2
www.udrugacinaz.hr,2
www.graditeljstvo.hr,2
online.zehra.ba,2
www.grupakorak.hr,2
www.vojko-obersnel.com,2
www.unicef.hr,2
opcina-podturen.hr,2
imobitel.com,2
anteportas.hr,2
nasice.hr,2
www.ultrazvuk.hr,2
dietdayplans.pw,2
onlinepsihoterapija.com,2
diablog.hr,2
dnd-porec.hr,2
www.unison.hr,2
nativityofmaryedmonton.com,2
omnia-jezici.com,2
inantro.hr,2
omis.hr,2
natjecanja.math.hr,2
natjecanje-papandopulo.org,2
www.hsls-ivanic.com,2
www.vodoplast-promet.hr,2
natura.drnis.hr,2
www.unreal-net.com,2
www.uns.org.rs,2
www.unsa.ba,2
www.gss-media.com,2
naturalcosmetics.me,2
www.unisb.hr,2
on-off.hr,2
www.unias.hr,2
irisillyrica.com,2
www.hss-bpz.eu,2
www.huni.hr,2
ikb.dev.perpetuum.hr,2
kuterevomedvjedi.org,2
opg-marinkovic.hr,2
arhiva.pregrada.hr,2
operando.hr,2
www.gredica.hr,2
opgdomjanic.hr,2
www.udrugaleptirici.hr,2
www.udrugamag.com,2
www.udrugamrkz.hr,2
arhiva.vipromo.ba,2
arhiva.tommy.hr,2
zupasvnikolakc.hr,2
www.huec.hr,2
www.grawe.hr,2
www.udrugavrapcici.hr,2
www.udruzenje.info,2
www.vojvodinanet.com,2
www.udruga-dijete-razvod.hr,2
opg-balog.hr,2
opg-aronija.com,2
www.stocktonhrvatska.com,2
www.ak-osijek.hr,2
hr.radiomuseum-croatia.com,2
mo-vrebac-pavlovac.hr,2
amirmisirlic.com,2
putpremasebi.hr,2
www.jmhrvatska.net,2
putthelightin.com,2
dunea.hr,2
damasa.hr,2
dvmp.hr,2
restitucija.ba,2
dnevnevijesti24sata.info,2
nasevijesti.com,2
opcinagornjibogicevci.hr,2
www.hts-tentiq.hr,2
orhideja.org,2
www.grad-skradin.hr,2
www.udruga-institut.hr,2
organum.hr,2
anst.hr,2
www.udruga-marjan.hr,2
ijf.hr,2
www.udruga-mentor.hr,2
www.udruga-mi.hr,2
narodnimuzej.me,2
organic-impulse.com,2
dobit.com.hr,2
www.huns.hr,2
www.gradeko.hr,2
optikam.hr,2
www.grafokor.hr,2
nasa-djeca.hr,2
ilijas.net,2
www.ugljan.hr,2
www.green-acres.hr,2
www.uhddr.hr,2
www.uhkt.hr,2
opcinatravnik.com.ba,2
opcinastrigova.hr,2
irt3000.hr,2
irt3000.com,2
opcinalovran.hr,2
nasedijete.ba,2
opcinakupres.ba,2
galerijaklovic.hr,2
nova.rs,2
www.opcina-viskovo.hr,2
www.dna.com.hr,2
scatola.hr,2
bhpismonose.com,2
www.zdrave-navike.com,2
easttothesun.com,2
czss-ivanicgrad.hr,2
sbst.hr,2
www.klikcup.com,2
www.klik4.hr,2
czss-gospic.hr,2
sbk-ksb.gov.ba,2
www.klik-marketing.com,2
www.rubnjaci.hr,2
www.dn-rovinj.com,2
www.zdnews.hr,2
bhbusiness.ba,2
www.klingspor.hr,2
www.dku.efst.hr,2
hlojkica.com,2
www.zdenkaandrijic.biz,2
misoprovcin.com,2
sdatuzla.ba,2
www.djecjivrticzvrk.hr,2
www.rovus.ba,2
www.djinavrbica.net,2
www.rox.hr,2
sczg.unizg.hr,2
znksplit.hr,2
www.djknjiznica.com,2
www.zdravija.com,2
miss.hr,2
bhmama.org,2
www.samizdat.nu,2
mladenvukmir.net,2
www.kirpalsingh-teachings.org,2
saga.me,2
horoscopedragon.online,2
mkinter.hr,2
safejournalists.net,2
safarek.com,2
sacred-economics.com,2
sacraettheo.wordpress.com,2
www.domzastarije-ck.hr,2
mladi.gov.ba,2
www.savacommission.org,2
sahmatlista.wordpress.com,2
mkdavidschwarz.hr,2
www.domachi.hr,2
horeca.hr,2
www.domacica.com,2
www.kkdesign.hr,2
salonadental.com,2
knjige.ihjj.hr,2
da.mvep.hr,2
www.sarajevograd.click,2
www.sarajevograd.club,2
alternator.hr,2
www.sasajurkovic.com,2
www.saran-zapresic.hr,2
www.saransak.com,2
sakud-djakovstine.hr,2
saksib-talija.com,2
www.sareni-ducan.hr,2
www.kinotv.hr,2
www.dominik.hr,2
scorpio.hr,2
www.rpg-club.com,2
eatingdisordersupportnetworkofalberta.com,2
cultofghoul.blogspot.com,2
savez-slovaka.hr,2
hol.lzmk.hr,2
www.zdbt.info,2
hockey.powerplaymanager.com,2
www.ruzruzmarin.com,2
mitsubishi.ehome.hr,2
bezgranica.hr,2
www.s-event.hr,2
www.sabh.hr,2
www.repeticijesplit.com,2
www.deutschakademie.de,2
blog.b92.ha.rs,2
allofourstories.com,2
efos.management,2
sociologija.unizd.hr,2
www.klimaoprema.hr,2
efi.ofs.hr,2
hdzbih-zdz.org,2
hdzbih-zepce.org,2
sobe-widder.com,2
www.zhmsdz.hr,2
www.pz-cres.hr,2
effectus.com.hr,2
hdzi.hr,2
www.qtechna.si,2
www.quantumzona.com,2
snaznamama.com,2
snatch.hr,2
snaptap.it,2
bjkazaliste.hr,2
bfm.novikod.com,2
savjeti.crozilla.com,2
www.klaster-vinistra.hr,2
mitopeja.com,2
scka.hr,2
bhs.meetinghalfway.eu,2
klubzaposlise.eu,2
www.dnd-virje.hr,2
www.kkkmatijaljubek.hr,2
holidays-in-komiza.com,2
www.doba.hr,2
sasapetkovic.net,2
holidayfrance.org.uk,2
czss-zapresic.hr,2
sarenikutak.hr,2
www.dobojski.info,2
www.kkvodopad.com,2
jagodnjak.hr,2
bez-brige.hr,2
www.sajam-tkon.com,2
www.kksamobor.hr,2
www.dobrakuhinja.com,2
ladislav-bognar.net,2
www.zcgo.hr,2
www.dobrisavjeti.com.hr,2
www.kkkzagreb.hr,2
czss-vukovar.hr,2
6yka.com,2
mitalex.ba,2
savezsumsi.hr,2
savjetovaliste.info,2
bhaktimarga.hr,2
www.rural-tube.com,2
beseenbepopular.com,2
mks2018.fil.bg.ac.rs,2
www.kozarac.eu,2
eco.centarnet.com,2
hip-hop.hr,2
www.knjiznicanovigrad.hr,2
www.restaurantclub.hr,2
www.zelenibrac.eu,2
sibeniktaxi.com,2
www.restoran-polaris.com.hr,2
www.diart-photography.com,2
www.dicta-centar.hr,2
www.reumatologija.org,2
hismus.hr,2
www.revizija-stokov.hr,2
mimara.hr,2
lansinoh.ba,2
www.knap.hr,2
www.zelena-gradnja.hr,2
sic.ba,2
9a1rab.weebly.com,2
shoecleanique.eu,2
minecraftfungames.pw,2
shkm2017.com,2
czknovalja.hr,2
www.dinobikesport.eu,2
shinemagazin.com,2
javnodobro.udd.hr,2
www.ris.com.hr,2
www.diopter.hr,2
hk-podravka.hr,2
share.sum.ba,2
www.direct4.me,2
www.zegevege.com,2
www.knjiznicasolin.hr,2
cvrkutic.hr,2
www.zaton-zd.hr,2
cyclingadventure.net,2
www.rogaska.si,2
biber.nenasilje.org,2
www.rogla.eu,2
japreduzetnik.com,2
seherbosna.blogger.ba,2
sg.shuct.net,2
znanost.hr,2
www.diskusari.hr,2
shop.zoo-vili.hr,2
larix.hr,2
www.knjiznica-ludbreg.hr,2
historijagradacac.blogger.ba,2
shopolino.eu,2
ed-hrvatski.com,2
shopboxhr.com,2
klub-pomoraca.hr,2
bilje.hr,2
shp.bizhat.com,2
klubfeniks.com,2
www.knjiznica-glina.hr,2
www.digitalupgrade.agency,2
hitni.prijem.obv.hr,2
shop.quest.hr,2
www.ribahrvatske.hr,2
www.ricardo.hr,2
showroom.hr,2
www.revoloop.hr,2
ecophon.hr,2
lastovo.hr,2
www.kns.ba,2
hkdmst.org,2
mindbodylab.hr,2
www.ringeis.ba,2
sanjacolic.net,2
www.sano.hr,2
www.dom-petrovic.hr,2
da-kraljevic.ba,2
samoborskasalamijada.com,2
sanaris.ba,2
www.sancta-domenica.hr,2
e-racuni.com,2
www.doliatravel.hr,2
www.kkcrnomerec.com,2
knjiga.kakopsikomuniciraju.hr,2
www.zba.hr,2
www.samostan-kresevo.com,2
e-skole.razus.carnet.hr,2
mizjanja.ba,2
www.dolinamamuta.hr,2
www.rightpropertycroatia.com,2
sandymoserart.com,2
bestweb.ba,2
sangreen.eu,2
homeopatija-centar.com,2
homeopatija.hr,2
mizkalesija.ba,2
www.doljani.info,2
hoora.hr,2
www.dom-pozega.hr,2
www.dom-zdravlja-metkovic.hr,2
www.dogmasocks.com,2
zoricakusmuk.info,2
knjigeonline.com,2
dabj.hr,2
www.dom-metkovic.hr,2
www.kistonline.eu,2
samopisem.com,2
www.doloco.eu,2
shop.galeb.hr,2
shop.medium.ba,2
www.rihter.com,2
shop.ljekarne-zz.hr,2
www.zelenapunta.hr,2
www.knjigovodstvo-malek.hr,2
shop.grobnik.hr,2
bilicvision.hr,2
www.knjigolov.hr,2
www.knjigapsi.hr,2
www.knjigezaklince.com,2
shop.ccc.eu,2
shop.cbd.hr,2
jazavac.hr,2
shop.belje.hr,2
znameniti.hr,2
hittner.hr,2
www.djecjivrticmatulji.hr,2
jakopic-travel.hr,2
misli-djelujodrzivo.org,2
www.dom-markoastuparic.hr,2
hopal.hr,2
www.zazeli.sirac.hr,2
bestshopping-spot.com,2
www.kk-kastela.hr,2
zonecapone.com,2
samozabava.xyz,2
mjera-orm.hzz.hr,2
www.zavod-skolstvo.ba,2
efri.bjelovar.hr,2
hdz1990-rama.org,2
www.rasadnik-curek.com,2
simptomibolesti.com,2
www.konektor.hr,2
ski.hr,2
zmaichek.com.hr,2
ski-klub-zagreb.hr,2
www.kondingprojekt.com,2
skepticalscience.com,2
micine-slastice.com,2
mihovljan.hr,2
www.delimano.hr,2
skola.restarted.hr,2
editorials.voa.gov,2
laus-dubrovnik.org,2
www.kola-fjaka.com,2
mikroskopija.hr,2
simonantonovic.com,2
zlz-zagreb-airport.hr,2
www.derma.hr,2
www.kodzlaje.com,2
www.derventacafe.com,2
www.remax-centarnekretnina.com,2
cvrcak-daruvar.com.hr,2
cvrcak.com,2
znacenjesnova.com,2
www.renesansnifestival.hr,2
silva-metoda.com,2
www.detinjarije.com,2
sigurnakupovina.online,2
jednostavno-korisno.lajkaj.com,2
sindikat-atos.hr,2
www.delmata.org,2
skc.hr,2
bioelektronika.hr,2
www.kraljevska-akademija.com,2
law-lalic.com,2
www.cyberpower.com,2
edukacije-appa.hr,2
www.dancingbear.hr,2
www.korisnaknjiga.com,2
sjecanje.vecernji.hr,2
www.rebuiltmunciepto.com,2
sk-navaho.hr,2
sjp-grom.hr,2
micromreza.com,2
allegra.com.hr,2
zmijavci.hr,2
klobuk.info,2
www.komunalac-gp.hr,2
jedro.bar,2
www.komunalac-cepin.hr,2
lccshop.hr,2
www.receptivegetarijanski.com,2
sitis-san.hr,2
www.receptoor.com,2
www.delfin-rovinj.hr,2
www.reciteslobodno.org,2
skac-sb.hr,2
www.real-locator.com,2
lavkacoffeetea.online,2
skiklubogulin.hr,2
www.rasvjeta.net,2
skola-crtanja-slikanja.com,2
educateam.hr,2
biogradska.stvarnost.hr,2
skloniste-luc-zagorja.com,2
www.komiza.hr,2
sisak.sdp.hr,2
www.reebizla.com,2
www.radionet.hr,2
www.korakpremauspjehu.com,2
help.cpp.hr,2
www.data-bak.hr,2
slobodnalika.com,2
bistrobih.ba,2
www.radiogradiska.com,2
www.radiokim.net,2
hejkupi.me,2
helcommrs.org,2
sloga.hr,2
www.danijel-tpo.hr,2
slobodnahercegovina.com,2
mgatrgovina.com,2
cuspajz.com,2
bison.hr,2
www.refan.com,2
www.radionovska.hr,2
www.danzart-zg.com,2
www.dao.hr,2
www.daos.hr,2
hempoteca.com,2
slagalicaorganiziranje.hr,2
herebedragons.hr,2
www.dcd.hr,2
skolskisport-bpz.net,2
www.ram-rijeka.com,2
bioproduct.hr,2
www.konto8.hr,2
bioproduct.ba,2
mi2.hr,2
leastwastefulcities.com,2
www.radiovkladusa.ba,2
hempica.me,2
slavenskrobot.com,2
mik.hr,2
www.regalsandroyals.hr,2
www.delsol.hr,2
www.zenaportal.info,2
www.regus.hr,2
www.kolaci.biz,2
sinkopa.blog,2
www.rehafit.hr,2
mikrofon.hr,2
www.reklamplast.hr,2
cvjetne-stranputice.blogspot.com,2
cvjetnibuketi.hr,2
cvorkovac.hr,2
skola-hodosan.hr,2
www.dd-elektromont.com,2
aahrvatska.hr,2
help.unhcr.org,2
www.radiorozaje.me,2
mgc.hr,2
mgi.hr,2
biroradost.hr,2
help.libreoffice.org,2
www.koprivnica-plin.hr,2
slavonska-kosarica.hr,2
www.kopos.hr,2
lecentredelhetre.be,2
www.radiotrecadimenzija.com,2
hemosens-hrvatska.com,2
slavenvujic.com,2
mentalnozdravlje.hr,2
spadix.com.hr,2
www.pitomacafestival.hr,2
klinika.pravos.unios.hr,2
www.dan.ba,2
curaprox.hr,2
smat.hr,2
www.kosnicevoja.rs,2
www.dagg.hr,2
meteo.hr,2
eeas.europa.eu,2
www.ra-igra.hr,2
smtp.vuka.hr,2
smstz.edu.ba,2
www.kotanyi.com,2
www.dajmodjecibuducnost.donjikraljevec.hr,2
aaz.hr,2
aatg.energy,2
edz.hr,2
www.radio12.biz,2
jezerski.net,2
www.rabljena-racunala.com,2
www.rabljeni-novi-autodijelovi.com,2
hedera.hr,2
biznismarket.ba,2
www.zgsavate.hr,2
solventa.hr,2
www.czss-jastrebarsko.hr,2
somk.hr,2
hdndt.org,2
hdip.hr,2
www.kreartionice.com,2
www.cut.hr,2
www.pruzimoruke.hr,2
alisabarcic.com,2
smart-invest.hr,2
www.ptice.info,2
bkdesetka.hr,2
solo.com.hr,2
solipapar.com,2
www.czss-novi-marof.hr,2
eguides.osha.europa.eu,2
lektor.hr,2
solidarna.hr,2
egradnja.ba,2
www.kozul.hr,2
ege.hr,2
bkmedvedgrad.hr,2
solar-spirit.net,2
jezicni-savjetnik.hr,2
alfisti.hr,2
www.zhouse.in,2
softline.hr,2
www.korp.hr,2
snagasrca.com,2
www.quiz-maker.com,2
bjjsplit.com,2
smartflex.hr,2
smartvision.hr,2
leiloubyalex.com,2
bitlucky.eu,2
bitiroditelj.com,2
www.radio-m.hr,2
www.radio-maestral.hr,2
smartgroup.hr,2
legosi.org,2
aao-bitange.forumcroatian.com,2
smart4.hr,2
www.prva-hnl.hr,2
www.zivinice-carsija.com,2
www.prva.rs,2
somoborac.com,2
mergi.hr,2
www.pucisca.hr,2
www.puckouciliste-pazin.hr,2
www.puhbzgz.hr,2
culex.hr,2
www.pulainfo.hr,2
aazhr.lin34.host25.com,2
hdwallpaperslovely.com,2
www.krakr.hr,2
hdz-lsz.org,2
hdz-novosarajevo.org,2
ehedg.hr,2
www.pupilla.hr,2
sonda.hr,2
mercenaries.pw,2
www.zivi-zeleno.net,2
www.cza-split.hr,2
memorijalmm.com,2
spark.adobe.com,2
spc-preventis.hr,2
www.psiholoskapomoc.hr,2
blic.hr,2
spasimobisevo.org,2
spasenje.com,2
www.cvjecarnicatea.hr,2
zivotuhrvatskoj.com,2
www.kramer.hr,2
www.cystic-fibrosis.hr,2
www.cvrcakvt.hr,2
www.cwwpp.org,2
mercuri.hr,2
alfavision-optika.hr,2
sommelier.hr,2
www.cvjecarnica-nolina.hr,2
alfaportal.hr,2
www.prvenovine.com,2
spincity.hr,2
spikeri.hr,2
spijuniramo.online,2
lepevesti.club,2
hdo.hr,2
www.kratkovidnost.com,2
hdib.hr,2
www.prozorivrata.com,2
www.cvjecarahedera.com,2
www.prostorno-kkz.hr,2
hdaf.ffri.hr,2
sportandnews.blogger.ba,2
hdb1.pbf.hr,2
hdbz.hr,2
www.proricanjesudbine.com,2
www.prosco.hr,2
www.prostorduha.hr,2
www.zivotjesuper.com,2
mek.oszk.hu,2
spongiola.com,2
spomengaj.hr,2
www.provansa.hr,2
spoginovosti.wordpress.com,2
www.kreda.hr,2
www.cuoresportivo.hr,2
eizg.hr,2
sper.hr,2
sekularist.eu,2
biberon.hr,2
bibeltext.com,2
medzlis.org,2
www.znacenje-imena.com,2
blog.blagi.net,2
abc-strani-jezici.hr,2
tablete.co,2
www.prillinger.at,2
ss-graditeljsko-geodetska-os.skole.hr,2
spoznaja.com,2
www.krug.org.ba,2
www.croazia.net,2
www.pro-mil.hr,2
www.centar-sv-filipjakov.hr,2
www.krk.hr,2
srpskanews.com,2
csp.hr,2
srsbih.com,2
hbs.biol.pmf.hr,2
www.zlz-zagreb-airport.hr,2
www.croatiayp.com,2
gornjimihaljevec.hr,2
www.croatiarevealed.com,2
www.privlaka-tz.hr,2
croatiasynchro.hr,2
www.plasticna-kirurgija.si,2
harisalibegovic.com,2
aldi.hr,2
www.laser-ing.hr,2
happyveganplates.com,2
www.privatnagimnazijasvijet.hr,2
happybe.net,2
www.croatia-film.com,2
www.crv.com.hr,2
cryomedpro.com,2
jktijat.hr,2
boolab.hr,2
kkdubrava.hr,2
ekomuzejmura.com,2
hastk-mladost.hr,2
gospa-od-zdravlja.com,2
www.centar-psihodrama.hr,2
www.zupa-marina.hr,2
www.croma-co.hr,2
www.crolinks.eu,2
www.project-aliante.org,2
ekoaleja.hr,2
megahr.ffzg.unizg.hr,2
hangloose.hr,2
www.platformaupgrade.com,2
swi.hr,2
sweetmamablog.com,2
www.centarizvrsnosti.com,2
mazor-kompresori.hr,2
crypto.ba,2
akokit-vodice.com,2
svkri.uniri.hr,2
hapkido.hr,2
www.crtice-hrvatske.com,2
www.prometna-signalizacija.com,2
gotraffic.hr,2
sportskiribolov.hr,2
www.prirodoslovni.com,2
www.croatiamergers.eu,2
sportskikod.com,2
www.kroatien-urlaub.com,2
www.croatialuxuryrent.com,2
www.port-authority-zadar.hr,2
jolie.hr,2
superzdrav.blogspot.com,2
strahoninec.hr,2
www.choconillas.eu,2
susret.hsup.hr,2
gugu.ba,2
gradskivrticnt.ba,2
gradsubotica.co.rs,2
www.kupole.hr,2
www.pouvg.hr,2
www.poliklinika-repromed.hr,2
www.pouvarazdin.hr,2
www.csprog.net,2
elisa.hr,2
www.cice.com.hr,2
zinga-adria.com,2
www.poliklinika-saric.com,2
strane.ba,2
www.pou-gospic.hr,2
www.ztk-split.hr,2
www.poundslots.com,2
stranka-umirovljenika.hr,2
bmd-log.hr,2
www.pou-vodice.hr,2
www.cognita.hr,2
support.neostar.com,2
zimskakreativnaskola.com,2
streljackiklubrovinj.hr,2
www.ztk-kutina.hr,2
gradzivinice.ba,2
support.erasmusplusols.eu,2
www.cicero.ba,2
www.laboratorijzabave.hr,2
www.pou-libar.hr,2
www.coervercoaching.com,2
www.pou-kop.hr,2
www.poliklinikarakovac.com,2
gradzrakoplovstva.hr,2
www.ztk-grada-slavonskog-broda.hr,2
absenceinsight.eu,2
www.zrinjevac.hr,2
www.potres-petrinja.hr,2
www.kutakzaknjigu.com,2
www.posvudusha.com,2
elegant.deceuninck.com,2
supetar.hr,2
sts-rijeka-smsi-fiume.hr,2
stsi.hr,2
superzena.b92.net,2
crotopnews.com,2
www.ciciban.info,2
cromaris.com,2
student.nomago.hr,2
cromsic.hr,2
student.unipu.hr,2
media-x.hr,2
grujinsvijet.blogspot.com,2
studentfilmfestival.eu,2
bnz.blogspot.com,2
www.poljinos.hr,2
www.ladica.net,2
studentski-poslovi-zagreb.com,2
www.posta.ba,2
www.poljoprivredna.tv,2
grandoil.hr,2
grubisic-partneri.net,2
www.planinari-petrovvrh.hr,2
ekokamini.hr,2
jarunskelige.wordpress.com,2
www.zupa-ivanakrstitelja.hr,2
taekwondo-medvedgrad.hr,2
books.apple.com,2
www.crvenikrizosijek.hr,2
www.proimmun.hr,2
www.laptop.hr,2
hck-opatija.hr,2
www.primorje-sinkro.hr,2
www.primjerugovora.com,2
hadzici.ba,2
medjimurska.laburisti.com,2
www.proper-accounting.hr,2
jojo-optika.hr,2
ssrmiz.hr,2
sportklub.n1info.hr,2
hcz-virovitica.hr,2
www.plesniforum.com,2
www.krgz.hr,2
www.zivotopis.com,2
ssrrfbih.org,2
www.centella.me,2
sportina.group,2
www.croatia-landlikedragon.com,2
hadela.hr,2
www.primat-rd.hr,2
medjimurka-bs.hr,2
www.kucacajamakarska.com,2
www.languagecourse.net,2
www.plus500.hr,2
maximum-rent.com,2
croatiarealestateproperty.com,2
www.crvenikrizlabin.hr,2
gorgonija.com,2
www.centar-ozalj.hr,2
bosanskinacionalisti.org,2
eu-florist.com,2
zivjeti-bolje.hr,2
letecirazred.eu,2
medresa-cazin.ba,2
www.plinprojekt.hr,2
www.centarslavaraskaj.hr,2
akreditacija.hr,2
ss-ugostiteljska-opatija.skole.hr,2
emerkato.hr,2
ss-upravnaskolazagreb-zg.skole.hr,2
www.laus.hr,2
gov.sibenik.hr,2
www.promosapiens.hr,2
govorduse.hr,2
ss-umjetnicka-lsorkocevica-du.skole.hr,2
www.promo.hr,2
www.centarprofectus.hr,2
zivic-elektro.com,2
mc-faustvrancic.com,2
www.zupa-kompolje.hr,2
emergency-shop.eu,2
www.znaci-vremena.com,2
gorica.forumhr.com,2
www.pleter-portal.hr,2
www.plesnistudiovem.com,2
alba-marketing.hr,2
hamiltonlab.hr,2
zivjetizdravo.eu,2
www.printer3d.hr,2
hcd.hr,2
hagleitner-v3-t3.world-direct.at,2
www.croatiaapartments.net,2
elternhotline.de,2
srna.rs,2
www.product-port.com,2
spvrijeka.hr,2
srednjiput.rs,2
borovicrnkovic.com.hr,2
www.probus.hr,2
mazuranac.com,2
akmuz.fer.hr,2
www.probus-auto.hr,2
ekonomska-mostar.com,2
www.proalat.ba,2
hazigondozasausztria.hu,2
www.planradar.com,2
bordomax.hr,2
srijembiskupija.rs,2
spsh.hr,2
alarmcentar.hr,2
www.pkvelez.ba,2
blog.hrvatskonebo.org,2
www.zluk.hr,2
srebrenica.ba,2
sr.wikipedia.org,2
szzhnz-k.ba,2
www.kroatien.eu,2
srbibbz.hr,2
srbica.org,2
mbdb.hr,2
szs.edu.ba,2
www.krohem.hr,2
www.prognozevremena.info,2
www.cromreza.com,2
www.producttops.com,2
srednjaskola-srbac.org,2
croatiarents.com,2
www.centar-fizoton.hr,2
www.celulit.com.hr,2
ss-vnazor-cabar.skole.hr,2
halpet.hr,2
gpstanorad.hr,2
medo.hr,2
www.zjz-zzh.ba,2
hak-travnik.com,2
hck-gospic.hr,2
www.kt-dizajn.com,2
www.celavju.com.hr,2
eko-flor.hr,2
klenovnik.hr,2
crvenikrizvukovar.hr,2
www.pixel.hr,2
www.zjz-zadar.hr,2
ssjk.hr,2
ekreator.hr,2
www.pivovara-medvedgrad.hr,2
www.pliva.ba,2
svijetokonas.hr,2
crobiz.net,2
jogomdozdravlja.wordpress.com,2
www.plitvickedoline.hr,2
www.centar-adela.org,2
mazda.ba,2
ekonomija.unizd.hr,2
sr.casino.guru,2
www.crohoops.com,2
letifico.hr,2
www.kuvertapunaljubavi.unicef.hr,2
www.kuzatko.org,2
www.ck-zzh.org,2
www.pravilaigre.hr,2
bonduelle.hr,2
www.kuharicareceptisavjeti.com,2
bonduelle.ba,2
crtorad.hr,2
svejeizljecivo.com,2
www.cgu.it,2
steel.hr,2
stefangajic.com,2
www.lagermax.com,2
elba.hr,2
stellagreen.hunyadi.hr,2
www.coreaplikacije.hr,2
stemalica.com,2
gusar.hr,2
guranis-usluge.hr,2
www.poezija.info,2
www.kulic-sperk.hr,2
blogdan.rs,2
blogeri.gelender.hr,2
crpk.hr,2
gunja.hr,2
zhih.hr,2
medikadent.com,2
joyfullifebybranka.hr,2
klaudijatrogir.com,2
abcmedia.ba,2
newbalkan.info,2
www.kresevo.ba,2
millennium-nekretnine.hr,2
hkmhamburg.com,2
bonifarm.hr,2
lifestyle-tv.tv,2
www.cistoca-split.hr,2
www.pozitivasamobor.hr,2
www.pokop.hr,2
www.pp-zumberak-samoborsko-gorje.hr,2
www.kunalipa.com,2
sv-ana.com,2
gumi-major.hr,2
joomla.domtinujevic.hr,2
www.pozivnicelalinea.com,2
suzinmusictogether.com,2
www.lag-muradrava.hr,2
www.polet.com.hr,2
stolni-kaptol-svpetra.hr,2
www.lag-laura.hr,2
www.poligraf.news,2
www.poliklinika-analizalab.hr,2
stomatolog-vukovic.hr,2
www.podvodni.hr,2
medicus.hr,2
www.chine-culture.com,2
www.pozgaj.eu,2
stomatoloska-ordinacija-pende.hr,2
www.pozgaj-promet.hr,2
stonex.hr,2
bolnica-du.hr,2
libertasdubrovnik.com,2
guidesify.com,2
libertasdubrovnik.hr,2
stipepetrina.com,2
medika.hr,2
medimurje.info,2
croz.talentlyft.com,2
czss-biogradnamoru.hr,2
serbianforum.org,2
www.djakovo.live,2
lager-doo.com,2
biblija-bgpg.blogspot.com,2
alpedunavjadran.hrt.hr,2
secretsof.world,2
mirmaa.com,2
czss-drnis.hr,2
ebike.hr,2
jammark.hr,2
czss-dugaresa.hr,2
secure.fax.hr,2
secure.booking.com,2
www.djecjivrtic-ribica.hr,2
seenthis.net,2
www.ronna-eu.fsb.hr,2
mirougrenovic.wordpress.com,2
www.rosalclean.com,2
www.robertgojevic.com,2
www.djecjivrticjaglac.hr,2
alpha-m.hr,2
sdpvl.org,2
www.djecji-vrtic-tintilinic.hr,2
segwaycitytourzagreb.com,2
www.djecji-vrtic-lane.hr,2
selectedd.hr,2
hkz-bc.de,2
www.djecji-vrtic-lepoglava.hr,2
znjan.hr,2
hkz-bietigheim-bissingen.de,2
ebooks.east.om.org,2
miriam-dg.com,2
www.zdravljezasve.hr,2
biblija.blogger.ba,2
biciklo.me,2
czr-pula.hr,2
hkm-wien.at,2
seo-optimizacija.info,2
www.klub119brigade.hr,2
klubskascena.hr,2
hko.srce.hr,2
senzacija.ba,2
www.robokacija.hr,2
www.djecjaigralista.hr,2
eceker.hr,2
hkps.hr,2
www.klostarpodravski.hr,2
biblijske-tajne.com,2
biblija.ks.hr,2
sergeev.org,2
czrs.hr,2
lakofinorecept.info,2
sexshoparizona.com,2
sfilmfest.com,2
sferakon.org,2
www.kmod.hr,2
www.divgroup.eu,2
lanakihas.com,2
mipcro.hr,2
www.rk-bedekovcina.hr,2
znanstvenikumeni.org,2
www.rksplit.hr,2
severin.hr,2
lamparna.hr,2
hkm-stgallen.ch,2
www.rk-rijeka.hr,2
www.consumer.vic.gov.au,2
stitnjaca.com,2
www.ppkbjelovar.com,2
www.poslovnenovine.com,2
bokart.hr,2
bojocentar.hr,2
www.laboratorijkulturefelix.hr,2
www.cir.hr,2
www.cirilimetod.hr,2
www.clpcamoes-zagreb.com,2
www.zskz.hr,2
studio-moschella.com,2
bo.gurusbaby.ru,2
studio-zafirah.hr,2
mediadesk.hr,2
lickiput.hr,2
crosimracing.hcl.hr,2
elektronika.narkive.hr,2
suntec.hr,2
www.preradovic.eu,2
www.kvaliteta-sigurnost.eu,2
studiomteslic.net,2
gripa.hr,2
www.kvantum-tim.com,2
elektropogon.com,2
www.popusti-hr.com,2
www.porat-povljana.hr,2
www.cis.hr,2
www.poslovna-zona-ivanec.hr,2
studiotao.hr,2
sunce-snaga-prirode.hr,2
susretobitelji.hr,2
medicoteka.hr,2
www.cro-w.com,2
www.ciosgrupa.com,2
www.pomorskodobro.dalmacija.hr,2
elektroskolarb.ba,2
studialexicographica.lzmk.hr,2
bojan5150.wordpress.com,2
www.cistoca-zadar.hr,2
stuttgart-gegen-gewalt.de,2
sumskadjeca.com,2
stvarajmoekreativno.weebly.com,2
croneuroarbo.hzjz.hr,2
licko-senjska-policija.gov.hr,2
kkuhar.com,2
bodybalance.hr,2
bodyflow.com.hr,2
klajo-blog.com,2
kl-photo.com,2
elem.ba,2
greenhousewizard.com,2
gric-gric.com,2
www.portauthority-sibenik.hr,2
sublioncotton.com,2
www.citajsvojojbebi.com.hr,2
elements-of-war.com,2
suboticka-biskupija.info,2
bodywarmer-personnalise.com,2
greenrock.hr,2
crorace.com,2
sudenje.net,2
croqanet.azvo.hr,2
suicidevoluntary.aleks.lol,2
www.citroen.ba,2
bocanje-ibs.hr,2
www.positivefitness.me,2
gradacackiglas.com,2
www.prepricano.rs,2
www.conty.hr,2
www.pricalica.org,2
www.zupa-gajnice.hr,2
www.cro-pirotehnika.com,2
www.prijevodi-titlovi.org,2
www.kucanakotacima.com,2
staklenilabirint.prs.hr,2
svezazube.hr,2
staklenozvono.hr,2
www.kucanskilijekovi.info,2
www.cro-adria.net,2
blog.psk.hr,2
www.poba.hr,2
www.crnkovic.com.hr,2
www.kucice.hr,2
svezavas.site,2
lftonline.com,2
mediursa.hr,2
www.crnagora.ba,2
www.zupa-don-bosko-podsused.hr,2
ekupovina.xyz,2
ekvatorska-gvineja.realigro.com.hr,2
jrbluesfest.com,2
www.podravinaiprigorje.hr,2
www.crescendo.justsound.hr,2
www.pressonline.rs,2
stara-stranica.hrvatskigeneralskizbor.hr,2
book-and-more.eu,2
lgbti.ba,2
blog.time4talestravel.com,2
www.costaricainstantbooking.com,2
www.laguna.rs,2
www.zupa-gracani.hr,2
abchrvatska.hr,2
suh.hr,2
stari.dobojcaffe.com,2
www.kud-svetijeronim.hr,2
www.kud.sirac.hr,2
elsa-zagreb.hr,2
el-set.hr,2
www.zupa-bdm-njivice.hr,2
starspex.com,2
svetisava.blog.rs,2
www.preporod.ba,2
www.preporod-brcko.ba,2
elabiographycoach.com,2
gynnova.hr,2
startup-udruga.hr,2
www.compas.hr,2
startup.rijeka.hr,2
www.premium-tehnika.hr,2
www.podstrana-portal.com,2
startupacademyproject.eu,2
www.zone-2000.net,2
gwconsulting.hr,2
www.laicko-bratstvo-kazotic.org,2
www.ceresit.hr,2
libellus.hr,2
www.couponcode.site,2
statistika.hzz.hr,2
gustin.info,2
crvenaakcija.noblogs.org,2
gradionica.hr,2
kkgs.de,2
sveucilisnaknjiznica.unizd.hr,2
hercegbosna.ba,2
www.porin.hr,2
www.rally-kumrovec.com,2
www.palace-cro.eu,2
www.lithoscl.be,2
www.lisca.hr,2
www.brazilianbikinishop.com,2
breza.gov.ba,2
www.otokkrk.com,2
www.lipo.hr,2
www.brestovac.hr,2
www.zupauskoplje.org,2
toughmudder.hr,2
totalni.hr,2
justflow.org,2
www.otvoreni.hr,2
www.otvoreno-srce.hr,2
www.lindenretreat.hr,2
trakoscan.hr,2
www.brankabarovic.com,2
www.brzepozajmice.com,2
tmd-travel.hr,2
www.lika-nekretnine.com,2
ensolva.com,2
tksplit.hr,2
www.paparazzo.ba,2
tkojetko.irb.hr,2
www.lijepa.hr,2
tk.gov.ba,2
tk-vinkovci.hr,2
www.lignor.hr,2
www.paragraf.rs,2
tk-sirius.com,2
glazbenaskolakrizevci.hr,2
www.otocnisabor.hr,2
www.little-dragon-bikes.eu,2
www.multipartner.hr,2
www.brickmovie.net,2
civilnazastita-zzh.gov.ba,2
cepn.hr,2
web.varazdinska-zupanija.hr,2
www.multikultura.org,2
web.penta-pco.com,2
web.math.pmf.unizg.hr,2
www.bee-at-work.hr,2
www.beeping.hr,2
www.beerent.com,2
www.bruno-groening.org,2
ahvint.com,2
torpedo.run,2
gkv.hr,2
cro-climbing.com,2
www.padrelino.it,2
gkm.hr,2
eos-nekretnine.hr,2
www.brod-plin.hr,2
topos.s11.novenaweb.info,2
gladnamila.com,2
aci-marinas.com,2
croagro.hr,2
www.paintball-raptor.net,2
eodv.bjelovar.hr,2
enzita.hr,2
topchair.hr,2
top4running.hr,2
bregancek.net,2
epale.ec.europa.eu,2
www.outdoor.hr,2
www.lightinthebox.com,2
glazbeniforumhr.wixsite.com,2
tiskara-dvornik.hr,2
creskimuzej.com,2
trilix.eu,2
triderotech.com,2
www.zuzi.hr,2
mariamikulicstimac.hr,2
www.zutiklik.hr,2
triatlon.hr,2
gin.hr,2
brunata.hr,2
trojanovic.hr,2
gimnazija-dubrovnik.hr,2
gimnazija-daruvar.hr,2
www.ljevakskole.hr,2
kino.pou-kop.hr,2
zemunik.hr,2
www.bora.com,2
www.buket.hr,2
tulumarka.dnevnik.hr,2
ghise-ioan.ro,2
www.borovac-bence.hr,2
www.os-vezica-ri.skole.hr,2
www.os-vodice.skole.hr,2
tsh-cakovec.hr,2
tsd-tv.com,2
www.os-vinica.skole.hr,2
www.os-vnazor-kc.skole.hr,2
www.zvjezdanokamenje.com,2
www.os-vnazora-postira.skole.hr,2
jvp.jvp-djurdjevac.hr,2
trgovina-junior.hr,2
ginekologija.ba,2
www.bosnakmedya.com,2
trim-nautica.com,2
trip.hr,2
www.osantunovac.hr,2
tng.hr,2
tnt.ba,2
enterzagreb.hr,2
www.palma-travel.hr,2
glasbosanski.ba,2
www.palijativna-skrb.hr,2
entrgovina.hr,2
glasbosne.com,2
tomo.hr,2
glascg.me,2
www.zupaporec.com,2
www.limina.hr,2
glaszabjela.me,2
tomislavgrad.gov.ba,2
www.bsk-zmaj.hr,2
www.btravel.pro,2
www.panasonic.com,2
www.bubled.hr,2
www.pandopad.hr,2
www.pandorashop.hr,2
trak.hr,2
www.otocac.hr,2
valtertuzlanski.ba,2
www.osframiroslavadzajekupres.com,2
gimnazija-framarijanalanosovica.hr,2
gimnazija-mmesic-sb.skole.hr,2
gimnazija-nova-gradiska.skole.hr,2
triteh.hr,2
gimnazija-privatna-jdobrile-pu.skole.hr,2
www.mercedes-benz-etradex.hr,2
m.ba.marblesources.com,2
fmsdp.org,2
farma-vrhovec.hr,2
www.art-film.hr,2
www.napredak.at,2
www.naputovanje.com,2
clmsllyr.tk,2
vrsnjackapodrska.me,2
www.artmedias.com,2
m.hr.pipehuasheng.com,2
zcloznica.co.rs,2
www.najreklame.com,2
vrtic-sveti-josip.ba,2
clarusacta.hr,2
vrticdjecjisvijet.hr,2
centar-vrutak.eu,2
loreta-nekretnine.com,2
zagrebdox.net,2
fanteadiy.com,2
classic-bjelovar.hr,2
fokusonline.eu,2
vrtic-nasice.hr,2
lora.bioteka.hr,2
www.najboljicajevi.com,2
fantic.hr,2
zci.stin.hr,2
www.aroma-power.com,2
vrtic-omis.hr,2
www.najnovijevijesti.com.hr,2
www.muzejivanicgrada.hr,2
flora.hr,2
flora.com.hr,2
fattorini.hr,2
zd1.hr,2
vrtic-gustav-krklec-krapina.hr,2
katehetski-ured.biskupija-sisak.hr,2
centarzalicnirazvoj.com,2
www.mycobh.com,2
centarproventus.hr,2
m.cewe.hr,2
kd-grude.info,2
vzs.hr,2
vzovkopanica.hr,2
www.aquacolors.eu,2
zagreboliveinstitute.hr,2
www.mellitus-rijeka.hr,2
www.muzzik.tv,2
www.aquariumkarlovac.com,2
www.arbela.eu,2
vvk.hr,2
zagrebmojgrad.hr,2
www.mxburshmachineryvideo.com,2
m.klix.ba,2
www.my-dgm.com,2
www.my-rents.com,2
www.mybeautycorner.ba,2
zci-sem.eu,2
foca24.info,2
lovijosponesto.club,2
vrticikonavle.hr,2
www.medresa.org,2
vrtic-kutina.hr,2
www.nakladanika.hr,2
www.aronija-original.hr,2
vrtic-kalimero.hr,2
vrtic-jezic.com,2
www.arr.hr,2
www.mrezazadar.hr,2
www.messer.hr,2
weekend.hr,2
zazeli-svizajedno.eu,2
www.mss.mhz.hr,2
cerno-zagreb.hr,2
webkodart.hr,2
katarinagojdanic.com,2
web.edurete.com,2
web.ckm.ba,2
web-tribune.com,2
www.apartmentstasha.com,2
ck-gdck-virovitica.eu,2
www.apke.ba,2
www.murter-apartments.co.uk,2
m.ba.tmagneticflowmeter.com,2
web.gocrypto.com,2
www.aplikacije.hr,2
www.mustela.com.hr,2
weddingresortcorberon.com,2
www.muzej-koprivnica.hr,2
zagrebracunovodstvo.com,2
wanted.mondo.rs,2
lovacki-savez-osijek.hr,2
flash.ba,2
web.hamradio.hr,2
m.ba.flyinglighting.com,2
webarhiv.hzz.hr,2
kateheza.wordpress.com,2
webgate.ec.europa.eu,2
webfestival.carnet.hr,2
zagros.hr,2
citymixandmatch.hr,2
zavod.pgz.hr,2
www.antundobronic.hr,2
www.mozilla.org,2
zavita.si,2
www.metalind.hr,2
adriasupply.com,2
wecare.violeta.com,2
cesnjak-friscic.eu,2
webtech.com.hr,2
citus.hr,2
www.mrvica.hr,2
www.apartmani-dubra.hr,2
www.mesic-com.hr,2
webshop.rotodinamic.hr,2
fiziodent.hr,2
cityclub.ch,2
webshop.gligora.com,2
webshop.ciak-auto.hr,2
welcome.damanhur.org,2
welcome.expediagroup.com,2
welcome.heilbronn.de,2
widget.omoguru.com,2
fc-xxl.hr,2
wiki.kerbalspaceprogram.com,2
zaklada-blaga-djela.hr,2
cestitkezasveprilike.com,2
fitzone.hr,2
www.metalshop.com.hr,2
www.antikvarijat-libar.com,2
www.antikvarijat-phoenix.com,2
wellbie.hr,2
www.antikvarijatzz.hr,2
www.mountain-fit.com,2
www.antiparazitni-program.com,2
www.zupelabindonji.com,2
bruman.hr,2
www.boxdrug.com,2
the.flapper-girl.net,2
gluhi-cakovec.hr,2
test14.fer-plus.com,2
terravital.hr,2
www.camping-simuni.hr,2
lilihalodecoration.blogspot.com,2
terraconsulting.hr,2
juicebox.hr,2
www.pecaros-os.com,2
www.pecka.hr,2
maslacak.com.hr,2
croatia4you.company,2
www.cadmuscineplex.com,2
glovers.glovoapp.com,2
www.pcskolarac.info,2
glossy.espreso.co.rs,2
tesliconline.com,2
thcatering.hr,2
www.cajevi.hr,2
www.pd-drava.hr,2
thalasso-wellness.hr,2
thai-harmony.com.hr,2
croatia.reachforchange.org,2
croatia.parazitol.eu,2
tgi.hr,2
botel-marina.com,2
www.domzdravljakorenica.hr,2
www.cakavskisabor.hr,2
energonova.hr,2
texel.hr,2
cres.hr,2
www.camp-slatina.com,2
limancrew.com,2
travelmanagement.academy,2
www.pasaric.hr,2
theofficialtiamowry.com,2
www.pbzco-fond.hr,2
engleskizadjecu.com,2
tianasetka.wordpress.com,2
global-consult.hr,2
tiffany.hr,2
www.partytent.com,2
marlenewatsontara.com,2
www.ligaprotivrakadrnis.hr,2
timodexpo.com,2
branasdivineworld.com,2
lingoteka.hr,2
jungpsihologija.wordpress.com,2
enigmarium.hr,2
tigarteatar.hr,2
masline.ba,2
www.lifenet.si,2
www.business-media-group.com,2
enigmagika.blogspot.com,2
linea.hr,2
www.pauza.hr,2
airgways.com,2
tigrom.hr,2
www.zupa-trnovec.hr,2
www.pcelarstvo-radosevic.hr,2
thebrushstash.com,2
lily-tours.com,2
maslenica.hr,2
test.hajduk.hr,2
juliana-nails.hr,2
turizam.njuskalo.hr,2
ggvsk.hr,2
www.magazin.novosti.rs,2
gaming-shop-vranovic.hr,2
up-vrbovec.hr,2
uosin.hr,2
www.opatija.net,2
makemkv.jp,2
www.magazin-tabloid.com,2
kidsfashionweekend-zagreb.com,2
unicath.hr,2
www.opcinatrpinja.hr,2
ljekarna-zubovic.hr,2
etnobaranja.eu,2
ull-split.hr,2
active-energy.hr,2
www.open.hr,2
www.openmycv.com,2
corona-was-darf-ich.de,2
eufondovi.mup.hr,2
ukop-osijek.hr,2
ukij.hr,2
www.biorela.hr,2
bs.tecfree-cooling.com,2
uir-grada-slunja.hr,2
et.lizarder.com,2
kakosmrsaviti.info,2
malasumskavila.com.hr,2
ultrasplit.hr,2
ageness.com.hr,2
www.macanovici.net,2
galerijamonalisa.hr,2
alldance.com.hr,2
actovisgroup.hr,2
www.bicreg.info,2
www.majstor-pivar.com,2
kallosprolashcollection.com,2
upitiz.hr,2
www.opcina-dubrava.hr,2
unt-genius.hr,2
www.bike.hr,2
uns.hr,2
www.bikemagazin.info,2
budnium.com,2
budipromjena.wordpress.com,2
agencija-translator.hr,2
univerezalna.skolski-sport.hr,2
www.magniblu.com,2
www.magnetomedicina.si,2
budenje.hr,2
www.opcina-podturen.hr,2
copy-electronic.hr,2
www.magazinnina.me,2
khl-mladost.hr,2
kg-media.eu,2
www.opcina-cadjavica.hr,2
www.opcina-brela.hr,2
www.mak-usluge.hr,2
fuzine.hr,2
ljepota-zdravlje.com,2
zdrug.hr,2
yamaha.com.hr,2
www.onlinecasinoreports.ba,2
www.makarskainfo.com,2
www.bicikla.com,2
upks.hr,2
makarska-touristik.com,2
jumbo.hr,2
theprospectdc.com,2
zenyour.life,2
tehno-mag.hr,2
gk-labin.hr,2
www.oskovacici.edu.ba,2
www.park-boutique-hotel.eu,2
www.zupaduhasvetoga-nustar.hr,2
www.bumbar-sport.hr,2
www.zupa-primosten.info,2
www.perpetuum.hr,2
tehnoplus.me,2
www.caritas.ba,2
www.lepoglava.hr,2
tehnoguma-zg.hr,2
www.personela.hr,2
en.milanclubrijeka.com,2
bosnjaci.hr,2
tehnix.hr,2
gmk.hr,2
matrixofficepark.com,2
www.perzeidi.hr,2
www.pesem.si,2
www.carvertical.com,2
juergenwilke.com,2
croatianhome.de,2
www.lenanovitz.com,2
en.zba.hr,2
www.zupa-slobostina.hr,2
akademijacapljina.com,2
akademija.wellness.hr,2
www.pedijatrija.org,2
tenisliga.com,2
www.zupa-sv-leopold-mandic.hr,2
www.oskamesnica4.com,2
trebinjeinfo.com,2
gizzmo.hr,2
crncec.eu,2
brod.pfri.hr,2
www.ljekarna-marusic.hr,2
crnogorskiportal.me,2
travel-tourist.com,2
www.zurnalist.online,2
travarkaranka.com,2
acimarine.demowpsites.com,2
tratincica.blogger.ba,2
zenebih.ba,2
www.zurnal24.si,2
www.brainycentar.com,2
www.zurnal.rs,2
marinanovi.hr,2
transformiceonline.com,2
www.brandz.hr,2
www.osmica.hr,2
www.osmibit.hr,2
kinokino.hr,2
www.osir-erpis.eu,2
trgometal.hr,2
trgocentar.cro.hr,2
www.bosnalijek.ba,2
trex-systems.com,2
marija-psihoterapija.com,2
trend51.net,2
epl.hr,2
gitak.tv,2
www.ljekarne-srce.hr,2
gitare.info,2
www.pef.upr.si,2
enciklopedija.lzmk.hr,2
www.c-date.com.hr,2
www.legalizacijagradnje.com,2
team.hr,2
tecajengleskog.com,2
zf.knjiznica-kutina.hr,2
www.catholic-zr.org.rs,2
teatarexit.hr,2
teamsweden.hr,2
www.catholicnewsworld.com,2
teambuilding-croatia.hr,2
www.pharma.unizg.hr,2
bosnalijek.ba,2
tchudesa.ru,2
goluyzadik.ru,2
kkbelisce.hr,2
www.cb-green.eu,2
www.pia.com.hr,2
www.zupa-sv-alojzija-gonzage.hr,2
www.piaggio.com,2
terapeut-u-kuci.com,2
www.pedalaj.me,2
teris-project.eu,2
croatiahighlights.com,2
www.lidl.hr,2
thoriumaplus.com,2
www.pazin.info,2
croatia.eu,2
thexlog.com,2
www.pbs.com.hr,2
thetahr.com,2
www.zupa-vid-varazdin.hr,2
marulianus-hr.hercules.privremeno.com,2
www.pickbox.hr,2
www.ledaboss.com,2
goodtalking.hr,2
gorazdeportal.com,2
boss-shop.hr,2
www.carbox.ba,2
croatian-interpreters.com,2
croatian-photography.com,2
www.zupa-stolac.com,2
www.leramis.hr,2
www.capoeirarijeka.hr,2
enarajic.com,2
www.capsulesizes.com,2
www.petric-kajic.hr,2
www.petrol.hr,2
markusica.hr,2
www.petroni.hr,2
www.ldauto.ba,2
tarraland.com,2
tarotmajstori.com.hr,2
www.cdtmn.org,2
maxcity.hr,2
www.cdv.ba,2
gorankaran.hr,2
www.pink.rs,2
www.lazareti.com,2
bosanskograhovo.ba,2
tara-raft.com,2
tara-centar.hr,2
www.pins-skrad.hr,2
tanjabenhaimmarcetic.com,2
www.pisak.biz,2
tangocroatia.weebly.com,2
www.arboretum.si,2
www.pbsvi.hr,2
centarcvjetni.hr,2
zagreb.ofs.hr,2
www.aurora.hr,2
vm-marusevec.com,2
www.mediastore.hr,2
www.nekretnineanitatim.hr,2
fair-services.eu,2
m.vidi.hr,2
vodovod.com,2
vodovod-imk.hr,2
www.nedelisce.hr,2
www.medical-centar.hr,2
www.atlas-supetar.com,2
forum.cromalternativemoney.org,2
www.nekretnine-albatros.com,2
www.nekretnine.hr,2
vodeni-svijet.hr,2
www.neradnidani.net,2
vode-vrbovsko.hr,2
vode-lipik.hr,2
vode-jastrebarsko.hr,2
voda.ekoakcija.org,2
www.medic-help.ch,2
vio.vio-zapresic.hr,2
www.nk-krk.com,2
magic-cosmetics.hr,2
vedski-jyotish.net,2
callegari.hr,2
www.np-sjeverni-velebit.hr,2
www.nsk.hr,2
www.barmen.com.hr,2
vemax.hr,2
vjezbaonicasrece.hr,2
vkjadran.hr,2
www.nasa-lika.com,2
vojnipilot.hr,2
centar-dugave.hr,2
zdenka.hr,2
www.nasciturus.com,2
www.meditacija.hr,2
www.naseklasje.hr,2
www.as-shop.hr,2
vox92.net,2
lonia.hr,2
karolinaleakovic.net,2
www.asbis.hr,2
www.asesor.hr,2
vpnn.nl,2
cekom.hr,2
cegas.me,2
www.naxi.rs,2
www.aukcijanekretnina.com,2
www.austria.info,2
ccaahr.lin34.host25.com,2
forum.e-radionica.com,2
www.nekretnineistrarovinj.com,2
fahl.hr,2
forum.f1-hr.com,2
www.mediaservis.hr,2
vladimir.remenar.net,2
forum.fizika.unios.hr,2
maajam.com,2
www.neolo.com,2
www.audion.hr,2
forum.hardwarebase.net,2
www.medelior.com,2
www.barometar.hr,2
www.nss.hr,2
velmart.hr,2
mail.nasice.hr,2
kapeladistilling.hr,2
frent.com.ua,2
mail.lovac.info,2
vasglas.info,2
c21.hr,2
zdravljeisreca.com,2
ljubimac.ba,2
www.odabrale-mame.com,2
www.bebac.com,2
euroshop.hr,2
frigomec.hr,2
varazdinska.sdp.hr,2
www.mamforce.hr,2
www.bedoula.com,2
varazdin.cluego.eu,2
www.bartulin.com,2
vaterpolo-primorje.hr,2
kaportal.ba,2
www.beautybox.ba,2
vci.hr,2
kengurupro.eu,2
www.mapnall.com,2
www.obhpknin.hr,2
vectordesign.hr,2
mail.fgulen.com,2
vdocuments.site,2
vcsb.hr,2
caj.hr,2
www.obrtnicka-komora-medjimurja.hr,2
vazak.net,2
cadlab.fsb.hr,2
cakavskisabor.hr,2
codel.hr,2
zdravljebezdoktora.com,2
www.nu3vex.com,2
frazeoloski-rjecnik.eu,2
www.nupper.hr,2
velebitagro.hr,2
zacini-inspiracije.hr,2
www.nutrilifecentar.hr,2
www.marea.hr,2
vegealternativa.wordpress.com,2
franjevcitrecoredci.hr,2
calvarychapelcakovec.com,2
evidpro.hr,2
cams.24astro.tv,2
franchising.ba,2
zadaroutdoor.com,2
karate.hr,2
francuskibuldoghrvatska.com,2
www.novineniksica.me,2
veteranmagazin.ba,2
www.novinivo.com,2
logickamatrica.eu,2
veronika-bookart.hr,2
vestidanas.hour-news.net,2
eww.cromalternativemoney.org,2
zadar.win,2
vesnacurotomic.wordpress.com,2
cameraspdf.com,2
www.novotech.hr,2
zdravlje-i-moda.hour-news.net,2
www.nutriofit.hr,2
vrijemezamene.com,2
www.as-motor.hr,2
www.bczagreb.hr,2
www.mbz.hr,2
vitajela.net,2
www.mbfrigo.hr,2
www.mbdent.com,2
visoko.co.ba,2
forum.ribolovnamoru.com,2
visodent.com,2
www.nezavisna-drzava-hrvatska.com,2
cockta.eu,2
f50-anoreksija-bulimija-prejedanje.centarbea.hr,2
visitsutivan.com,2
visitsolta.com,2
www.mazars.hr,2
magalina.hr,2
cocosolis.com,2
adhara.hr,2
vital.hr,2
www.nevencarin.com,2
forum.kockice.hr,2
vjerujemo.hr,2
www.nestle.ba,2
cnzd.org,2
coastlinesurfsystem.com,2
forum.joomla.hr,2
www.auto-promet-sisak.hr,2
www.mdf-sibenik.com,2
vjencano-prstenje.eu,2
vivozebra.hr,2
www.netiks.hr,2
facesofresistance.org,2
forum.mojskuter.com,2
www.newsalloy.com,2
vitamini-ba.com,2
www.nationalgeographic.rs,2
www.datanumen.com,2
hercegovina-zagreb.hr,2
bioprocro.zci.hr,2
www.argeta.com,2
mibe.hr,2
leabrezar.com,2
skolausrcuzajednice.com,2
www.kontakttours.hr,2
www.db-505.com,2
skorpion-dnc.hr,2
cuvari.hr,2
www.zep.hr,2
mhdz.hr,2
www.radoboj.hr,2
skviki.osijek031.com,2
bioter.hr,2
www.nibatours.hr,2
www.zepce.ba,2
skupstinavojvodine.gov.rs,2
bioroot.hr,2
mi.hr,2
skupstina-zzh.ba,2
herba-laboratorij.hr,2
www.radunice-zupa.org,2
www.raiffeisen-leasing.hr,2
www.konveks.hr,2
www.davorinmance.com,2
cuvarsjecanja.com,2
bkovacic.weebly.com,2
tfpu.unipu.hr,2
bosanskipetrovac.gov.ba,2
www.netpoint.com.hr,2
vizinada18.webnode.hr,2
vizinada.hr,2
cm-1xbet.xyz,2
visitgospic.com,2
casino.supersport.hr,2
www.nikel.com.hr,2
www.autoskola-l.com,2
visit.svetimartin.hr,2
visit-krapanjbrodarica.com,2
www.nikolateslaevrally.com.hr,2
factum.com.hr,2
forum.hr-oruzje.org,2
www.mediteranpag.com,2
vojni.unizg.hr,2
family.hr,2
www.association-effervessence.fr,2
volkswagenservis.hr,2
www.astebo.com,2
fabula-croatica.com,2
www.medicinskaedukacija-timkme.com,2
kdgrad.hr,2
zagrebacka-policija.gov.hr,2
volimknjige1.blogspot.com,2
volimkavu.com,2
www.medicinaprirode.com,2
www.astrocentar.com.hr,2
www.astrologija.hr,2
fakatfino.hr,2
www.navela.hr,2
vokabula.com,2
www.astronomija.org.rs,2
www.medicinskasestra.eu,2
clubzdravlja.com,2
vis-central.com,2
zagorka.net,2
magazin-monet.com,2
ads.google.com,2
visitploce.com,2
www.niceshops.com,2
visitmurter.com,2
virtualna.zkzd.hr,2
virtualna.nsk.hr,2
virovtica.com,2
www.autronic.hr,2
www.auxilium-populus.net,2
www.matineja.com,2
zagonetkapobjede.wixsite.com,2
www.nissan.hr,2
magazinska-klet.hr,2
fot-o-grafiti.com,2
logosoft.ba,2
vir.hr,2
www.aviokarte.hr,2
magdala.hr,2
www.avironfit.hr,2
exyuptc.forumhr.com,2
cas.hr,2
www.matra.hr,2
www.matrica.com.hr,2
keeshoes.hr,2
www.maxponuda.com,2
visitmedimurje.com,2
visitludbreg.hr,2
visitkrizevci.com,2
visitkoper.si,2
zdravakuhinja.com,2
www.objektiv-nekretnine.com,2
forum.hrsport.hr,2
www.bdsh.hr,2
www.agramak.hr,2
centar-komarevo.hr,2
www.alea.info,2
www.agrolaguna.hr,2
ludbresko-sunce.hr,2
fides-nekretnine.hr,2
fidipid.com,2
fightwithus2012.blogger.ba,2
cialdissima-hrvatska.com,2
lukavica.forumbo.net,2
www.miroslavbulesic.com,2
www.agramtrade.hr,2
kbs-majkabozjagoricka.hr,2
festa2021.hr,2
www.ala-su.com,2
chwb.org,2
finance.hr,2
www.mochvara.hr,2
www.alanprim.hr,2
www.modalastella.com,2
www.aktivni-umirovljenici-osijek.hr,2
www.aktivni-hkud-darda.hr,2
adria-klik.com,2
www.akademijazdravlja.com,2
www.mk-led.hr,2
www.mka.hr,2
cid-world.org,2
www.aircon.panasonic.eu,2
www.airbnb.me,2
www.airbnb.com.tw,2
www.mladezputnickaagencija.hr,2
fenixnvo.me,2
cistocaka.hr,2
www.mn-ograde.eu,2
worldwidewoman.blogger.ba,2
m-g.hr,2
www.angelica-lifestyle.com,2
fdk.hr,2
www.mooncup.co.uk,2
www.mooshema.com,2
www.angros.co.rs,2
m-kvadrat.ba,2
www.morski-konjic.com.hr,2
citamolise.com,2
lovret-split.com,2
cetveroruka.hr,2
www.metrion.hr,2
katoliksdnakace.blogspot.com,2
worldvision.ba,2
cg-fudbal.com,2
fitka.hr,2
kcig.hr,2
fistt.wordpress.com,2
katyblogfirst.blogspot.com,2
zaklada.icf.hr,2
fit4work.hr,2
zaklada.civilnodrustvo.hr,2
lvc-orkas.com,2
www.monnamagazin.me,2
wotrafocus.com,2
www.mi-maris.hr,2
ww1.mediacom.hr,2
www.montazneidrvenekuce.info,2
wpcroatia.com,2
wp.skolskiportal.hr,2
luielei.hr,2
www.mladivirtuozi.org,2
fitnesscentarjoker.hr,2
vrticipomjeri.split.hr,2
www.mipesconsulting.eu,2
www.mohito.com,2
chorusina.com,2
adorion.ba,2
luckauprava-losinj.hr,2
www.moj-sator.com,2
www.adroit.hr,2
www.alimentarius.hr,2
www.moja-korpa.com,2
kazalistedubrava.hr,2
www.adriatic.hr,2
wink.hr,2
www.motherwomanqueen.com,2
www.meteo.hr,2
www.megateam.ba,2
www.afs.hr,2
www.mylittlezagreb.com,2
www.myluxoria.com,2
www.mypansandpots.com,2
www.archivioradiovaticana.va,2
centarmadrugada.hr,2
lotusmedia.hr,2
lottorobots.com,2
www.arenacasino.hr,2
www.mzos.hr,2
vslh.eu,2
mail.kutjevo-dd.hr,2
losinj.net,2
m.hr.allman-nonwoven.com,2
adinsight.ru,2
lulika.hr,2
filidatravel.hr,2
www.akmakarska.com,2
www.mojaplaneta.net,2
cicimici.com,2
www.ahp.si,2
festivaloftolerance.com,2
www.aksljeme.com,2
www.mirovinskifondovi.hr,2
www.albedonekretnine.hr,2
chroniclingamerica.loc.gov,2
www.millennium-nekretnine.hr,2
filaks.hr,2
filmos.org,2
www.adriahotelservice.com,2
www.adriahome.com,2
www.mine-tour.eu,2
adria.yalelock.com,2
fer.studosi.net,2
filatelija-hunjak.hr,2
www.adhoc.hr,2
www.mojatvrtka.net,2
www.adaptacija.org,2
kbt-barbaric.com,2
www.milojevic.hr,2
lsz-lira.hr,2
www.moje-instrukcije.com,2
www.activebeauty.hr,2
www.moje-vjencanje.info,2
www.acteongroup.com,2
www.miniclassic.pl,2
www.minicrm.hr,2
www.adventisti.us,2
www.agencijagloria.hr,2
zaklada-iskra.com,2
www.mojakuca.hr,2
admin.atvbl.com,2
vidi-auto-image.apptatooine.net,2
fotografija.ba,2
magicland.hr,2
vinjani.hr,2
vinarnice.hr,2
fotografija.narkive.hr,2
extragifts.hr,2
www.mate.hr,2
www.nkbuje.hr,2
logopedskikabinet-galerija90.hr,2
viki.hr,2
colentum.info,2
www.bajta.hr,2
www.balkanbuzz.net,2
frama.ba,2
www.marley.hr,2
vinograd.hr,2
com-adria.hr,2
com-ing.hr,2
videatur.hr,2
exor-eti.hr,2
vid.hr,2
frama-posusje.com,2
www.novi-golubovec.hr,2
www.novi-net.hr,2
vici-sale.si,2
www.balkanin.com,2
vicevi-humor-zabava.blogspot.com,2
fran-lhotka.hr,2
kemis-termoclean.hr,2
www.marmeton.hr,2
magicadria.hr,2
carpediem.hr,2
logobox.agency,2
caringfoundationforchildren.org,2
maia.ffzg.hr,2
www.obris.hr,2
www.obraduj.ba,2
zaklada-mdm.hr,2
www.balkanportal.net,2
vgv.hr,2
cansonfest.com,2
villasholidayscroatia.com,2
www.ba.indesit.com,2
kefalica.ba,2
logoped-zeba.com.hr,2
www.nlv.ba,2
expolink.ravecon.hr,2
www.baby-beef.hr,2
www.babysitter.hr,2
vinogradarstvo.hr,2
www.noidue.hr,2
www.noina-arka.hr,2
magija.knjigasjenki.com,2
www.nomasvello.me,2
www.badminton-zagreb.hr,2
www.mas-zadar.hr,2
fotozunic.com,2
www.masterplast.hr,2
www.azurtours.hr,2
caritas.ba,2
vino-lovrec.hr,2
carscombined.com,2
www.axn.hr,2
logos-centar.com,2
expeditio.org,2
www.nordicfragments.com,2
vijecemladihbencic.com,2
finconf.news,2
www.amorlingua.com,2
kavantura.com,2
fiskalna-blagajna.eu,2
www.24astro.tv,2
www.2017.liburnicon.com,2
www.mojstomatolog.hr,2
www.mojstan.net,2
www.miele.hr,2
www.mojkotorvaros.com,2
lsvz.hr,2
lsiz.hr,2
www.altmetric.com,2
lupoglav.hr,2
www.alumil.com,2
www.mojkardiolog.com,2
lpz-smz.eu,2
www.milinkuvar.com,2
cisteknjige.com,2
finder.hr,2
www.a-m-narona.hr,2
www.a-1.hr,2
adriaflora.hr,2
www.8ball.hr,2
fiorentin-studio.com,2
www.moljac.net,2
ch.mvep.hr,2
fpz.unipu.hr,2
fdzaboky.hr,2
fedgrupa.hr,2
fimat.com.hr,2
www.35mm.hr,2
www.aaiedu.hr,2
www.36doo.hr,2
advisera.com,2
cardaklije.com,2
logista.hr,2
www.amorc.hr,2
vijesti.vasodmor.ba,2
fr-academic.com,2
experiencekrk.com,2
carbonbased-bookworm.com,2
advokat-prnjavorac.com,2
vigoexpress.hr,2
maglaj.net,2
magma-pz.hr,2
www.bal.hr,2
www.novalac.hr,2
www.marpa.hr,2
fr.slideshare.net,2
www.narodnilijek.info,2
www.microwell.com.hr,2
www.amk-maksimir.hr,2
www.artmie.ba,2
www.mojwebdizajn.net,2
www.mojvolan.com,2
changingmydiet.pw,2
luveti.hr,2
www.americantopteam.eu,2
feeds.croatia.hr,2
www.cedra.hr,2
zakladaivanbulic.com,2
montazne-kucice.com,1
itsoceanofgames.com,1
monitusagro.hr,1
jasanstav.blogger.ba,1
okud-istra.hr,1
mix-outlet.hr,1
montazstroj.hr,1
ivanj.hr,1
montecredit.me,1
modroizeleno.com,1
minigreeny.com,1
modniritam.com,1
netretic.hr,1
jasnadiador.com,1
jasminkamarjanovic.blogspot.com,1
jasmina.hr,1
mipct.org,1
jasenovac-past-and-present.org,1
moneezy.com,1
jasenkohorvat.blogspot.com,1
mireille.me,1
ivanj.net,1
ivantic.info,1
mondscheingasse.com,1
ivanjskenoci.tripod.com,1
montenegrobet.me,1
montenegroairlines.com,1
mirina-viganj.com,1
montenegro.paylab.com,1
mola.hr,1
mojput.eu,1
mojrazvoj.com,1
mojsalonzadurenje.blogspot.com,1
mojsigurandom.hr,1
mojsupersavjet.net,1
ive-commerce.hr,1
ivastojkovic.com,1
mojured.eu,1
mojvremeplov.com,1
ivanplzajc.mreza.hr,1
mokslai.lt,1
molekula.hr,1
montelibric.sanjamknjige.hr,1
molitvenik-hr.weebly.com,1
momacka.hr,1
ivankom.ivanska.hr,1
mirenje.hr,1
mikrogoran.hr,1
janica.croski.hr,1
milosdental.hr,1
mikaanticforum.org,1
mikel.hr,1
mikrovent.io,1
milfkeve.net,1
militaryeggdiet.shop,1
millenniumhouse.roniestates.international,1
milmedika.com,1
jednaodnas.com,1
milojevic.hr,1
milosav-cabrilo.com,1
milosevac.com,1
mirzasoftic.me,1
jcs.hr,1
milutin-obradovic-art.com,1
mim.hr,1
mimara.vodic.hr,1
mimiskingdom.com,1
jazzbayhn.me,1
jazzart.hr,1
motis.hr,1
mindrunner.games,1
mitutoyo.at,1
mijena.hr,1
miholjacki-vodovod.hr,1
mihael-putovanja.hr,1
mieloguard.hr,1
mislilac.com,1
jakobpatekar.from.hr,1
miss6teen.rs,1
jakkaojakov.hr,1
jakar.pl,1
jahorinko.com,1
missio.ba,1
mississippi-queen.weebly.com,1
missmajai.blogspot.com,1
misterion-riviera.com,1
misteriusgirl.blogger.ba,1
jaha.org.ro,1
mistgeterbvarapu.oransilkasurcoahiplicawafalnews.co,1
mitella.hr,1
mitski-park.eu,1
jasnahorvat.com,1
javno-zdravlje.hr,1
moderne-zene.com,1
mindthegapsracinec.wixsite.com,1
mideninnosonty.zietucongletikuvenispendnacolke.co,1
miele.vivamedia.hr,1
motokacige.hr,1
ivirzivir.tv,1
motiontravel.hr,1
ivkult.ru,1
ixs52-svitanjamoja.blogspot.com,1
ixs.hr,1
mojinternetposao.com,1
mojivicevi.com,1
mojkatalog.hr,1
ivy-lc.eu,1
ivolipovsek.net,1
mojkromosomljubavi.blogspot.com,1
mojkvadrat.me,1
ivoks.com,1
ivje.hr,1
motionlab.hr,1
mojmob.me,1
mojmuzej.me,1
mojnajbolji-savjet.net,1
izbori.slobodnadalmacija.hr,1
mojaskola.edu20.org,1
modri-val.com,1
mojasi.eu,1
modrojezero.org,1
modul-interijeri.hr,1
moff.ba,1
mojezrno.com,1
mojenovosti.com,1
mojekarte.com,1
ixtheo.de,1
okvir-hko.com,1
indizajn.rtl.hr,1
jaffakomerc.com,1
old.gric-gric.com,1
index.co,1
incor.hr,1
old.kons.gov.ba,1
incestprice.net,1
oldpilots.com,1
oldtajmeri.rs,1
neum.com,1
neum-bih.com,1
neubauer24.hr,1
mojastrolog.net,1
mojbiz.com,1
mojbutik.hr,1
izaberi-zdravlje.com,1
mojcent.com,1
iz.unizd.hr,1
iya2009.astronomija.hr,1
moje-grne.com,1
moglo.hr,1
iznajmljivanje-plovila.com,1
moj-brak.com,1
mojprogramer.me,1
montersobe.com,1
montraker.hr,1
monumentarhiv.com,1
mooc.carnet.hr,1
moodle.fsre.sum.ba,1
moodle2demo.srce.hr,1
moonkitty.blog,1
more.rivrtici.hr,1
morehealthis.com,1
morejazz.hr,1
morh.gov.hr,1
ivanamaric.hr,1
mosaiccity.org,1
most-bro.dk,1
ivan-bokun.from.hr,1
most-institut.com,1
mostarskakronika.blogspot.com,1
mostarskirodjeni.ba,1
mostogradnja.rs,1
mostpovjerenja.ba,1
mostsuradnje.oppidum.hr,1
montenegroclick.me,1
mojposaoba.catsone.com,1
moj-otisak.hr,1
mojpinklec.com.hr,1
iznajmljivaci-lopar.com,1
moj-posao.blogspot.com,1
moj-restoran.info,1
moj-servis-informatika.business.site,1
moj-stan.info,1
moj-toner.com,1
moj.gen-i.hr,1
moj.knin.hr,1
moj.wmd.hr,1
moja.opatija.net,1
mojaakcija.hr,1
mojaapoteka.net,1
mojaaronija.com,1
mojabuducnost.ba,1
izlozba.dizajn.hr,1
mojaklinika.ba,1
izletipoistri.com,1
mojaposta.hr,1
mojaprvakasicica.ba,1
mojascena.wixsite.com,1
mojosmijeh.com,1
jagma.hr,1
nennoa-myphotos.blogspot.com,1
mm-selekcija.hr,1
nepremicnine.si21.com,1
iphone.com.hr,1
nenad.bplaced.net,1
ipc.com.hr,1
neoinfo.hr,1
neolifeathletes.com,1
neopinium.eu,1
neoplanta.rs,1
neoswithandsemicse.repopowohteratomawasvomoonba.co,1
neoviderm.hr,1
ipa-istra.hr,1
neprocjenjiva.com,1
ismedia.hr,1
nerium.hr,1
iovia.hr,1
nesstiranporgbankling.sigzahlcirlniggviwanotenteecabikovs.co,1
nestovise.org,1
iok-zagreb.hr,1
invite.viber.com,1
netcom.hr,1
netih.net,1
netoglasi.net,1
nekretnine.petracic-projekt.hr,1
nemecpharmacia.hr,1
ipisonline.net,1
ipl-tretmani.com,1
nekretninestar.com,1
nailpro.hr,1
najboljasi.com,1
najboljeoruzjezatebe.blogger.ba,1
islamskisanovnik.medium.ba,1
najboljiprijatelj.hr,1
najboljizubotehnicari.blogger.ba,1
najboljsi-vici.blogspot.com,1
islamofobija.com,1
najinstruktor.com,1
najlepse.info,1
najljepsicitati1.blogger.ba,1
najmenadzer.com,1
najnaj1.blogger.ba,1
najsladjizalogaji1.blogspot.com,1
nakit-shop.com.hr,1
naklada-val.hr,1
nashajduk.hr,1
nasiljudi-gentenostra.hr,1
nastavnici.org,1
nastinipeksimeti.blogspot.com,1
nekretninecrikvenica.net,1
nekretnine-split.com,1
nekretnine-rupcic.hr,1
iq-testovi.com,1
nekretnine-geodezija.hr,1
nacelnik.jajce.info,1
isport2020.eu,1
nabranikuotadzbine.org,1
muminbosna.com,1
mrsavi.com,1
mrsic.hr,1
mrt.gov.me,1
it-pu.com,1
msbeograd.com,1
it-graf.hr,1
msf.hr,1
it-expert-solutions.com,1
msgfreediet.xyz,1
msms-tuzla.edu.ba,1
istyle.hr,1
mspvps.edu.ba,1
mssr-sportzasve.hr,1
mszg.hr,1
okruglistol.hr,1
muchachakies.fun,1
istriawoodsystem.com,1
nekretnine-matic.hr,1
nekretnine-crna-gora.com,1
irka.org.rs,1
ipmscroatia.org,1
natalijaimbrisak.com.hr,1
irenaholjevac.com,1
natjecanje.hr,1
irena.hr,1
iracommerce.hr,1
naturapharm.net,1
naturavita.hr,1
nauci-njemacki.com,1
nautik.hr,1
nava.hr,1
navadriatic.com,1
ipz.hr,1
nekretnine-na-moru.com,1
nbl.ba,1
ne-dvoji-nego-smece-odvoji.eu,1
iprojekti.mzos.hr,1
ipr.gov.ba,1
nectokc.hr,1
neda.hr,1
ippon-shop.ba,1
nedescina.com,1
naijopatcohedde.goaterearthtabtocamamteotabacpulpti.info,1
nagradna.etours.hr,1
mmh.hr,1
mjera-zrm.hzz.hr,1
ja.electionsmeter.com,1
mllapan.com,1
mljekara-livno.ba,1
mkn.mhz.hr,1
miz-teslic.ba,1
mizbanovici.ba,1
jaffa.hr,1
miznamokako.com,1
mizpuraciculukavcu.ba,1
miztravnik.com.ba,1
jadro.hr,1
nagradice.com,1
mjerenjestetnihzracenja.com,1
jadro-split.hr,1
mjestozamene.breza.hr,1
jadranski-zavod.hazu.hr,1
mku.gov.me,1
mljac.com.hr,1
mladforma.com,1
jadrannovi.me,1
mladi.kzz.hr,1
mladi.org,1
modernazena.ba,1
modelm.ro,1
model-preview.com,1
model-ing.hr,1
mmm.medobar.com,1
izvrsitelji.com,1
mmsi-radio.com,1
mmz.ufzg.hr,1
mnemagazin.me,1
mngcentar.com,1
mnk-elipso.hr,1
izvorplast.hr,1
mnkjesenje.hr,1
izvorno.info,1
mnt-riokup.com.hr,1
mo-proce.simplesite.com,1
mobile2020.eu,1
mobileregion.info,1
izvor-ljubavi.hr,1
izvanfokusa.hr,1
mobitel-popravljaona.hr,1
mochvara.hr,1
mocvitaminad.com,1
modaodaradosti.blogspot.com,1
modeco-djakovo.hr,1
jadranbudva.me,1
mladiifotografija.com,1
jadiburek.com,1
narodna-knjiznica-drnis.hr,1
isistemi.si,1
narodni-lekar.com,1
isidore.science,1
narodniradiogoga.com,1
ishodilijecenja.hr,1
isenselogic.com,1
iseljavanje-hrvata.jimdofree.com,1
nasaistorija.blogger.ba,1
isbarseehosurderalmotarmantmicom.co,1
nasglas.kd-brdo.com,1
nama.hr,1
naklapskinacin.hr,1
mototumbri.hr,1
nakladabombon.hr,1
nacional-bj.com,1
ispodzemlje.com,1
ispodsrcatecuvamtisinjihovtemelj.blogger.ba,1
nad.nicinger.net,1
nadauboljizivot.ba,1
nadir-losinj.hr,1
ispan.waw.pl,1
narodna-knjiznica-dugopolje.hr,1
iskra-ces.hr,1
ja.picmix.com,1
narkomanija-narkomanija.blogspot.com,1
mladost-iskon.hr,1
mladost-sport.hr,1
mlakar-vilicari.hr,1
mld.com.hr,1
motor-diht.hr,1
motorista.hr,1
mototrade.ba,1
nakliyeborsasi.com,1
namargini.vbz.hr,1
namcorasta.wixsite.com,1
namjestaj-mima.hr,1
namjestaj-perkovic.hr,1
namjestaj.eko-linija.hr,1
namos.co.me,1
nana-san.hr,1
nannymed.com,1
nanofaces.imi.hr,1
iskrenoogojaznosti.com,1
iskrasartevents.blogspot.com,1
iskra.bfm.hr,1
narativnaterapija.eu,1
okrugljak.hr,1
nor-oil.hu,1
oldtimeri.hr,1
instruktazni-ustanova.hr,1
integra-sols.hr,1
nokti001.best-web.eu,1
integra-eu.net,1
insulae.wp.fsb.hr,1
nomi.mikroedra.com,1
noncarbon.eu,1
insula.hr,1
nonentrytankcleaning.com,1
noomweightloss.best,1
nops.hr,1
nordicclub.hr,1
intranslaw.hdtp.eu,1
nl.dmgmori.com,1
nkzagreb041.hr,1
nkv.hr,1
inter.capital,1
nk-karlovac1919.hr,1
nk-kurilovec.hr,1
nk-lonja-lonjica.hr,1
intermax.hr,1
interlingua.edu.ba,1
nk-mursa.hr,1
nogometnisavezlsz.hr,1
noemia.hr,1
nod32.com.hr,1
nocturiglow.com,1
intrados-projekt.hr,1
newtonresearch.eu,1
newyorkuniform.com,1
nexe-crijep.hr,1
next56daydiet.club,1
interpretirajmo-hrvatsku.hr,1
nezavisniblok.ba,1
njaminjami.si,1
njamm.com,1
nk-bsk.com,1
internacionalna-privatna-gimnazija-mostar.business.site,1
nlogic.ba,1
intelektualno.com,1
intelekta.org,1
nlpnetwork.me,1
nmz.hr,1
nmz.s11.novenaweb.info,1
noa-mobile.hr,1
noah.hr,1
nocknjige.me,1
intehna.hr,1
interijeri-domino.hr,1
intergrav.hr,1
intercars.hr,1
ilmijja.ba,1
opel.auto-dubrovnik.hr,1
opel.auto-mall.hr,1
opel.psc-osijek.hr,1
opel.psc-zagreb.com,1
openbooks.ffzg.unizg.hr,1
openhours.hr,1
opentender.eu,1
opera.hr,1
illingworthresearch.com,1
operon.design,1
ilirijabiograd.com,1
opg-buneta.hr,1
opg-herega.hr,1
opg-mplavetic.hr,1
opg-rakovac.hr,1
opg-stenta.eu,1
opg-vrkljan.hr,1
opg-zugec.hr,1
opg.trafika.org,1
opgantojuric.com,1
opgmataga.hr,1
opel.acboras.ba,1
opcinapasman.hr,1
nk-podsused.hr,1
iloverio.com,1
interauto.ba,1
nk-polet.hr,1
intelplan.hr,1
nkstubica.hr,1
nk-zminj.hr,1
nk-zrinski-ozalj.hr,1
nkb.hr,1
nkcaporicetrilj.com,1
nkcaporicetrilj.wordpress.com,1
nkdevetka.com,1
nkfesk.hr,1
intellect.hr,1
nknask.blogspot.com,1
inteligrid.fer.hr,1
inteligencija.talentlyft.com,1
nksesvete.hr,1
obrtnici-pula.hr,1
infocentarsreca.wixsite.com,1
microscopy2015.irb.hr,1
opcinagradac.hr,1
ilsad.hr,1
newsletter.zorin-dom.hr,1
news12.online,1
iluminati.blogger.ba,1
ingkvaliteta.com,1
nrm.hr,1
ns-kckz.hr,1
ns-novska.hr,1
ns-vrbovec.hr,1
ns-vukovar.hr,1
nsdellamercede.it,1
inicijativa.ba,1
nsk.hr,1
nvofutura.me,1
nskz.hr,1
nsrphp.hr,1
newroadbih.org,1
ntrajkovski.com,1
ntvjata.com,1
nubt.ba,1
nuk.gradri.hr,1
nuklearno-drustvo.hr,1
infotelups.hr,1
infos.hok.hr,1
nutricionizam.eu,1
nutritionmonth2017.ca,1
north-gastrofusion.blogspot.com,1
initiumeducation.com,1
ink.hr,1
np-mljet.hr,1
inkluzija.hr,1
obiteljskidom-sunce.hr,1
istrian.org,1
objektivni.com,1
obkoprivnica.hr,1
oblak-beton.hr,1
oblikovanjesvakodnevice.com,1
infoprijedor.ba,1
infonet.com.hr,1
obnasice.hr,1
obnomika.hr,1
obnorko.org,1
infondacija.org,1
obrana.net,1
infomanija-tip.com,1
obrnuti-inzenjering.narkive.hr,1
obrt-majeric.hr,1
nzbi.hr,1
nypheart.org,1
nvomost.org,1
iniaherencic.com,1
novovrijemeapfel.com,1
norriscafe.com,1
infokom.com.hr,1
ng-prom.hr,1
nissejourmouhisho.gakasisensehightesmomezwaageiria.co,1
international-iq-test.com,1
internetzarada.org,1
nezavisnost.org,1
instrukcije.hr,1
interpov.hr,1
investiramo.com,1
neurofeedbackcentar.com,1
neuromarketinginstitut.com,1
neva.hr,1
nevada.realigro.com.hr,1
nevenkagaragic.blogger.ba,1
nevenkagaragic.blogspot.com,1
nevico.hr,1
nevkos.hr,1
new.fotoss.org,1
new.kvarnercad.hr,1
investicijski-projekti.com,1
inverness-apartment.com,1
invalidirada.org,1
newbeginning.blogger.ba,1
introvertisagittaire.blogspot.com,1
nitabtaitlinanprevtoiphilneytegoppa.xyz,1
nissan.autobenussi.hr,1
internetske-usluge.com,1
nissan.aczadar.hr,1
internetprovale.com,1
nias.gov.hr,1
nick.ba,1
nicole-nicole.hr,1
nicosbar.hr,1
internetpartner.hr,1
internetomdogostiju.com,1
nik-krcmar.com,1
nikana.gr,1
nikas.hr,1
nikolacuk.com,1
nilamediagrupa.com,1
nimbus-studio.eu,1
nina-pocetak.blogspot.com,1
ninafotka.com,1
ninamiksic.com,1
nirs.hr,1
nirtinsromiscifac.etnibtiberglonsoabestkoslrecobigsri.co,1
nisrin.voxxyz.com,1
nissan.ac-redan.hr,1
nissan.aczadar.com,1
opip.aquilonis.hr,1
opcinacelic.com,1
okprivsud-bijeljina.pravosudje.ba,1
info.bednja.hr,1
infobih.com,1
ocds.karmel.hr,1
odabralemame.com,1
odabraniproizvodgodine.hr,1
info.moj-eracun.hr,1
info.kulzer.com,1
info.cistoca-zadar.hr,1
odlagaliste.hr,1
odmorimozak.com,1
odoo.com.hr,1
odvjetnicki-ured-musulin.hr,1
ogsko.hr,1
odvjetnik-obratov-klickovic.hr,1
odvjetnik-puljic.com,1
odvjetnik-zivaljic.hr,1
odvjetnik-zubovic.hr,1
odvjetniksonjavizjak.hr,1
odvodnjaporec.hr,1
offero-nekretnine.hr,1
offertissima.hr,1
office.com.hr,1
office4.biz,1
infobrcko.com,1
obuci.se,1
info-magazine.site,1
onlinehookupsites.org,1
ogulin-uciliste.hr,1
infinitemac.com,1
infigo.mk,1
ogulin.hr,1
ohmlab.hr,1
infaceinvestgroup.com,1
oijarun.wixsite.com,1
inex-adam.eu,1
oimp.hr,1
oio-vivo.com,1
oip.manual.canon,1
inelek.hr,1
ojptravnik.ba,1
ojs.cepsj.si,1
ojs.inz.si,1
ojs.zrc-sazu.si,1
ok-istre.hr,1
ok-kapela.hr,1
ok-siber.hr,1
oglasi.fr,1
ogame.fandom.com,1
officialcv.com,1
offroad-krizevci.hr,1
info-punkt-info.com,1
online-vrtic.com,1
online.ajbdoc.ba,1
online.e-udruge.eu,1
online.selekcija.hr,1
onlinecasinohrvatska.com.hr,1
onlinedietcoach.monster,1
olovka.info,1
oljasavicevic.com,1
olidzim.com,1
okov.me,1
okbj.hr,1
okbp.hr,1
inel-mt.hr,1
okhsg.hr,1
okjelen.hr,1
okknjizara.com,1
okmagazin.info,1
okmedjimurje.blogspot.com,1
oknatseni.ru,1
oko.tara.hr,1
inel-med.ba,1
okolisnifestival.zelena-akcija.hr,1
imunobalans.com,1
online-szallas.com,1
ok-valpovka.hr,1
online-radio.cc,1
okamuraleopard.pw,1
okb.hr,1
okbbbb.com,1
olovo.ba,1
olr-plemenitas.hr,1
omalleys.eu,1
omc.hr,1
inavukic.com,1
omegamarine.hr,1
inappropriatemonuments.org,1
omg.hr,1
ina.novilist.hr,1
omsa.me,1
on-air.hr,1
on-click.hr,1
onbpdv.dashofer.hr,1
in10studio.com,1
in-vindico.eu,1
oniks-marketing.com,1
onkolab.hr,1
online-hilfe.caritas-aargau.ch,1
oguic-pag.com,1
info-alytus.lt,1
onlineradiobox.com,1
organizatori.hr,1
opcina-tesanj.ba,1
imao.hr,1
imanade.hr,1
oplatz.net,1
oprema-pit.hr,1
opstinakotorvaros.com,1
opsud-orasje.pravosudje.ba,1
orfis.ba,1
orfufersayfeldslin.ogsparexcorbanasotenheafusany.info,1
organizator.hr,1
organizirana.com,1
ogranak-mh-samobor.hr,1
organsko.org,1
organum-histriae.com,1
organvlasti.com,1
orhideja-omis.com,1
orhideje.hr,1
iiczagabria.esteri.it,1
iica-hr.eu,1
iibmed.com,1
oriexfr.com,1
originalnidigitalni.wordpress.com,1
imep.ba,1
img.srbijasport.net,1
immmedialab.wordpress.com,1
immobili.si21.com,1
imageofwar.hr,1
onlinetecajevi.anima.rs,1
imprimatur.ba,1
ontos.hr,1
ontrebakraljevati.blogspot.com,1
oolongtealondon.monster,1
op.bhrt.ba,1
impressia.websajting.com,1
opanci-obuca.com,1
impotencija.hr,1
opatijskakolajnica.opatija.hr,1
importannegalleria.hr,1
opcina-barilovic.hr,1
implantoloskicentar.hr,1
opcina-dubrava.hr,1
imperium-immobiliare.hr,1
imperio-realestate.com,1
opcina-fericanci.hr,1
imperij.com,1
imperia.tv,1
imotsko-srce.hr,1
iiamo.hr,1
igreudvoje.net,1
ork-schnee.com,1
opusprodukcija.hr,1
ordinacijatucic.com,1
orahovica.pannonian.hr,1
iks.nsk.hr,1
orange-nekretnine.hr,1
oranjegroep.com,1
orasnica.ba,1
orbico-lubricants.rs,1
orbico-mazivabih.com,1
ordinacija-krajina.hr,1
ordinacija-kristic.hr,1
ikona.gloria.hr,1
ordinacija-plazonic.hr,1
ikb.hr,1
onlinerjecnik.com,1
onlinemekteb.com,1
obucacalceo.com,1
oganj.hr,1
oglasi.lobi-info.rs,1
oglasise.eu,1
info-de.hr,1
ograde-kocevar.com,1
ikum.org.rs,1
ilab.hr,1
orlic-sport.com,1
optotim.com,1
orlovo-polje.com,1
ortho-praxis.hr,1
ortodoncija-ivanec.hr,1
ortopedia.hr,1
orvas-hotels.com,1
os-agmatos-vk.skole.hr,1
igrandia.hr,1
os-ampetropoljskog-drnis.skole.hr,1
oregon.hr,1
iju.hr,1
orebic-apartmani.com,1
opusteno.medium.ba,1
optika-anda.com,1
optika-oculus.hr,1
optika.sanmatic.hr,1
optikaana.weebly.com,1
optikavisual.com,1
optike.hr,1
optima-power.ba,1
optimtrader.com,1
optimusconsulting.eu,1
muftijstvo-mostarsko.ba,1
edu.e-med.hr,1
mugg.xyz,1
www.deichmann-karijera.hr,1
www.darijovasilic.hr,1
www.darinobaby.com,1
www.dariomarenic.com,1
edukacija.roda.hr,1
edu.hkms.hr,1
www.deepakchoprameditacije.com,1
www.deezer.com,1
www.defacto-theatre.com,1
www.defakto.net,1
www.degraf.hr,1
www.dekadakom.com,1
www.curo.hr,1
www.deklaracijazakunu.hr,1
www.dekoder.biz,1
www.delicije.com,1
www.delmerion.hr,1
www.delock.de,1
www.delonghi.com,1
www.delos.hr,1
edu.cuvarisrca.hr,1
www.denis.hr,1
www.denmarkcar.com,1
www.czssn.hr,1
www.czss-zabok.hr,1
www.czss-virovitica.hr,1
www.czss-velikagorica.hr,1
eiriu-eolas.org,1
www.cvijeceravenscak.com,1
www.cvijet-kreativa.hr,1
www.cvjetkolez.com,1
www.cvjetnagalerija-sreca.hr,1
www.cvjetnidom.hr,1
www.cvorkovac.hr,1
www.cvrcak.com,1
ehrliche-tests.de,1
ehome.hr,1
www.czkd.org,1
www.czm-grabrik.hr,1
www.czm.hr,1
ehnc.forumhr.com,1
www.czss-crikvenica.hr,1
www.czss-donjimiholjac.hr,1
www.czss-koprivnica.hr,1
www.czss-krk.hr,1
www.czss-kutina.hr,1
www.czss-metkovic.hr,1
www.czss-slatina.hr,1
www.densa.hr,1
www.denso-technic.com,1
www.dental-parat.hr,1
www.dcs-group.nl,1
www.dddrive.net,1
www.ddicpdnz.hr,1
educalingo.com,1
www.dds1885.hr,1
www.ddservis.hr,1
educa.com.hr,1
www.debra.hr,1
edu4games.adu.hr,1
www.dechra.ba,1
www.case-mobili-bhi.com,1
en.kefirolicious.com,1
sportinpenisola.com,1
www.bazeniplus.hr,1
www.bbk-krpelj.com,1
www.bbs.ba,1
www.bctv.hr,1
www.bdent.eu,1
eurotrust.hr,1
www.beamup.eu,1
www.beauty2000.hr,1
www.beautyme.hr,1
www.ddc.hr,1
www.dcl.hr,1
www.dental-sambunjak.hr,1
www.dechra.hr,1
www.dental-studio-ivankovic.com,1
www.dentalcentaralma.com,1
edoc.sabor.hr,1
www.dentaldijan.com,1
www.dedabor.com,1
www.decora.hr,1
www.decod.io,1
educationfactory.info,1
www.darts-point-league.com,1
www.darts-point.com,1
edukacija.ranaintervencija.com,1
www.das-mono.com,1
www.das.hr,1
edukacija.hukom.hr,1
www.datalab.ba,1
eduka.hr,1
www.datalab.me,1
www.davor-vas-video.com.hr,1
www.davt.hr,1
www.db-expert.eu,1
educationbro.com,1
www.custom-culture.com,1
www.d-creative40.com,1
www.beautyq.me,1
www.dmskckz.hr,1
www.dobracena.si,1
e-zelenko.eu,1
www.dobraknjiga.rs,1
www.dobreljekarne.hr,1
www.dobrinj.hr,1
www.dobroinstitut.hr,1
www.docdocc.hr,1
www.dodic.hr,1
www.dodlek-agro.hr,1
eastex.hr,1
www.dmkservisi.com,1
www.dentalic.eu,1
www.djecjivrtic-ivanic.hr,1
www.djano.hr,1
ecg-electro.eu,1
ecd.rs,1
eccoplan.hr,1
ecbracak.eu,1
www.djecji-vrtic-grigor-vitez.hr,1
www.djecji-vrtic-sandrovac.hr,1
www.djecji-vrtic-sunce-zadar.hr,1
ebm.com.hr,1
www.dobra-macka.hr,1
www.dobojjug.ba,1
www.dobartek.hr,1
e.bay.hr,1
www.didasko.com.hr,1
ecu-pro.com,1
www.digitala.press,1
eco-himchistka.ru,1
www.dizajnu.com,1
www.dizzconcept.com,1
www.djakovo.hr,1
www.dmsvsz.hr,1
www.dmzenskautrka.hr,1
www.dnd-kc.hr,1
www.dndmaksimirzg.hr,1
earnmoneygeton.online,1
eagleswings.blog,1
www.dnevnicentarnk.me,1
eadu.kbd.hr,1
www.dnevnikastrologa.com,1
eaa.unizd.hr,1
e.udzbenik.hr,1
e.pgsri.hr,1
www.dnevno.rs,1
e.biz.hr,1
www.djecjinogomet.com,1
www.djecjisvijet.hr,1
www.djecjivrtic-cvrcaksolin.hr,1
www.dalmacijaeko.hr,1
edutorij.e-skole.hr,1
www.dalmapedia.org,1
edukujsee.com,1
www.dalmatia-bike.com,1
www.dalmatiacharter.com,1
www.dalmatis.hr,1
edukal.alzheimer.hr,1
www.damianus.hr,1
edukacijska-grupa.com,1
www.damor-auto.hr,1
www.danas.rs,1
www.danceinn.org,1
www.dancovershop.com,1
www.danielwellington.com,1
www.danijel-interijeri.com,1
www.danijeljurisic.com,1
www.danposlije.info,1
www.dantolpromet.hr,1
www.danubio.hr,1
eengleski.hr,1
www.d-invoicedoo.com,1
edvu.org,1
ee.eudict.com,1
www.djecjivrticbajka.hr,1
www.dalkoning.hr,1
www.dm-studio.info,1
www.djecjivrtickesten.hr,1
www.djecjivrticogledalce.hr,1
www.djecjivrticpozega.hr,1
ebay-kupovina.com.hr,1
ebareket.lt,1
eba-drupal.eurodyn.com,1
www.djvjencanja.hr,1
easyodds.com,1
easyfit.hr,1
easy-eproduct.com,1
www.dlivio.eu,1
www.dm-jobs.com,1
www.dentvitalis.com,1
www.dentalsandev.com,1
www.curic.apartments,1
efektiv.hr,1
www.dado-quad.com,1
www.daedalusonline.eu,1
www.dagenstv.com,1
eea-ngo-croatia.hr,1
www.beautypeptalk.com,1
www.bebabeautycentar.com,1
muhaz.org,1
www.autopijaca.ba,1
www.autohrvatska.hr,1
www.autoklaric.com,1
www.autokreso.hr,1
www.autolink.com.hr,1
www.automarket.hr,1
www.automat-tn.hr,1
www.automaxx.hr,1
fabemametali.hr,1
www.automobili.co.rs,1
f45training.hr,1
www.autopoint.ba,1
www.bhauto.ba,1
www.aulos.hr,1
faerielands.com,1
www.balkanvicevi.com,1
www.audicije.com,1
www.arupinum.hr,1
www.asadria.com,1
www.asergeev.com,1
www.ask-zadar.hr,1
www.askg.at,1
www.asmr.fm,1
www.autogume-online.com.hr,1
www.autogrobnik.hr,1
www.autogrifon.hr,1
www.autogas.ba,1
www.bhbus.ba,1
eurogradnja.hr,1
www.bhmac.org,1
www.bhnekretnine.ba,1
eurogol.klubportal.com,1
www.bhwebmasters.net,1
www.baloo-solutions.com,1
www.balkanvijesti.com,1
www.bina-istra.com,1
www.audiopro.hr,1
www.aurelia.com.hr,1
www.austrotherm.ba,1
www.authenticbeautyconcept.hr,1
www.autizam-suzah.hr,1
www.auto-moto-tour.com,1
www.auto-poljostroj.hr,1
www.auto.hr,1
factory.hr,1
www.autoelektrika.ba,1
faceawardsbalkan.com,1
www.autoexclusive.rs,1
www.asnekretnine.hr,1
familypark.hr,1
familymall.hr,1
www.babysits.hr,1
www.bacurinoticias.com,1
expertproduct.hr,1
www.badblueboys.hr,1
www.badminton-osijek.hr,1
expertocrede.hr,1
www.badurini.hr,1
www.bafas.ba,1
www.bagolo.hr,1
www.bahrainbosnia.com,1
experto.hr,1
www.baketasteshare.com,1
www.balans-energije.com,1
exotic-king.com,1
www.baldinistudio.hr,1
www.bale-valle.hr,1
www.balenovic.hr,1
exoro.eu,1
www.balidoo.hr,1
www.balkan-handball.com,1
exlumine.com,1
informatikazasve.blogspot.com,1
www.backenmitjasna.com,1
explorer.com.hr,1
familyblock.net,1
extaza.net,1
familienportal.de,1
www.astera.hr,1
falis.com.hr,1
www.astrologija-tarot.com,1
fake-duga.vigilare.org,1
www.astronumero.org,1
fairnet.hr,1
www.atg-glovesolutions.com,1
www.atlantis-marine.net,1
www.ato.gov.au,1
www.atom-nekretnine.hr,1
www.atomicdancefactory.hr,1
www.atopika.org,1
www.atsk.hr,1
www.auc.systems,1
www.audi.ba,1
fagor.ba,1
www.autopraonica-szabo.hr,1
f-zrmanja.com,1
www.autopromet.hr,1
ezoterija.info,1
euroing.ba,1
www.bhas.ba,1
eurotower.hr,1
www.basnasbriga.com.hr,1
www.baotic-yachting.com,1
www.baptist.hr,1
www.baranja-film.hr,1
evidencija-udruge.innova.hr,1
evergym.hr,1
www.barkun.hr,1
www.barlovci-zupa.org,1
events.withgoogle.com,1
www.basicgymone.com,1
eventlogistika.hr,1
eventi.vimado.it,1
www.bhansa.gov.ba,1
www.bastina.fr,1
www.bastrucks.com,1
www.basvans.com,1
www.batat.hr,1
www.baterija.hr,1
www.batprodajnicentar.hr,1
www.batteryupgrade.com.hr,1
event.tiko-pro.hr,1
www.bavariaworldwide.de,1
www.benkotehna.hr,1
evision.hr,1
www.banko-camping.com,1
evlad.ba,1
exact-byte.com,1
eurosan.ba,1
europskaunija.yolasite.com,1
europrofil.rs,1
www.beeit.hr,1
www.beesuperstar.com,1
europlakatbh.ba,1
www.befree.space,1
www.begencomerc.rs,1
www.beiersdorf.hr,1
europhone.talentlyft.com,1
www.belgiumcar.net,1
europhone.hr,1
www.belina.hr,1
www.bellaplanta.hr,1
www.bemergroup.com.hr,1
www.bbi.ba,1
euzv.org,1
www.balkapress.com,1
www.baze-podataka.net,1
excetrashop.hr,1
www.bank24.hr,1
www.benkovac.rs,1
europaukinu.eu,1
www.bent.hr,1
www.biljkeza.com,1
eu-prodaja.com,1
www.bibliofil.hr,1
www.biblija365.com,1
eurodentalcentar.ba,1
www.bft.com.hr,1
www.bernays.hr,1
www.berryorganica.hr,1
www.beruliatravel-brela.hr,1
europa.eu,1
www.best-advisory.eu,1
www.best4rent.hr,1
europa-92.talentlyft.com,1
www.bestforexrobots.com,1
www.bet-israel.com,1
euromand.com,1
www.bezduga.hr,1
eurolines.ch,1
euroliber.hr,1
www.bibinjac.hr,1
www.bh-index.com,1
eurokukezvonar.hr,1
eu-projekt.privreda-petrinja.hr,1
www.biljeske.com,1
www.bibliovcica.com,1
eu-vrijednosti.tripalo.hr,1
www.biblos.si,1
www.bibsonomy.org,1
www.bibte.com,1
www.biciklin.hr,1
www.bicisvet.com,1
euprojekt.obpula.hr,1
eupita.eu,1
www.bigdutchman.hr,1
www.biggreenegg.eu,1
www.bigwidelogic.com,1
eukor.isp.hr,1
www.bihnet.ba,1
euinfo.hr,1
eugenvarzic.com,1
www.bijelopolje.co.me,1
eufondia.hr,1
www.bike.com.hr,1
www.bikepark.com.hr,1
www.bild-studio.com,1
eubd.edu.ba,1
www.bilecainfo.com,1
www.didak.net,1
www.dictionaryportal.eu,1
www.diakonia.hr,1
elegancereef.com,1
ekuhinja.hr,1
www.crnjacboatservice.hr,1
ekstremno.net,1
elbike-crikvenica.com,1
www.cookincroatia.com,1
www.clubrevelin.com,1
www.convoy.hr,1
elektrait.hr,1
www.cnranpu.com,1
www.cnwasser.com,1
www.code-hub.eu,1
sportdalmacija.com,1
electus.hr,1
www.coe.int,1
www.colas.hr,1
www.colgate.hr,1
electronix.eu5.org,1
www.colpharm.net,1
www.commel.hr,1
www.commonfare.net,1
konji.ba,1
electronicsecurity.eu,1
www.crnakutija.babe.hr,1
www.crnagoraturska.com,1
www.crikvenicaapartmanicar.com,1
www.credo-centar.ba,1
www.coolfinancije.com,1
www.cooliranje.com,1
www.copperpot.eu,1
www.coprnica-rukotvorine.hr,1
www.copyservis.hr,1
elbi.hr,1
www.coreintegra.hr,1
www.corona4kids.de,1
www.corteva.hr,1
www.cortina.hr,1
www.cosa.hr,1
elasto.hr,1
www.countdowntothekingdom.com,1
www.country-academy.com,1
www.cowboy.com.hr,1
www.cpafbih.org,1
www.cppmostar.com,1
www.cqapparel.com,1
www.cr.visittrogir.hr,1
www.cratis.hr,1
www.creaton.hr,1
electrocoin.hr,1
www.comping.hr,1
www.comunitaitalianizara.eu,1
ekoakcija.org,1
eko-pan.hr,1
eko-moslavina.hr,1
www.crvenikriz-pozega.com.hr,1
www.crvenikrizpazin.hr,1
eko-go.hr,1
www.crvik-wine.com,1
www.cryptonovosti.rs,1
eko-blato.hr,1
www.csm.com.hr,1
www.csrcg.me,1
eknjiga.hr,1
www.ctk.ba,1
www.ctro.hr,1
www.cubrad.com,1
ekologicno.podstrana.hr,1
ekom.hr,1
ekonomija.ba,1
www.croatian-food.eu,1
www.croatia-active.com.hr,1
www.croatia-hksd.se,1
www.croatia-islandrab.com,1
eko-zeko-otocic.solta.hr,1
www.crovortex.com,1
www.concessum.com,1
ekobreg.com,1
www.conrad.hr,1
www.consensus-nekretnine.hr,1
www.consilium-revizija.hr,1
www.consultecca.org,1
www.continental.hr,1
eldart.eu,1
www.contournextone.hr,1
www.convertworld.com,1
www.cro-escort.com,1
ekstrem.hr,1
ekspert.rs,1
eksnoviteti.blogspot.com,1
ekolimachfest.com,1
www.croperio.com,1
www.cropex.hr,1
ekokreativnost.blogger.ba,1
www.crosig-trecistup.hr,1
ekojug.eu,1
ekoeho.org,1
www.crosportvez.hr,1
www.crossda.hr,1
sportimus.eu,1
sportcommerce.hr,1
www.diabeteswhatsnext.com,1
mrezalica.hr,1
itherapy.shop,1
iteh-sistemi.hr,1
mpz-ecossetto.hr,1
itcr.hr,1
itcloud.com.hr,1
itcenter.hr,1
itcbuss.com,1
itbannerexchange.com,1
mreza.hr,1
mrezadizajna.com,1
mrezapodrskeisuradnje.com,1
istina.ba,1
mumgep.com,1
munimentum.info,1
n2sed.hr,1
munja.ba,1
muzejposlanika.com,1
muzejsvetogfrane.hr,1
muzejvk.hr,1
isthislovethatimfeeling.blogger.ba,1
muzoic.org,1
istarsko.hr,1
mrizica.hr,1
mplet.hr,1
mpgi.gov.hr,1
mp.bpkg.gov.ba,1
istravetura.hr,1
istraplakati.hr,1
istraoutdoorexperience.com,1
multi.europersonal24.de,1
multimedia.ba,1
multimodus.hr,1
multiplaskleroza.net,1
it.milanclubrijeka.com,1
mrkopalj.hr,1
mrkonjicco.hr,1
mplati.hr,1
itonijesve.com,1
motovunhouse.com,1
motus-melior.hr,1
mountaintacticaltraining.com,1
mouv-e.com,1
moveg.hr,1
moviesteria.com,1
moxa.selmet.hr,1
itom.hr,1
ito.dev,1
my-lotus.hr,1
my-o.blog,1
my.geo-tag.fr,1
muptk.ba,1
istranova-ta.com,1
muraplast.com,1
murs-ekom.hr,1
istrafilm.hr,1
istra.biz,1
museu.ms,1
museums.hr,1
istra-riding.com,1
music-star.hr,1
muzej-rovinj.hr,1
music.apple.com,1
musicologyentertainment.com,1
istocnosarajevo.travel,1
musicsonggames.work,1
mustra-designs.com,1
muvrin.mdc.hr,1
muzasandra.com,1
muze.hr,1
muzej-benkovac.hr,1
istinomprotivlazi.info,1
istineilaziohrani.blogspot.com,1
mupzdk.gov.ba,1
mup.ks.gov.ba,1
my.mydataknox.com,1
muol.hr,1
myadriatica.com,1
myaloedream.com,1
mybar.hr,1
mybookmachine.rs,1
mychoice.hr,1
myhealthbox.eu,1
mylanguage.net.au,1
mylittlefantasyworld13.blogspot.com,1
mymedia.hr,1
istarska-kapljica.eu,1
myskin.hr,1
mysterious55.wordpress.com,1
mysticab.blogger.ba,1
mz.ks.gov.ba,1
ispredsvih.ba,1
mzsl.wordpress.com,1
ispovesti.com,1
muzejosobnihprica.com,1
muzejbp.hr,1
muzej.lindjo.hr,1
istokrs.com,1
ekranizacija.com,1
ekotaxi.hr,1
ekosspiritus.hr,1
elitenekretnine.ba,1
www.childlife.hr,1
www.chili.com.hr,1
elitoo.hr,1
www.chinatiftonfertilizer.com,1
www.cin.ba,1
www.chipsmall.hr,1
www.chitsuruya.com,1
www.chocolateslovenia.com,1
www.chromos-agro.hr,1
elitnutrition.ba,1
www.ciceron.hr,1
www.croatia.speakmigraine.com,1
www.ciciban-otocac.hr,1
www.cigravrtic.hr,1
www.cikdft.hr,1
www.cima-beach-club.com,1
elis.hr,1
www.culture4innovation.com,1
eitmobius.eu,1
www.casanovafest.com,1
www.dih.hr,1
ecosolutions.hr,1
www.chfsrbija.org,1
www.chesterfield.hr,1
www.chessabc.com,1
www.chelseaptopart.com,1
elektrovukojevic.com,1
elektrotehnika.info,1
www.civljane.hr,1
elektrotehnika.hr,1
www.claas.hr,1
www.classbyclass.hr,1
www.classic-rooms.com,1
www.clippings.me,1
elektrokem.hr,1
www.cloudsense.com,1
www.cloudtoken-cto.com,1
www.clpu.ba,1
www.cineplexx.hr,1
www.cinemax.hr,1
www.cinemart.tv,1
www.chinaamico.com,1
www.cetina.hr,1
www.cetingrad.hr,1
www.cfcg.eu,1
www.championlubes.com,1
www.chefica.hr,1
www.dijeta.co,1
economic.ba,1
www.dijeta.hr,1
www.digitalfoto.com.hr,1
www.digitalbalkan.com,1
www.dergez.hr,1
edmundo.blogger.ba,1
eding.hr,1
www.desiree-xoxo.com,1
edikon-ps.hr,1
www.destinationadriatic.com,1
edigital.hr,1
www.detox.com.hr,1
edic-sibenik.eu,1
www.deus-group.me,1
www.dewalt.ba,1
www.dezinsekcija.net,1
www.dgarhitekti.hr,1
www.dharmawayyoga.com,1
edibokun.wordpress.com,1
eden-croatia.eu,1
www.dhl.ba,1
edata.com.hr,1
www.dhmaya.com,1
www.diabetes.ascensia.com.hr,1
www.dentas.hr,1
ecowater.ba,1
www.dijeta.net,1
www.diyaudio.com.hr,1
www.dijete-u-sredistu.com,1
ecole.zagreb.free.fr,1
ecofriend.hr,1
www.dims.hr,1
ecoedumedia.eu,1
www.dinamo-zg.com,1
ecobox.com.hr,1
www.dinecogroup.com,1
www.dingac.hr,1
www.dionaea.hr,1
eco-zagreb.hr,1
www.dir.hr,1
www.disabilityinfo.me,1
www.discogs.com,1
www.discoveryfilm.hr,1
www.diva-design.hr,1
www.diver.hr,1
www.divico.hr,1
www.divinetours.hr,1
www.divingcenter-porec.com,1
www.divus.hr,1
www.civilnezrtve.documenta.hr,1
www.civilnazastita-zzh.gov.ba,1
www.civilizacijaljubavi.hr,1
embzagorje.com,1
www.centar-restart.com,1
embarcadero.konto.hr,1
www.centar-svitanje.hr,1
embajadabh.es,1
eman-conference.org,1
emado.ba,1
elysees.com.hr,1
www.centarkvalitetezivota.hr,1
www.centarmir.hr,1
eluxshop.hr,1
www.centarsoulart.com,1
www.centartara.com,1
www.centartratincica.hr,1
eltechgroup.eu,1
www.centrallanguageschool.com,1
eltangotango1928.blogger.ba,1
www.centrometal.hr,1
www.cepoh.hr,1
www.ceprljanda-idro.net,1
elptransport-elearning.eu,1
www.cerebralnaparaliza.com,1
www.centar-origo.hr,1
www.cemix.hr,1
www.certifikat.hr,1
ekl.hr,1
ekosen.si,1
ekora.si,1
ekopark-kras.hr,1
ekopapir.si,1
www.croatiaforchrist.com,1
www.croatian-genealogy.com,1
www.cromatec.hr,1
ekonomski.net,1
ekonomskevesti.com,1
www.croatianhistory.net,1
www.croatica.hr,1
www.crobos.com,1
ekonomska-pozega.hr,1
www.crodjevojke.com,1
www.crofranciscans.com,1
ekonomska-dubrovnik.com,1
www.crogis.hr,1
www.crokickboxing.hr,1
www.cromalternativemoney.org,1
elektro-materijal.com,1
www.clubpages.net,1
www.cerp.hr,1
www.certusregimen.com,1
elen.hep.hr,1
www.cdt.europa.eu,1
www.ceas-serbia.org,1
www.cedar-agro.hr,1
www.cedefop.europa.eu,1
www.cedim.hr,1
www.cee.hr,1
www.ceenter.hr,1
www.cesarblackshine.com.hr,1
www.cesi-zagreb.hr,1
www.ceskabesedarijeka.hr,1
www.cestodom.hr,1
www.cineplexx.me,1
www.ciovoinfo.com,1
www.cisco.com,1
elim.hr,1
eliksir.ba,1
elevationproject.eu,1
elevate.hr,1
www.citroenforum.hr,1
www.citroenmreza.hr,1
www.citroenorigins.hr,1
www.city-fitness.hr,1
emitor.rs,1
www.cdr.hr,1
www.cerura-ruke.com,1
www.cdp.hr,1
www.centar-odgojiobrazovanje-ivanec.skole.hr,1
www.celestial-labyrinths.org,1
www.clubh2o.hr,1
emilianoracitiosteopata.it,1
www.casi.hr,1
www.caskalica.com,1
en.hkkkki.eu,1
emteh.hr,1
www.castrumrovinj.com,1
emporia.mobil.hr,1
www.catyline.com,1
empirica.ba,1
www.cavtatapartments.eu,1
www.cayman-company-formations.com,1
empire.hr,1
emocionalnainteligencija.blogspot.com,1
emobile.hr,1
www.cda.nl,1
www.cddesign.hr,1
emm.hr,1
www.cdp-ri.hr,1
informatikacg.me,1
hotelmurter.com,1
oazainfo.hr,1
rotus-novosel.hr,1
hotelpartner.hrs.com,1
rost.hr,1
roster.hr,1
rotary-klub-zagreb.hr,1
rotary-split-novi.hr,1
rotary-varazdin1181.hr,1
exitus.hr,1
rotarysplitplus.hr,1
hotelkristina.net,1
hotel-tamaris.com,1
rovinj.net,1
rsworld.info,1
rovinjapartments.info,1
rovinjsport.com,1
rowing-shop.hr,1
royal-adriatic.hr,1
royjonesband.com,1
rozimel.hr,1
hotelkomovi.com,1
hoteli-kolocep.hr,1
rpctuzla.ba,1
hotelcentral.hr,1
rosa.hr,1
hotsport.rs,1
rontgenkanizsa.hu,1
house.ba,1
hotel-mozart.hr,1
hotel-milenij.com,1
rtvdoboj.org,1
rtvfbih.ba,1
hotel-letan.hr,1
hotel-kolovare.com,1
hotel-jadran-neum.com,1
rtvsunce.com,1
hotel-frane.hr,1
hotel-delminivm.hr,1
rudan.com,1
ruka-podrske.hr,1
run.hr,1
hotel-aristos.hr,1
runolist.hr,1
rupicapra.si,1
ruralescapetours.com,1
rsclub.info,1
rs.anews.io,1
hotel-sundial.com,1
rotel.com.hr,1
os-belvedere-ri.skole.hr,1
os-astarcevic-resetari.skole.hr,1
direktmediatv.ba,1
majicaisalica.hr,1
kamagrabosna.ba,1
majstor-baja.hr,1
kao.rs,1
mail.nustar.hr,1
magident.eu,1
mail.morskodobro.com,1
karijera.rba.hr,1
karijera.jgl.hr,1
karibukaaawa.com,1
karavanazazivot.com,1
magus-stroj.hr,1
mahalica.com,1
mahmoto.hr,1
mai.hr,1
maidahundeling.com,1
mail.balconn.com,1
mail.bizmusic.net,1
mail.cistocadubrovnik.hr,1
karate-zg.hr,1
karasicka-republika.hr,1
karasica-vucica.hr,1
majinsminkeraj.com,1
majdak-animi.hr,1
mail.omisalj.hr,1
majcinovrijeme.hr,1
kanzlei-kovac.de,1
kantocizastupanje.hr,1
kantharoshvar.com,1
mail.rotaryclub-karlovac-dubovac.hr,1
mail.rovinjsport.com,1
kannte-koffer-glaube.com,1
kanna.si,1
kandit.hr,1
mail.transserbia.org,1
kamioni.ba,1
mail.uikckz.hr,1
mail.visitsolta.com,1
mail.volim-losinj.org,1
kamensko.one,1
mail.zamisli.hr,1
mail.zenskica.com,1
kamenipecatneolita.wordpress.com,1
maistra-dd.talentlyft.com,1
maja85.blogger.ba,1
majagv.blog,1
majakurtovic.com,1
rszz.info,1
rswill.info,1
mail.dalmatinskiportal.hr,1
rk-spacva.hr,1
sapunerija.com,1
rus-trads.ru,1
rures.eu,1
hosting.zio.hr,1
romanaporopat.com,1
rivers-mostar.com,1
riznica.blog.rs,1
rjecnik.blogger.ba,1
rk-amfora.hr,1
rk-podravka.hr,1
rk-zagorec.hr,1
rsvid.info,1
rkcelikzenica.net,1
rkdelminium.com,1
rkhd.hr,1
rknovimarof.hr,1
rks-louisbraille.hr,1
rkzeljeznicar.blogger.ba,1
rlo.ba,1
rmgroup.hr,1
rmod.hr,1
hpd-garjevica.hr,1
sapro.hr,1
sapparis.com,1
home.liebherr.com,1
sape.hr,1
hor.duranhedt.ru,1
samoswoja.blogger.ba,1
sampioni.sretnodjetinjstvo.ba,1
samramuminovic.com,1
samsungshop.hr,1
san.hr,1
sanalinea.net,1
sanapodrskazeni.hr,1
sandibratonja.com,1
sandrinmlin.blogspot.com,1
honel-holding.hr,1
sanidesignbydjinagrbin.com,1
saniteh.hr,1
home-line.hr,1
sanjaferien.com,1
sanjalydia.com,1
homemadebyb.blogspot.com,1
sanjinimanic.com,1
sanovnik.me,1
sanskimost.gov.ba,1
santea-studio.com,1
robinhorealmadrid.blogger.ba,1
rockabyebyebaby.blogspot.com,1
hp-laserjet-1015-printer.printerdoc.net,1
ristorante-pizzeria-yachthafen.metro.bar,1
rijekapsihologije.uniri.hr,1
rijekatattooexpo.com,1
rika.hr,1
rikonrijeka.com,1
hpd.hr,1
rina-nekretnine.hr,1
rinigard.com,1
rio.cloud,1
rios.hr,1
hpd-sisak.hr,1
hpd-plocno.com,1
rogoznica.hr,1
romanistika100.ffzg.unizg.hr,1
ruralhubs.net,1
rondohistriae.blogspot.com,1
rsloft.info,1
rsplayer.info,1
rspost.info,1
hotel-president.ba,1
hotel-porat.ba,1
rstoolss.info,1
hpdmiv.hr,1
rijekanekretnine.hr,1
rodendaonica-papillon.hr,1
hpk.rs,1
roditelji.blogger.ba,1
rodjendaonica-tweety.hr,1
rodnovjerje.com.hr,1
hp-games.net,1
how-to-kill-yourself.com,1
roginic.hr,1
ritual-bymarko.hr,1
hpd-malacka.hr,1
rita.hr,1
rijekafiume.geolive.ca,1
richemont.hr,1
rif.ba,1
rif.digital,1
rifin.com,1
rihannafenty.blogger.ba,1
rijecpravnika.org,1
hpm.hr,1
rijeka-in.com,1
rijeka-rijeka.blogspot.com,1
rijeka.alliance-francaise.hr,1
rijeka.run,1
mail.dacom.hr,1
mail.derk.ba,1
informer.rs,1
m.sova.hr,1
lukavacbeton.ba,1
lukris.net,1
lullar-de-2.appspot.com,1
luma-ribarstvo.hr,1
lumaenergy.com,1
katolicka-gimnazija.hr,1
katholisch-hn.de,1
katema.hr,1
m.amway.hr,1
m.ru24.net,1
m.sport.novi.ba,1
m-vojnapovijest.vecernji.hr,1
karmelbm.wordpress.com,1
karma.com.hr,1
karlovacko.hr,1
ma-desire.hr,1
ma-lu.com,1
ma-ni.hr,1
macabacus.hr,1
macedonia-timeless.com,1
macevanjeosijek.com,1
macevni-plesovi.org,1
lukacic.smn.hr,1
lukac-apartments.com,1
lukabu.com,1
luka8088.com,1
luna-adriatica.com,1
magic-time-vinyl-festival.hr,1
lumal.hr,1
lrcbh.com,1
lsf.hr,1
lt.mvep.hr,1
lte.hr,1
lucella.hr,1
lucera.hr,1
lucienvanderwalt.com,1
lucija-solta.com,1
lucius.ba,1
luckybansko.rs,1
luckyhomeideas.com,1
lucydisfrutaconloslacteos.es,1
ludensteatar.hr,1
kbeauty.hr,1
kb.beerent.com,1
luftbremzer.com,1
kazalistevirovitica.hr,1
luk.ba,1
macrohub.net.efzg.hr,1
madeinbih.org,1
madeofmoreska.com,1
m.boljiposao.com,1
katalozi.jeftinije.hr,1
m.chercherjesus-christ.com,1
m.lutrija.hr,1
katalog.hgb-leipzig.de,1
m.gdenamore.com,1
m.groupie.hr,1
kastil.hr,1
m.hr.dnpicnic.com,1
kastelir-labinci.hr,1
kastela-info.hr,1
m.hr.neciklopedija.org,1
kastel-krk.com,1
m.hr.toponegroup.org,1
m.kosovahaber.net,1
kasnjar-savjetovanje.hr,1
mapu.unipu.hr,1
maranatha-conversion.com,1
lpz-bbz.com.hr,1
medosport.com,1
medulin-boat-excursions.com,1
jobs.a1.com,1
katarina.ba,1
m.ba.yunchtitanium.com,1
madison.hr,1
m.ba.ydget.com,1
madvibratingsand.com,1
maestralcentar.hr,1
maestraltours.hr,1
magaza.com.ba,1
magazin-tabloid.com,1
karloressler.eu,1
karike.com,1
karijere.in2.eu,1
magfestivalsplit.com,1
magic-josip.blogspot.com,1
karriere.greisinger.com,1
m.miele.hr,1
kartonaza-hudetz.hr,1
katalog.ue.wroc.pl,1
m.ba.asuwantpackaging.com,1
m.ba.baikebiological.com,1
m.ba.beallindustry.com,1
katehetski.ri-nadbiskupija.hr,1
m.ba.risunextract.com,1
katarinamilicevic.com,1
m.ba.shengfaprotectivefilm.com,1
lunch.hr,1
katolickatradicija.blogspot.com,1
mail.djecjivrticjezic.hr,1
mapakulture.org,1
mangala1.kim.ba,1
k2d3.hr,1
k2d3.ba,1
manpower.hr,1
manuals.toro.com,1
manualsdump.com,1
manukamgo.hr,1
manutdportal.blogger.ba,1
maoio.agency,1
maori.hr,1
mapapravaiusluga.ba,1
m-chanaan.hr,1
jysk.ru,1
jysk.gr,1
kadrovi.hr,1
mamic.hr,1
mamasoon.hr,1
malarukometasica.blogger.ba,1
kalisara.hr,1
makarskabeaches.hr,1
makdizdar.ba,1
kalidariart.hr,1
maneo.hr,1
k2nekretnine.com,1
mandevila.com,1
mandakzerotill.org,1
karaman-design.com,1
karakasmar.wixsite.com,1
karahasan-zilic.com,1
mail.hdp.cp-prod.perpetuum.hr,1
mail.komora-primalja.hr,1
mail.kutjevo.com,1
mail.malisaveti.com,1
mail.medzlis-konjic.com,1
majstorije.info,1
mak-books.eu,1
makanje.me,1
kamagra.org,1
kadra-jobs.com,1
maminovreme.org,1
kabinetfizike.wordpress.com,1
kabicare.hr,1
kabbalah.hr,1
kabaobazeni.com,1
kabala-novipogledi.blogspot.com,1
manastirostrog.com,1
ka.airbnb.com,1
makeithealthy.life,1
makeupandother3.blogspot.com,1
kalia.co.me,1
lunna-arte.com,1
lupijupi.forumklgd.ru,1
kazakhstan.realigro.com.hr,1
lupnumber.com,1
lura-grupa.hr,1
kavo.hr,1
lustre.hr,1
lutajucisesiric.com,1
lutaljka.com,1
luteriorlovic.blogger.ba,1
luun.hr,1
luxe.cominthebox.fr,1
luxury-yacht-charter.eu,1
luxurywoodenhouse.com,1
luzi.hr,1
katravel.hr,1
lvczvono.com.hr,1
lxdgnmqc.bestsnarod.com,1
lyceum.rs,1
lyricstranslate.com,1
lysoderm.ba,1
m-care.hr,1
lunos.ba,1
lunika-vina.com,1
kalesijski.ba,1
lunarentacar.hr,1
kaleidoskop.hr,1
malacgenijalac.hr,1
kalcij.hr,1
malamare.net,1
malavesla.wordpress.com,1
kajak.hr,1
maletic.eu,1
mali-brat.com,1
mali-dom.hr,1
kakonapravitiwebstranicu.com,1
malinska.holiday,1
kako-smrsaviti.com,1
kajsujelinasistari.hr,1
malleus.hr,1
kajkavci.com,1
kajjaznam.com,1
malyok.ru,1
kajgod.mojstrip.com,1
magis-cro.com,1
magic-vila.hr,1
jysk.bg,1
sanitarac.com,1
sapunistockicama.com,1
holspico.hr,1
reviews.birdeye.com,1
respekt.ba,1
restaurant-kannte.net,1
restaurantcasapedro.ro,1
restaurantearete.com,1
restoran-kristal.com,1
retkebolesti.com,1
hr.10000words.org,1
retroplov.com,1
reverto.hr,1
reviewbestbrokers.com,1
reviews.libertex.online,1
rehabartels-conjar.hr,1
hr-media.peugeot.com,1
revije.hr,1
revizije.info,1
rex.fondb92.org,1
rezidencija.hr,1
hr-kladenje.com,1
rgi.dgu.hr,1
rgo.hr,1
rhema.hr,1
ri-ing.net,1
repozitorij.more.unist.hr,1
repozitorij.mefst.unist.hr,1
repozitorij.mathos.hr,1
repozitorij.ktf-split.hr,1
hr.caryourdream.com,1
hr.cartsy-fartsy.si,1
reindustris.com,1
reiseland-tuerkei.info,1
reklam-net.hr,1
rekonektivnolecenje.com,1
hr.cardioyogafusion.com,1
relationalreflexology.space,1
hr.cantorion.org,1
hr.camei-stationery.com,1
hr.calcprofi.com,1
remarkable.events,1
remax-centar.hr,1
remax-svijetnekretnina.com,1
remedia.hr,1
remete.hr,1
remex.hr,1
remington.manymanuals.com,1
remorkeri.hr,1
renacelaverdad.com,1
hr.byeonhosa.online,1
hr-eu.net,1
ribarska-koliba-resort.business.site,1
ribicka-klet.business.site,1
reprezent.hr,1
reprezentacija.me,1
reprezentativni-sindikat.org,1
reprogramiranje.com.hr,1
hr.abuturab.org,1
hr.27wp.org,1
hr.24genetics.es,1
regionalnevesti.com,1
regata-svetiduje.com,1
savezosit.hr,1
hr.expertexpro.com,1
radnopravnost.hr,1
radoboj.hr,1
hr.europetracking.com,1
radost-zadar.hr,1
radovi.krs.hr,1
radovi2021.cuc.carnet.hr,1
radovicasokak.blogspot.com,1
radunice-zupa.org,1
hr.eubee.eu,1
rafting-vukasovic.com,1
raftrek.com,1
hr.actioncertification.org,1
hr.advisor.travel,1
ribnicka-dolina.com,1
repozitorij.vtsbj.hr,1
hpv.hr,1
resor.link,1
resetari.hr,1
resdata.eu,1
repozitorij.unios.hr,1
hr.asystems.as,1
repozitorij.pfst.unist.hr,1
hr.assmann.shop,1
hr.artrovexl.com,1
repozitorij.pmfst.unist.hr,1
repozitorij.pravo.unizg.hr,1
hr.apergo.pt,1
repozitorij.pvzg.hr,1
repozitorij.rvs.hr,1
repozitorij.sfzg.unizg.hr,1
repozitorij.sumfak.unizg.hr,1
hr.aoodtech.com,1
hr.androidgals.com,1
rerabbz.hr,1
repozitorij.veleknin.hr,1
hr.advokaty-24.ru,1
rehobot.hr,1
hr.cedeterija.com,1
holos.me,1
herald.com.hr,1
hedonista.me,1
smart-net.hr,1
smartcity.efst.hr,1
smarteducation.hr,1
smartistic.hr,1
slobih.ba,1
slo-theravada.org,1
slo-tech.com,1
slavija.proboards.com,1
skupstina.zagreb.hr,1
henry.blogger.ba,1
hr.chassevesubie.com,1
henco.aqt.hr,1
hemu.lzmk.hr,1
hemps.hr,1
sladjanaglavas.de,1
slane-sobe.hr,1
slap.com.hr,1
slatinska.stvarnost.hr,1
slatki-zalogaj.hr,1
slatkikosecer.com,1
hemeroidi.hr,1
smanjenje-stete.com,1
smallivingworld.ru,1
sm4horses.com,1
sluzbenilist.ba,1
skroz.in,1
skup2017.np-sjeverni-velebit.hr,1
skupstina.ks.gov.ba,1
sloboda-za-zivotinje.org,1
slobodamisljenja.com,1
help.bunnystudio.com,1
helmcast.rspost.info,1
helendoron.hr,1
slobodnozidarstvo.com,1
slovaci-zagreb.com,1
slovenski-rod.eu,1
slovhf.net,1
slovopres.com,1
slpcongress-hld.com,1
slpost.info,1
slthrow.info,1
sltoos.info,1
sltv.info,1
heiup.uni-heidelberg.de,1
heit-getrunken.fun,1
slusni-centar-pavlovic.hr,1
slnumber.info,1
helpguide.sony.net,1
slavonija-di.hr,1
repository.ricent.uniri.hr,1
repozitorij.bernays.hr,1
hr.bnprecords.com,1
hr.blogz-search.com,1
hr.biotihealth.com,1
hr.binaroption.com,1
hr.bhg.org.uk,1
repozitorij.ffst.unist.hr,1
hr.bergfex.com,1
hr.badgood.info,1
repozitorij.fpzg.unizg.hr,1
repozitorij.gfos.hr,1
repozitorij.kbco.hr,1
repozitorij.kbcsm.hr,1
repozitorij.kbf.unizg.hr,1
repozitorij.kif.unizg.hr,1
renta.ba,1
renault.aczadar.hr,1
regeneracija.hr,1
renatopetek.hr,1
registar.nub.ba,1
hr.chat18.sexy,1
repozitorij.algebra.hr,1
repository.efri.uniri.hr,1
help.webex.com,1
reporter.in.rs,1
help.nsoft.vision,1
help.glami.info,1
help.germaniasport.hr,1
slavulj.hr,1
slideplayer.gr,1
slidetodoc.com,1
slik3d.com,1
slikarstvoj.blogger.ba,1
slink.hr,1
hnktomislav.com,1
ho-cired.hr,1
savezsindikatars.org,1
renault.vidakovic.hr,1
rentacarin.ba,1
rentergo.com,1
hr.buyforkliftattachments.com,1
hr.buluoerlaser.com,1
repas88.com,1
replace-project.eu,1
replikart.com,1
repo.zrinski.org,1
ragum.rs,1
raguzi.org,1
railfactory.hr,1
sajamknjigapg.com,1
saltpipe.hr,1
salvushealth.com,1
sam-svoj-odvjetnik.blogspot.com,1
samobor.hss.hr,1
samobor.ofs.hr,1
horeca-adria.com,1
hor.ungurury.ru,1
hor.gurushealth.ru,1
samojedangriz.com,1
samojednamama.blogspot.com,1
saintjacob-trogir.com,1
raimpex.hr,1
ribolovnipriborolivari.blogspot.com,1
saintebible.com,1
hosteltraveler.com,1
hostel-karlovac.hr,1
ruzavjetrova.com,1
ruzmarin.hr,1
rvs.hr,1
rwa.hr,1
ryan-international.hr,1
hosta.hr,1
salter.ba,1
salonpremium.com,1
salonljepoteladydi.com,1
salonicentar.com,1
hr.dietonusnd.com,1
rdecezore.blogspot.com,1
rea-games.com,1
rea-sjever.hr,1
hpts.hr,1
ribolov.hr,1
ribolovna-oprema.com,1
sajam-automobila-zagreb.hr,1
sajicconsulting.com,1
sajkaca.rs,1
sajt.com.hr,1
sakramento.com,1
sakura.si,1
salcura.ba,1
salie.hr,1
salming.hr,1
salon-cvijeca-n.hr,1
salon-ljepote-dermabellus.com,1
salon-ljepote-ivela.hr,1
salon-svijetlana.hr,1
salonglamour.hr,1
s-ant.blogspot.com,1
hospicij-marijakozulic.hr,1
hosanafest.suboticka-biskupija.info,1
hollistermc.hr,1
sarajevograd.me,1
sarajevopanorama.com,1
holistica.ba,1
holistic-vet.hr,1
sarajevsko.ba,1
saransak.com,1
sarda.hr,1
sargorstroy.ru,1
sars-festival.com,1
sasavci.hr,1
sashakovacevictv.rsplayer.info,1
holdingcentar.zgh.hr,1
sat-amrit.com,1
sat-update.com,1
satelit-tbm.com,1
hok-gorica.hr,1
hojskinekretnine.hr,1
sattva-centar.hr,1
saturn.ffzg.hr,1
saveadriatic.com,1
hocupivo.com,1
sarajevocityoffilm.ba,1
saradjen.hr,1
s1.armyduel.com,1
sarabertic.com,1
s2.racingduel.cz,1
s4y8a94uhv7i6klp47nz.blogger.ba,1
sabolic-interijeri.hr,1
hortikultura-oaza.eu,1
horseriding-croatia.com,1
sabynaa.blogger.ba,1
safariduha1.rspost.info,1
horka.hr,1
sage-quotes.com,1
horizontvg.hr,1
horizonti.ba,1
sahcg.me,1
sahistra.eu,1
sahklube4.hr,1
sahovski-savez-medjimurje.hr,1
samonebo.eu,1
samoozdravljenje.com,1
samoperje.blogspot.com,1
samostan-cokovac.hr,1
sapunoteka.com,1
sara-robi.blogspot.com,1
rda.si,1
hr.djnews.be,1
rc-osijek.hr,1
hr.foresto.elanco.com,1
radiona-dan.blogspot.com,1
radiona.org,1
radionicafotografije.blogspot.com,1
radiopag.hr,1
hr.focgames.com,1
hr.flooringmanufacture.com,1
radiorozaje.me,1
radios.hr,1
hr.firstreporter24.com,1
radiosisak.hr,1
hr.filmesadvanced.com,1
radiosnova.com,1
radiostanica.ba,1
radiotalas.com,1
hr.feelworld.ltd,1
radis.hr,1
radisici.com,1
hr.factcool.com,1
rapunzelstar1.org,1
rasa.hr,1
rasadnik.nevenbn.com,1
radiomegaton.hr,1
hr.forex-is.com,1
realt.com.hr,1
hr.fresha.com,1
rain.ict-aac.hr,1
rainbow-flower.net,1
rajlovac3klasa.blogspot.com,1
hr.erogan-official.eu,1
rak-dojke.blogspot.com,1
rakosmentihorvatok.hu,1
rakovica.com,1
rally-croatia.com,1
hr.erofertil.eu,1
ramax.si,1
rand.hr,1
hr.eos-solutions.com,1
radnickiuniverzitet.org,1
radnica.org,1
hr.chinafootmats.com,1
radmanove-mlinice.hr,1
hr.gallerymomo.net,1
hr.gacka.de,1
radiokfor.com,1
hr.ga-script.org,1
hr.funstepshoes.com,1
hr.eggwoo.com,1
hr.dental-tribune.com,1
rc-doboj.org,1
refreshing-memory.com,1
realestate-panorama.eu,1
read.cash,1
razvojkomunikacije.eu,1
hr.ecubmaker.com,1
rastko.rs,1
rastoke.com,1
ratnidnevnik.blogger.ba,1
ravenbreg.com,1
hr.doyleairence.com,1
ravnopravno-roditeljstvo.com,1
hr.doneaxmedical.com,1
razepce.com,1
razglednica.ba,1
razum.com.hr,1
razvoj.javno-zdravlje.eu,1
hr.docs88.com,1
reactagainstsexualviolence.org,1
hr.dna-story.com,1
rb.blogger.ba,1
rbkjapod.ba,1
rc-braniteljskiproizvodi.info,1
realist.hr,1
hr.chocolate-slim.eu,1
receiveit.org,1
hr.chunkaiteam.com,1
recenzije-ba.com,1
recenzijeproizvoda.com,1
hr.dalstein-fr.eu,1
hr.daedalusonline.eu,1
hr.cz-pharma.com,1
recharge.hr,1
reciklazno-dvoriste-djakovo.eu,1
reciklazno-dvoriste.babinagreda.hr,1
reciklazno-opcina-tovarnik.hr,1
recipe.us.com,1
recount-usluge.hr,1
reculm.eu,1
redfoxlotto.com,1
redmoonthebook.co.uk,1
redox.hr,1
hr.cnbtcbox.com,1
hr.cmoapi.com,1
refeducos.com,1
refesticon.com,1
hr.cm-masks.com,1
hr.clever-ix.com,1
jobfair.fer.unizg.hr,1
meduljudski.narkive.hr,1
medus.hr.lin6.c-a.hr,1
kikmelone.hr,1
lira.si,1
lirapogrebnicentar.hr,1
lisa.ba,1
kingdom.ba,1
king-ict.hr,1
liskovacki-kamen.com,1
lismijau.blogspot.com,1
kimnatura.hr,1
listzrenjanin.com,1
kimeel.com,1
litvatrans.com,1
ljekovito.info,1
live.heraldextra.com,1
livein.hr,1
livelyroasters.coffee4me.eu,1
ljubavniromani.link,1
kerst2018.com,1
ljubescica.info,1
keraktiv.hr,1
loodafizika.blogger.ba,1
kddit.kalli.st,1
lookapik.com,1
kino2016ru.com,1
kinoeuropa.hr,1
lipanjske-zore.visici.com,1
kinorama.hr,1
ljepotaa.blogger.ba,1
keymonventures.com,1
ljetniakcelerator.croz.net,1
keyconsulting.hr,1
ljiljanasaucha.com,1
kewik.me,1
ketodietbrainfog.uno,1
ljubavni-oglasnik.com,1
kesatnet.me,1
kikici.hr,1
livevijesti.com,1
linguaecentar.hr,1
liverpoolthebest.blogger.ba,1
link-university.com,1
linker.hr,1
linkis.com,1
linkout.renault.it4biz.si,1
linkram.hr,1
linnapeadepakt.eu,1
linnovate.org,1
linuxo.org,1
lookbook.hr,1
loomen3.carnet.hr,1
kdbhpreporod.hr,1
login.hr,1
ljubuski.ba,1
kentbank.hr,1
ljuta.vodic.hr,1
ljutidolac.info,1
lloyds-design.com,1
lmkomunikacije.com,1
lms.komora-primalja.hr,1
loader.to,1
kemoplastika.hr,1
lodoli.hr,1
kemoboja.hr,1
login.weboder.net,1
lombooks.com,1
kemalhrnjic.ba,1
logopedijasarajevo.com,1
logopedski-centar-logoart.hr,1
logos.hr,1
lokalizacija.linux.hr,1
lokalna.hr,1
lokalnahrvatska.com,1
keep.eu,1
ljubimac.net,1
londonwinchesterhotel.co.uk,1
kd-kostrena.hr,1
longrichbrowntea.work,1
los-rosales.com,1
losinia.hr,1
losmerengues.blogger.ba,1
lossweightonlegs.monster,1
louisemitchell.com.au,1
louisiana.realigro.com.hr,1
kczs.ba,1
lovatoelectric.hr,1
kczagreb.hr,1
kctrebinje.com,1
love4.wedding,1
loveit-wearit.com,1
lovelyboutique.hr,1
lovemebear.eu,1
loverelationproblem.com,1
lovrak.hr,1
kcpescenica.hr,1
lovrinac.hr,1
lowrider-tattoo.com,1
lowsaltdietplan.cloud,1
loni.hr,1
kf.pwatuzla.com,1
ljekovite.blogspot.com,1
konobaskojeratrpanj.com,1
kolaci.eu,1
krila.splet.arnes.si,1
krilo.info,1
kriminaluvlasti.blogger.ba,1
kriptoimpuls.com,1
kolesterol.centarzdravlja.hr,1
kolektordigital.com,1
kristal.hr,1
kolegio.hr,1
kolar-klesarstvo.com,1
kristova-crkva.hr,1
kola-fjaka.com,1
ljekobilje.com,1
kokteli.hr,1
krizevackisport.com,1
koios.hr,1
krizevci.sdp.hr,1
kohom2020.conventuscredo.hr,1
kohom2019.conventuscredo.hr,1
krkimmo.de,1
krnet.hr,1
koha.ffzg.hr,1
kofarm.ba,1
kolporter.blogger.ba,1
krila.hr,1
krgus.home.blog,1
kpv.rs,1
konstelacije.com,1
konstruktpozega.hr,1
kontaktne-lece.net,1
kontemplacija.hr,1
kondenzatori.hr,1
konto-obad.hr,1
kontoprom.com,1
kontra.agency,1
kontraklasa.org,1
kontrapress.com,1
koogle.hr,1
komunalnostambeno.me,1
komunalnodrustvolipa.hr,1
koozmetik.rs,1
kopernik.hr,1
koprivnica-opskrba.hr,1
komunalno.ploce.hr,1
koprivnica.webmediaweb.com.hr,1
kompozit.hr,1
kpr.hr,1
kproject.eu,1
kroatenmission-solothurn.ch,1
koelnerlohnsteuerberatung.com,1
kresimirstancic.com,1
kreativnatocka.hr,1
komiza-babic.com,1
kreator.net,1
kreatorracing.com,1
lananatural.com,1
lancon.hr,1
lozen.me,1
livia.hr,1
livno.ba,1
kikachi.com,1
liznjaninfo.hr,1
kijevo.hr,1
kidsland.ba,1
kickboxingbih.ba,1
kickboxing.com.hr,1
ljekarna.info,1
ljekarna.online,1
kiber-one.hr,1
khl-srake.hr,1
ljekarne-filipovic.hr,1
ljekarne-homeosan.hr,1
kfbl.edu.ba,1
kreativnibrlog.com,1
kreativnakademia.com,1
kombi-prijevoz.org,1
kreativna-riznica.com,1
kombinat.hr,1
krapina-sped.hr,1
kpzmostar.org,1
kradljivacrecepataiideja.blogspot.com,1
krako-revizija.hr,1
krakon.eu,1
krakr.hr,1
kompozit-kemija.hr,1
kompas-travel.com,1
kraljica-mira.com.hr,1
kompare.hr,1
kraljica-mucenika.djos.hr,1
krampus.hr,1
komorars.ba,1
komorafizioterapeuta.me,1
komikaze.hr,1
krapinskozagorska.sdp.hr,1
kras.rs,1
krasotica.com,1
komiza-rudi.com,1
kreativandom.com,1
kdz.hr,1
kdv.hr,1
lokovesti.com,1
novi.uciteljneznalica.org,1
micromedia.ba,1
novena.hr,1
inputs-ufzg.hr,1
inpendio.com,1
inovatustranslations.com,1
novi-vjetar.com,1
novi-web.dzs.hr,1
novi.apuri.hr,1
inovator.patent.hr,1
inovator-sibenik.hr,1
novice-infoshop.blogspot.com,1
kdpdi.hr,1
novidan.blogger.ba,1
noviglas.info,1
noviglaspodgorice.wordpress.com,1
novigrad-podravski.hr,1
novihorizonti.info,1
inovaplast-mbh.hr,1
novine.ba,1
inovagram.hr,1
novini247.com,1
noviotok.hr,1
michigansciencecenter.net,1
michaeljackson.blogger.ba,1
lifestyleclub.blogger.ba,1
lifestyleclub.ba,1
libelula.hr,1
liber-media.hr,1
liberfin.hr,1
libertarijanska-ljevica.org,1
libm.irb.hr,1
klas.ipu.hr,1
klapakartolina.com,1
licke-novine.hr,1
kkzapad.hr,1
kkspars.com,1
kkhd.hr,1
liderke.ba,1
kkpostar.hr,1
lidija-kralj.from.hr,1
lieben-wirklich.fun,1
liesendotadegal.yctsunespragotovunraporrachanno.co,1
kkporec.com,1
kkplitvice.hr,1
lifebogger.com,1
kkmornar.bar,1
kkl.hr,1
noviplamen.wordpress.com,1
inovacije.ba,1
noviportal.com.hr,1
novaenergija.hr,1
inspirisi.me,1
novakdjokovic.com,1
inspirishime.com,1
novaladja.com,1
novaljacup.com,1
novaljevica.hr,1
novatel.si,1
insajder.net,1
novavideo.dnevnik.hr,1
novoprojekt.net,1
novosarajevo.ba,1
novosti.krs.hr,1
novosutra.hr,1
nzrh.hr,1
nzz.hr,1
o-broc.com,1
o-fer.zioc.eu,1
o-jankovci.hr,1
informerbalkan.com,1
o23.hr,1
oa.hr,1
instantly.blogger.ba,1
novac10.blogspot.com,1
noviput.rs,1
institutfrancais.ba,1
noviradiobihac.com,1
inova-car.eu,1
inmobile-accessories.hr,1
inrosstroy.ru,1
novellus-prijevodi.com,1
north-carolina.realigro.com.hr,1
novcanaoaza.com,1
nosenjebeba.com,1
nosise.com,1
not.ba,1
note.no,1
instructus.hr,1
nova-akropola.hr,1
nova-di-vrbas.ba,1
nova-oprema.hr,1
nova-raca.hr,1
nova-reklama.hr,1
nova-topola.rs.ba,1
nova.hr,1
nova.kdr.hr,1
nova.knjiznicarstvo.com.hr,1
klek.hr,1
klemmsecurity.hr,1
liasincabawinnutheatreegenessfatek.co,1
lepolice.com,1
lerotic.de,1
klesarstvo-antonio.hr,1
let-them-eat-cake.arktik.eu,1
letak-media.hr,1
klesarskaskola.hr,1
letivlastitimkrilima.com,1
lefttupataxpocep.lyowebsogendgenwavilhobetevihand.co,1
led-zarulje.com,1
lingua-art.pl,1
lectirum.hr,1
laneris.hr,1
lang.gaussbox.net,1
klubsansa.com,1
lapis-plus.com,1
laqhezjv.thegreatphyto.com,1
laraivanda.com,1
larus-pokloni.hr,1
lasbattnarposerbe.reureiranpatchcontdamrecavegekaci.co,1
laserbi.ba,1
lastdaysoutlaw.travel.blog,1
latinissime.hrstud.hr,1
lernu.net,1
lepoglava.sdp.hr,1
lavanda-racic.hr,1
klice.hr,1
lingvoforum.net,1
lingua.ba,1
landhaus-heidekrug.metro.bar,1
ledsvjetla.com,1
kliskiuskoci.hr,1
legalizacije-objekata.com,1
klipa.com,1
lekenik.hr,1
leksikon.thinking-garment.com,1
lektire.skole.hr,1
klime.energo-s.hr,1
leljak.si,1
lemanlog.hr,1
lemax.hr,1
klimacentar.com,1
lemondediplomatique.hr,1
leopard24.space,1
klikit.com.hr,1
klikerfestival.com,1
lepaisrecna.mondo.rs,1
lepen.hr,1
laurametali.hr,1
klofer.eu,1
kkz.hr,1
kk.rekord-tim.hr,1
kitteens.org,1
kistra.hr,1
kirpalsingh-teachings.org,1
kiroprakticar.ba,1
likovnaradionica.com,1
kiosk.ba,1
kinotuskanac.hr,1
lilium-dzu.ba,1
lillaalviks.se,1
limarija-papac.hr,1
limenaglazba-svmartin.hr,1
limesurvey.srce.hr,1
limex.limexcomp.com,1
lincoln-strategy.com,1
kinostvol.ru,1
linea.ba,1
lineabold.hr,1
lineaflex.hr,1
kkfortuna.hr,1
liga.hr,1
lifestyletravelwithkarla.wordpress.com,1
kk-policajac.hr,1
lika-svjetlo.hr,1
lavieblog.com,1
kkbosna.ba,1
lavor.hr,1
kljuczaknjigu.com,1
lazarev.rs,1
lazaruscoffee.hr,1
ld-srndac.hr,1
klizacki-klub-zibel.hr,1
lead.bpz.hr,1
leader.vallis-colapis.hr,1
leanstartup.hr,1
learn.youthworkhd.eu,1
learndigital.withgoogle.com,1
lecheflja.com,1
letsdoit.ba,1
letterfuel.com,1
levasport.eu,1
leykam-international.hr,1
ligaprotivrakazadar.hr,1
lightwidget.com,1
lignjolovac.com,1
kkebel.wixsite.com,1
kkd.ba,1
konferencija-restauracija.com,1
konobadol.com,1
medvedgrad.eu,1
masterjob.si,1
jung.si,1
martimex.hr,1
martinmayhew.com,1
martinturk.com,1
julijedomac.hr,1
mascushrvatska.wordpress.com,1
mashala.eu,1
mashinthebeauty.com,1
maskezamobitele.com,1
julianmoeller.dk,1
mastermusic.ba,1
jgrilla.cooking,1
matchfector.hr,1
matema.hr,1
matematika.ba,1
materada.com,1
mathrix.hr,1
matica-hrvatska-m.de,1
marketing-summit.hr,1
marketauto.ba,1
mediapro.ba,1
juricvrataiprozori.hr,1
marservis.hr,1
junger-meinentrotzdem.xyz,1
marnauheaphorettu.provelnalitinpoducampmooncampliru.co,1
marks21.info,1
jff-zagreb.hr,1
meponiheartsoftted.niepradgannecamulodifvemecbata.co,1
meraklis.hr,1
merida.efos.hr,1
meridian-apr.hr,1
jezinac.hr,1
meritus.hr,1
mesa-selimovic.blogspot.com,1
mesec.hr,1
messis.hr,1
jezicni-savjetnik.com,1
meta.miraheze.org,1
josavac.hr,1
mediaresenzaconfini.org,1
maras.hr,1
juracicskorup.com,1
jurabbz.hr,1
marketplace.magento.com,1
marko.hr,1
markobozac.com,1
junioreco.hr,1
jyotish-vedska-astrologija.com,1
marceta.hr,1
marcopolosport.net,1
juhuhu.hrt.hr,1
maticna.nsk.hr,1
maticnjakshop.com,1
mcp.gov.ba,1
mcs.hr,1
md-fashion.de,1
jprvplavavoda.ba,1
mdci.dental,1
mdf-bilten.com,1
jpparkovi-ljubuski.com,1
mdk.hr,1
jozovrkic.com,1
me.enlargedit.com,1
me.oriflame.com,1
me.propisi.net,1
me.usembassy.gov,1
med-dvemi-vodami.info,1
med-knezevic.com,1
jozobozo.com,1
medeor.hr,1
medf.untz.ba,1
joyful-kitchen.com,1
maticlinic.com,1
jurpro.hr,1
marcus-trade.hr,1
marivaturist.hr,1
mare-vivum.eu,1
mare-vrbnik.com,1
marecont.hr,1
maredecor.hr,1
jvp-virovitica.hr,1
mariavisionmedjugorje.com,1
jvp-novska.hr,1
marija.biz,1
juventina.si,1
marijanabicvic.com,1
marijapropetog.hr,1
marijaskrobo.blogspot.com,1
marina-hramina.hr,1
marina-veruda.hr,1
juventas.co.me,1
jusuf.pajevic.dk,1
marinero-gradac.com,1
justgoeco.hr,1
mariomandzukic.com,1
marita.com.hr,1
mariterm.hr,1
metal-product.hr,1
jhgfdrth.blogger.ba,1
konoba-santek.com,1
medicpro.hr,1
mediatalenti.hr,1
mediatech.click,1
medical-articles.eu,1
medicalcg.me,1
jorgverhoeven.nl,1
medicalyoga.vip,1
medicina.forum.st,1
jordan.arabsclassifieds.com,1
medicinska-mreza.hr,1
medicom-racunovodstvo.hr,1
medievalwall.com,1
menhealth.com.hr,1
mediji.net,1
joomla.alkascript.hr,1
jomologia.hr,1
medimurje-interijeri.hr,1
medimurskislatkisi.hr,1
medinsan.hr,1
mediostym.hr,1
mediteranija.hr,1
mediteranka.com,1
medivita.hr,1
joda-premium.com,1
mediasfera.rs,1
jobs.kaufland.com,1
medri.uniri.hr,1
medvednicaoutdoor.wixsite.com,1
jobclub.carpediem.hr,1
jobclub.bpz.hr,1
jna-sfrj.forumbo.net,1
medzlismostar.ba,1
medzlistuzla.ba,1
meetex.eu,1
jkuljanik.org,1
meetyourdatingpartner.com,1
mef-hr.com,1
jkcarielivne.com,1
jk-krilakvarnera.hr,1
mega-vijesti.info,1
megafon.ba,1
megalant.com,1
megaliti-hercegovina.blogspot.com,1
megalsistemi.com,1
megamixradiohvar.hr,1
megamuzika.hr,1
megashop.ba,1
megastore.hr,1
medjimurje-metali.hr,1
medjimurjemtborienteering.blogspot.com,1
medjimurska-policija.gov.hr,1
jeftinije.biz,1
mhk.hr,1
mhm-ing.hr,1
mhrr.gov.ba,1
mi3dot.org,1
miaomiao.eu,1
mibo-lens.hr,1
mic.org.rs,1
metali-mitrovic.hr,1
metalgal.hr,1
metalaccookware.com,1
mentalnitrening.com,1
mejjasu.blogger.ba,1
jjlaljek.wixsite.com,1
meksiko.com.hr,1
mekteb.izbch.ch,1
meladetect.com,1
jiuringtyczpenworlden.anourgrebenciopatenniepeachphacarde.co,1
melodija.hr,1
jistra.com,1
membership.teatime.com.hr,1
memoarijednetrudnice.blogspot.com,1
jeftini-top-proizvodi.com,1
mgu.hr,1
medjugorje-stana.com,1
jeftinoputovati.com,1
jogaobraza.eu,1
meggle.ba,1
meherbaba.eu,1
mehron.hr,1
meinte-fallen.fun,1
metalotehna.ba,1
metalplast-vn.hr,1
meteohmd.hr,1
metkovic.sdp.hr,1
jews.ba,1
metrologija.me,1
metropola.hr,1
jes.hr,1
metropolitstudio.ba,1
jeruzalem-ormoz.com,1
metss.hr,1
mevfeller.com,1
jeremijin-kutak.hr,1
meyers.de-academic.com,1
mfpu.unipu.hr,1
mft.gov.ba,1
journaldatabase.info,1
media-kljuc.ba,1
media-met.hr,1
knjizevni-krug.hr,1
lampice-ukrasi-silvijastil.com.hr,1
lanalu.hr,1
kzz-lumen.net,1
kzttk.ba,1
kwvd.de,1
kuv.hr,1
kupibrzo.hr,1
kupinovovino.com,1
kupiuvarazdinu.com,1
kupivozi.hr,1
kurier.at,1
jostgantar.com,1
knjizara.zvu.hr,1
kustoda.hr,1
knjizara.isplate.info,1
kutakzadjecu.com,1
knjiskimoljacrecenzije.wordpress.com,1
kutina.sdp.hr,1
kuvaricanatrapezu.blogspot.com,1
kvizoman.com,1
kuvings.hr,1
kuvn.ba,1
lamex.hr,1
lalicanailart.blogspot.com,1
lako.hr,1
lagurplodovimora.hr,1
knjige.at,1
labin2000.hr,1
labinstina.info,1
labirint.geof.hr,1
knjiga.nashajduk.hr,1
laboro-term.hr,1
labrulerie.eu,1
labudicaa.blogger.ba,1
lacomparacion.com,1
ladacki.blogger.ba,1
knauf.hr,1
lag-bosutskiniz.hr,1
lag-krka.hr,1
knap.hr,1
kms-prom.hr,1
klubuspesnih.com,1
lag-una.hr,1
lag-zelenitrokut.com,1
klubsupersoul.com,1
lagor.at,1
lagur-istarskisvoj.hr,1
knjigovodstvo-zadar.com,1
kuzam.net,1
knjigoljubac.ba,1
kosovija.com,1
kotacic.com,1
kotaozarakiju.com,1
kottdcomolpotkabulksanctymudedesmoi.co,1
kovinoelektra.hr,1
kozarac-mutnik.com,1
kozarac.eu,1
kozjemlijeko.com,1
kozmeticki-proizvodi.hr,1
kozmeticki-salon-catharsis.com,1
kozmeticki-salon-essenza.hr,1
kozmetickistudionice.com,1
komun.hr,1
komunalno-stolac.ba,1
kopterworx.film,1
kroger.info,1
koprivnicko-krizevacka.laburisti.com,1
konji.hr,1
konjic.live,1
konferencija.datalab.hr,1
konoba-luce.hr,1
konoba-martinac.hr,1
komunalije-novalja.hr,1
kosmopolit.blogger.ba,1
kuzma-kovacic.from.hr,1
kosarkaski-kamp.com,1
kvalitetno-ipovoljno.com,1
kvantnikod.com,1
kvarnerski-otoci.hr,1
knjigoland.ba,1
kventum.ba,1
kviz.hr,1
kockice.hr,1
kronos.hr,1
lanaranka.blogspot.com,1
kopun.hr,1
korcula.net,1
korektiv.org,1
korenineinkrila.com,1
komunalno-stari-grad.hr,1
korisnik.optimahosting.hr,1
korlat.hr,1
kornat.at,1
komunalno-knin.hr,1
korpa.ba,1
korpo.kwizard.hr,1
kortmarketi.com,1
kupaona.hr,1
knjizevnostuoku.weebly.com,1
kup-karmel.com,1
juditapalace.com,1
mazuranac.hr,1
mbholding.si,1
mbi.hr,1
mbizilj.blogspot.com,1
mbodymotion.com,1
jubpbt.com,1
mc-plus.hr,1
mc2.miraheze.org,1
mc2.ostendogroup.com,1
lra-matica.hr,1
lprd.hr,1
igramseiucim.com,1
knjiznicaosigkgora.weebly.com,1
kud-brodosplit.hr,1
kud-kamanje.hr,1
kud-preslica.hr,1
kud-repusnica.hr,1
kud-ruzahrvatska.hr,1
kud-zora.hr,1
knjiznicaosdalj.wordpress.com,1
kudelic-bedenica.hr,1
mayaloves.hr,1
maxed-first.news,1
kudsvetijuraj-draganic.hr,1
mc2.tvz.hr,1
media.cmslegal.com,1
josipamandre.com,1
medianno.com,1
mediaportal.rs,1
jubilarna.franck.eu,1
mcelit.hr,1
mcb.rs,1
mavi-cosmetics.com,1
matija-gubec.org.rs,1
matins.hr,1
jugoton.net,1
mativscarf.com,1
matko-jelkic.from.hr,1
matosevic.com,1
matrex.hr,1
matrix-worldwide.net,1
matrixweb.info,1
matthewrycroft.blogger.ba,1
judolika.com,1
juditasworld.com,1
max-moris.hr,1
kudlovrojezek.hr,1
knjiznicaosbudasevo.weebly.com,1
kumova-slama.hr,1
krunamode.hr,1
krushka.hr,1
krvavac.hr,1
krzak.hr,1
ks-kckz.hr,1
ksbu.hr,1
ksc-bihac.net,1
knockout-travel.hr,1
knjiznice.nsk.hr,1
ksc-zenica.edu.ba,1
ksc.aktiva-info.hr,1
kscbugojno.ba,1
ksg.hr,1
ksk.hr,1
ksp2go.com,1
ksv-medvescak.hr,1
knjiznicari.skole.hr,1
ktd-fuzine.hr,1
ktm.hr,1
kuca-velebita.np-sjeverni-velebit.hr,1
kuca.senoa.eu,1
kucabalansa.hr,1
knowledge4foot.eu,1
kruispunten.net,1
knjiznica.kbf.unsa.ba,1
kruh.pou.hr,1
kuiptk.ba,1
kulen-damjanovic.com,1
kulennovosel.com,1
kulenovic.ba,1
kulinaria1914.ru,1
knjiznica-novska.hr,1
kultura-i-etika.hr,1
knjiznica-krizevci.hr,1
kulturakorcula.hr,1
knjiznica-ds-garesnica.hr,1
kulturasnova.com,1
kulturaufokusu.com,1
kulturflux.com.hr,1
knjiznica-delnice.com,1
kum-prolozac.hr,1
knjiznicaosigk.weebly.com,1
kucazaodmordolovi.com,1
kod.blogger.ba,1
kucasretnihciglica.hr,1
krstarenja.hr,1
kocka-precko.com,1
www.balkanfit.com,1
www.expoauto.ba,1
exit-rock-cafe.business.site,1
grey.com.hr,1
grafik-zagreb.hr,1
superstvari.hr,1
gradzvornik.org,1
suplementi.ba,1
supplementigo.com,1
support.bizzon.com,1
support.blablacar.com,1
suncana-cipka-motivi.blogspot.com,1
sumup.hr,1
sumt.hr,1
grigori-grabovoi-education.info,1
tarot-planet.net,1
studomck.mev.hr,1
studzbor.sumfak.hr,1
stusek.si,1
stvarativoljeti.wordpress.com,1
griesson.filir.hr,1
grids.sensorysoftware.com,1
style.ba,1
styleadvisorsanya.com,1
stylezagreb.com,1
subjekt.eu,1
grafikart.hr,1
grafobiro-dominic.hr,1
supernet.hr,1
supermodelsgroup.ru,1
taskmanagement.hr,1
grad-export.hr,1
svevid.net,1
svevid.locloudhosting.net,1
support.settle.eu,1
greatwall.hr,1
sunceko.com,1
gravelight.eu,1
sunnysiders.com,1
grassroots.zone,1
super-igracke.weebly.com,1
graphprint.hr,1
superauti.com,1
grapak.hr,1
superbody.hr,1
granice.ppmhp.hr,1
superdent.hr,1
supergradjani.ba,1
granarium.hr,1
gramatika.hr,1
grakni.hr,1
grfin.t.com.hr,1
subscribepage.io,1
sumochka64.ru,1
sveoautizmu.com,1
svetabarbara-rude.hr,1
svetahrana.eu,1
svetajanaskola.wixsite.com,1
graditeljstvo.hr,1
graditeljstvo-bacurin.hr,1
graditeljski-vjestak.com,1
gradionica.info,1
sveti-metod-rab.blogspot.com,1
gradinavis.hr,1
gradina.untz.ba,1
svetiantunpula.com,1
svetiduh.ofs.hr,1
gradel.hr,1
gradecki-projekt.hr,1
svetiste-ludbreg.hr,1
gradacac.org,1
svetistesrcaisusovastudenci.info,1
svasta.hudo.com,1
gradskacistoca-drnis.hr,1
svabo-otok.hr,1
gradskimuzejnovalja.hr,1
sveokosi.com,1
svenda-tarmann-chemie.hr,1
greenvitality.hr,1
svemojeljubavi.serbianforum.info,1
subversivefestival.com,1
suche.thulb.uni-jena.de,1
sudacka-mreza.hr,1
greenika.hr,1
sudreg-podaci.pravosudje.hr,1
sugar-mandre.com,1
suggeroassistance.com,1
suhamarina.eu,1
sultanovic.net,1
summer-vacation-apartment.blogspot.com,1
greenandmore.eu,1
gradtrebinje.com,1
support.taxify.eu,1
grad-mont.hr,1
supportportal.zendesk.com,1
gradnjainvest.hr,1
gradnja.org,1
gradkosarke.org,1
svejefizika.blogger.ba,1
graditeljstvo.pgz.hr,1
svemirko.hr,1
tarot-vesna.com.hr,1
tarot-istine.com,1
supraservis.hr,1
gpgale.wordpress.com,1
svijetlidvori.hr,1
svijetnamjestaja.hr,1
svijetokonas.info,1
svijetpletenja.com,1
svijettehnike.com,1
svijetvode.com,1
svirecepti.info,1
gpp2020.eu,1
svizajedno.eu,1
gpj.ba,1
gozuco.com,1
tarot-centar.net,1
govorimoorakupluca.com,1
svjetlish.com,1
svjetlo-dunjaluka.com,1
svjetloistinsko.blogspot.com,1
gorjani.hr,1
goricam.com,1
tachospeed.com.hr,1
taekwondo-osvit.hr,1
tauchsafari-wracksafari.de,1
taurus-info.com,1
gpzagorje.hr,1
gr8devops.com,1
svijet-zastite.hr,1
svijet-tisine.hr,1
szuzp.ba,1
szz-zzh.ba,1
gornjivakuf.com,1
szzg.unizg.hr,1
szzksbsbk.com.ba,1
szztk.ba,1
szzz.hr,1
t1d-event.org,1
taban.eu,1
tabootoys.com.hr,1
gosponfulir.com,1
svjetlost.ba,1
studiranjeunjemackoj.blog.ba,1
gov.cityofangels-roleplay.com,1
svezasport.hr,1
svezavjencanja.com,1
svezivoinfo.blogger.ba,1
sveznalica.zvu.hr,1
gracija.me,1
gracanicki.ba,1
svijet-medija.hr,1
tax-academy.net.efzg.hr,1
taxedu.campaign.europa.eu,1
taxiboathvar.com,1
tata.emanuelblagonic.com,1
taekwondo-zg-dubrava.hr,1
taekwondo.com.hr,1
taekwondomonter.hr,1
taffylilly.hr,1
tahograf.wordpress.com,1
tajanastakic.fullbusiness.com,1
tajnikskole.blog,1
gordanamisicduoasone.from.hr,1
takemehome.hr,1
taktika.hr,1
talijanistika.unizd.hr,1
tamaris-zadar.com.hr,1
tandem.hr,1
tasteofcroatia.org,1
gorazde.ba,1
tankster.io,1
tapess.hr,1
tapkanje.eu,1
tarantula.ba,1
tariff.cc,1
tarikhaveric.com,1
tamburaclubzagreb.com,1
goo.hr,1
taxidubrovnikairport.com,1
tatu.us,1
taxinonstop.hr,1
taxiotokmurter.com,1
taxiplavidubrovnik.com,1
taxitrogir.com,1
tazovod.ru,1
tb-instal.hr,1
tccroatia.hr,1
tdr.hr,1
tea-pharia.hr,1
teachers.ffst.hr,1
teachfromanywhere.google,1
teainneworleans.pw,1
teamextension.me,1
teatarnaranca.hr,1
teatro.com.hr,1
teatroman.hr,1
teb-css.hr,1
tecgradnja.hr,1
techmann.ba,1
technology.unizg.hr,1
golubs.info,1
supranet.hr,1
gradsuncatrebinje.com,1
fmc.org.rs,1
www.abc-interijer.hr,1
finvestcorp.hr,1
www.7binaryoptions.com,1
finmartrade.hr,1
www.90-daychallenge.com,1
finestvari.hr,1
finestra.hr,1
fimaplus.com,1
findessa.live,1
www.abakus-servis.hr,1
www.abbvie.com,1
www.abccosmetic.ba,1
www.adora.hr,1
www.abcdjeca.com,1
www.about-time.in,1
financedocbox.com,1
www.absacciai.com,1
www.ac-group.hr,1
www.accredo-travel.hr,1
www.acdcservis.hr,1
wiki.creativecommons.org,1
five.agency,1
www.adriaticluxuryhotels.com,1
www.500affiliates.com,1
www.4zida.ba,1
firmax.hr,1
www.4lookstore.com,1
www.adplastik.hr,1
www.adria-bonus.com,1
www.adria-corporate.com,1
filmovionline.rs,1
www.adriabike.hr,1
filmovi.hr,1
www.adriamedia.hr,1
www.adriana-cavtat.com,1
www.adriana-immobilien.com,1
filmomanija.blogger.ba,1
www.adriaoil.hr,1
filmfestivaldorf.com,1
www.adriatic-group.com,1
www.adriatica-nekretnine.hr,1
filteri.com.hr,1
www.acord-sped.hr,1
www.aco.hr,1
www.a-minimal.hr,1
www.4boje.hr,1
firmo.hr,1
www.4d.hr,1
floriangodler.hr,1
vuv.hr,1
floranita.hr,1
waystogainweight.com,1
vulpid.hr,1
fixthephoto.com,1
vulkan-djakovo.hr,1
vrtnicentar-zapresic.com,1
vrucehladno.hr,1
vrum.hr,1
vsig.hr,1
vsmbd.org,1
fmrsp.gov.ba,1
vstim-konjic.ba,1
fmpvs.gov.ba,1
fmpik.gov.ba,1
fmon.gov.ba,1
fmlc.com.hr,1
vtr.istra-istria.hr,1
fmks.gov.ba,1
fmg-sb.com,1
fmeri.gov.ba,1
vuglec-breg.hr,1
vugrinec.hr,1
vuk-sri-chess.hr,1
floranova.ba,1
wayback.webarchiv.cz,1
floralis.hr,1
waveskomunikacije.hr,1
vw-petrovic.co.rs,1
vz-osijek.hr,1
vzg-jastrebarsko.hr,1
vzg.vatrogasci-kutina.hr,1
vzgs.hr,1
vzob.hr,1
vzohs.hr,1
vzvdev.shop,1
flora.prirodoslovna.hr,1
flexomercorligasireserlihati.xyz,1
waba-league.com,1
walkfordreams.co.uk,1
flexirent.hr,1
wanderingsoflight.net,1
wanderlust-ganopa.com,1
flatservis.com,1
wap.pink.rs,1
warenzweite.fun,1
warmies.hr,1
waterfront-bargains.com,1
watermanresorts.com,1
filmskapocetnica.restarted.hr,1
www.adk.hr,1
surfmania.net,1
fitathleticbody.com,1
woolcarpet.eu,1
worldclass.hr,1
worldskillscroatia.hr,1
worldspaceweek.hr,1
worldwide-chess.com,1
wowfactor.hr,1
ws24.ws,1
wwecredits.club,1
www-b2x.grohe.hr,1
www-de.cadenas.de,1
fitandmorenow.com,1
filmskemutacije.com,1
www.011info.com,1
www.100al.hr,1
www.100s.cro-w.com,1
www.123dizajn.com,1
www.12puan.com,1
fisshop.ba,1
www.1921-2021.at,1
www.1ainternet.hr,1
www.2014.krt.com.hr,1
fiskalneblagajne.info,1
www.artistika.si,1
uocristoforium.hr,1
uo-raffaello-kuca-kratohvil.hr,1
sv-nedelja.hr,1
surgicals.ru,1
susaksusak.com,1
susret.net,1
susretzborova.arsmusica.hr,1
sutalo.hr,1
suton.ba,1
suvenir-arbor.hr,1
suvlin.ffzg.hr,1
suvremenouciliste.hr,1
sva-lica-platka.eu,1
gradski.ba,1
suza-tb.hr,1
suza.fer.hr,1
suza.hr,1
suzanarose.hr,1
suzavac.hr,1
suzuki-boras.ba,1
suzuki-split.hr,1
suzuki.yolasite.com,1
gradskakavanaumag.com,1
sv-lovre.com,1
firstclassmurter.com,1
www.2d3dstudio.hr,1
www.2fgstudio.hr,1
fitosbetter.com,1
wohnen-fallen.fun,1
womancomm.club,1
fitoaromaterapija.com,1
womenridersworldrelay.com,1
fitnesstrener.com,1
woodcodissamahin.comruinomodevemudsoifritenethres.info,1
woodenhousevukelic.com,1
woodlandstewardseries.com,1
www.3dprintaj.com,1
www.3m.co.rs,1
www.3way.si,1
www.3zmaj.hr,1
www.actnow.hr,1
filo.hr,1
www.acuvue-croatia.com,1
filmsvima.com,1
www.ad-beskraj.hr,1
filmskimaraton.com,1
www.addbloglink.com,1
filmski.net,1
www.adecco.hr,1
fitopromet.hr,1
wmd.hosting,1
www.365ris.hr,1
wk-industrietechnik.com,1
www.3dadizajn.hr,1
www.3dart.hr,1
work-ing.hr,1
woofmat.com.hr,1
wiiw.ac.at,1
woof.ba,1
wiki.freecadweb.org,1
wiki.srce.hr,1
wildcroatia.net,1
wimax.hr,1
windayshr.azurewebsites.net,1
winehill.eu,1
winesofdalmatia.eu,1
wing77.com,1
fitpass.ba,1
winwin-group.com,1
wiraufvir.com,1
wise.hu,1
wisemusicwien.com,1
wissenschaftkommuniziert.wordpress.com,1
wizzair.com,1
gornjivakuf19921994.blogger.ba,1
szp.gov.me,1
gosdptuzla.ba,1
golfsplit.hr,1
geodezija-stepan.hr,1
geocentar.com,1
geo-gauss.hr,1
tzg-krapina.hr,1
tzgng.hr,1
tzgzlatar.hr,1
tzkolan-mandre.com,1
tzmatulji.hr,1
genije.hrclubs.info,1
genetherapy.isth.org,1
techtoday.lenovo.com,1
udica-ogulin.hr,1
techteningluakarlumarrifusupatribb.co,1
stercoratio.hr,1
stickerei-matex.at,1
stihnaasfaltu.rs,1
stihovi.org,1
stijena.com,1
stil-interijeri.hr,1
gunjanska-cistoca.hr,1
stillband.net,1
stilles.hr,1
geografija.unizd.hr,1
tz.opcina-erdut.hr,1
tzo-kostrena.hr,1
tz-vrbovec.hr,1
udnz.hr,1
udomiteljizadjecu.hr,1
udomiteljstvo.kzz.hr,1
gdpr-2018.hr,1
udruga-bolje-sutra.hr,1
tzp-kupa.hr,1
tzosbarzup.hr,1
generation-p.org,1
tz-visnjan.hr,1
tz-babinagreda.hr,1
tz-barban.hr,1
tz-bilice.hr,1
geoparkrab.com,1
geologija.ba,1
tz-kneginec.hr,1
geokon.hr,1
tz-marina.hr,1
geois.hr,1
tz-otocac.hr,1
tz-perusic.hr,1
tz-vinkovci.hr,1
gumroad.com,1
gumiimpex.hr,1
stipe.predanic.com,1
start-it.com.hr,1
startcbd.eu,1
starter.ba,1
gymlab.hr,1
startupfactory.zicer.hr,1
static.happytv.tv,1
gvardiol.weebly.com,1
static1.slobodnalika.com,1
statistika.narkive.hr,1
stav.cenzura.hr,1
stav.hr,1
stayconnected.in2.eu,1
gusinje-plav.com,1
stbinarius.blogspot.com,1
stecak.ba,1
stechaccelerator.com,1
stedimo.com,1
steelartmostar.com,1
stefiengelvitez.com,1
steklarna-rogaska.si,1
stem.bioteka.hr,1
step-kvaliteta.hr,1
gypsarap.blogger.ba,1
starngage.com,1
stipendije.ffzg.unizg.hr,1
gzk.hr,1
stipendije.kckzz.hr,1
stiprijeka.com,1
stitnjaca.eu,1
stivtrade.hr,1
gumicentar-puh.hr,1
stk-merix.hr,1
stk-velikagorica-stanfar.hr,1
stksamobor.hr,1
stocitas.org,1
stock-solution.de,1
stolac.gov.ba,1
stolarija-rea.hr,1
stolarija-tom.hr,1
stoljeceeuropskogantifasizma.ipd-ssi.hr,1
guinot.alerion.hr,1
stereo-karavan.blogspot.com,1
gurmansb.com,1
stari.tivat.travel,1
step.edu.ba,1
h-metal.hr,1
stariweb.mef.hr,1
udisb.hr,1
gdprkonferencija.hr,1
szgk.hr,1
gestalt-drustvo.hr,1
getosrbija.wordpress.com,1
geticon.hr,1
tuzlaspiegel.ba,1
tvautomagazin.hr,1
tvexposed.net,1
tvin.hr,1
tvinemania.rs,1
getbybus.com,1
get.adobe.com,1
tvojdom.hr,1
tvojmagazin.com,1
gea.si,1
tvojrojstnidan.si,1
gesha.co,1
geronimo.hr,1
germanydfb.blogger.ba,1
tvrtka.lidl.hr,1
germanistika.ffzg.unizg.hr,1
geoubih.ba,1
turizamliznjan.hr,1
turizam.primjena.com,1
udruga-brod.hr,1
tuzilastvobih.gov.ba,1
tuttosutozzi.com,1
tutinskenovine.com,1
tus-st.hr,1
unceasinglypray.org,1
gamatrgovina.hr,1
galopdigital.com,1
umjetnostrijeci.ffzg.unizg.hr,1
galerijarl.com,1
galerijaporec.hr,1
umr-eme.org,1
umsit-bl.com,1
umt-sdz.hr,1
una-aquarius.com,1
unalagrimaenmisojos.blogger.ba,1
unascarlenicri.drivmaylycharmavenleresincnokeepdy.co,1
unbranded.hr,1
udruga-dodir-prirode.hr,1
gdjeizaci.ba,1
trgovina-figura.si,1
turizam2019.apriori.ba,1
turizamvukovar.hr,1
turk-tekstil.hr,1
turprizpro.ru,1
turski-film.com,1
ghbalance.com,1
tri-m.hr,1
triatlonklubvarazdin.hr,1
turizam-smz.hr,1
georg.hr,1
txtv.ba,1
geopazenica.com.ba,1
tzp4rijeke.hr,1
tzstaranovalja.hr,1
uaba-otoka-krka.hr,1
uancg.me,1
general-logistic.ba,1
uberiovo.hr,1
genealozi.hr,1
gen.hr,1
ucenicki-dom-og.hr,1
ucenicki-dom-podmurvice.hr,1
ucenickidom-karlovac.hr,1
gelender.hr,1
uciliste-eduka-savjet.hr,1
geisterkuesse.hr,1
ged.ba,1
geckohrm.com,1
ucilisterab.hr,1
udajemse.ba,1
twoifbyteamugs.club,1
turizam-kutina.hr,1
gimpoz.hr,1
turisticki-vodici-psz.hr,1
gimnazija.org.rs,1
gimnazija-treca-os.skole.hr,1
gimnazija-peta-vnazor-st.skole.hr,1
gimnazija-ljubuski.com,1
trogir-apartments.com,1
gimnazija-ekumicica-opatija.skole.hr,1
tropic.ba,1
trosilica.info,1
trupina.hr,1
trustservices.swisscom.com,1
gimbee.hr,1
ts-seminari.hr,1
ts625317v031.moji.oblaci.rs,1
tsadp.volvotrucks.com,1
gillian.blogger.ba,1
ttt.hr,1
tulasi.blogger.ba,1
tunein.com,1
turbina-promjena.hr,1
turboportal.ba,1
turbos.hr,1
stolnoteniski-savez-pgz.hr,1
stomatologijaristic.com,1
stomatoloska-ordinacija-majdak.hr,1
stambeno-komunalno.hr,1
stadiontusanj.ba,1
staffaugmentation.me,1
staging.aglomeracija-pitomaca.com.hr,1
staging.com.hr,1
staging.wingwave.com,1
staimanovo.com,1
stajdohar.com,1
haak-mladost.com,1
staklodesign.hr,1
stambeno-gospodarstvo-makarska.hr,1
ha-nlp.com,1
ston.hr,1
stan-gradnja.com,1
standard.ba,1
stanic.com,1
stanici.net,1
stankovci.hr,1
stanograd.hr,1
stanovi-vodice.com,1
h2-shop.com,1
stanovnistvo.population.city,1
staplerschein-oesterreich.at,1
st.tenisliga.com,1
st.nashajduk.hr,1
ss-amkaramaneo-vis.skole.hr,1
harite-argan.hr,1
sportskapiramida.hr,1
sportskazajednica-vtc.hr,1
sportske-kladionice.com,1
hbstan.hr,1
sportskeigre.hr,1
sportski-marketing.hr,1
sportski-muzej.hr,1
sportski.club,1
sportskisaveztesanj.ba,1
hbps.hr,1
sportsuplementi.ba,1
sportu-toulouse.com,1
spotmall.hr,1
sps.gov.ba,1
spu.ba,1
spz.hr,1
havo-dizajn.hr,1
sr.bookmate.com,1
sr.globalvoices.org,1
harjac.com,1
srpskidnevnik.com,1
stara-stala.com,1
stara.dominikanke.org,1
starabaranja.com,1
sskranjcevic.hr,1
sso.telekomcloud.hr,1
ssoft.ba,1
hadzicelvira.wordpress.com,1
sssg.hr,1
studiovitalis.hr,1
studiozadizajn.hr,1
studiram-vani.eu,1
gosupernova.co,1
svpetarusumi.hr,1
sweetcornerjasenka.wordpress.com,1
sweetyandspicy.com,1
swipe.hr,1
gospodarenjeotpadom.rijeka.hr,1
swoodsn.com,1
sws.spartoo.com.hr,1
symblogia.wordpress.com,1
gospapojisanglazba.blogspot.com,1
sync.ba,1
synopen.com.hr,1
gospapojisan.blogspot.com,1
systema.hr,1
ssm.hr,1
hajricprom.com,1
had.org.rs,1
haksesvete.hr,1
hadeethenc.com,1
ssvoonkusk.ba,1
ss-policijska-skola-zg.skole.hr,1
ss-bedekovcina.skole.hr,1
ss-bracaradic-kastelstafilicnehaj.skole.hr,1
ss-drasmajlovic-zg.skole.hr,1
hareom.hr,1
happysweetkitchen.blogspot.com,1
happy-tree.hr,1
ss-ilok.skole.hr,1
ss-ilucica-trogir.skole.hr,1
ss-konjscina.skole.hr,1
ss-medicinska-ri.skole.hr,1
haok-mladost.hr,1
ss-novska.hr,1
hamowa-hidro-tpk.hr,1
ssszgzup.hr,1
hamelj.com,1
ss-tehnicka-si.skole.hr,1
ss-tehnicka-vt.skole.hr,1
halubajska-zora.hr,1
hcgdietfoodlist.monster,1
sports.global-article.ws,1
hck-istra.hr,1
studiomix.hr,1
grijalice.com.hr,1
studiosmijeha.hr,1
strucnjak-znr.zirs.hr,1
strsljen.org,1
strojna-obrada.hr,1
gtgvinkovci.hr,1
stop-nasilju.com,1
stopalienabductions.wordpress.com,1
stopsekularizam.vigilare.org,1
store.brewtiga.hr,1
store.com.hr,1
store.danfoss.com,1
storestil.com,1
gugabaga.com,1
storybuilder.jumpstart.ge,1
storyline.hr,1
stosinatflirridekefedtethenesspo.co,1
gtsurgeons.com,1
gta5.tv,1
strka.hr,1
stranica.gimnazijamostar.ba,1
studioplank-zagreb.com,1
studiomaraton.com,1
strategy2050.kz,1
grkokatolicki-casoslov.hr,1
strujic-s.hr,1
gsbrotnjo.ba,1
gruppiextra.hu,1
grupniseks.net,1
grunt-nekretnine.hr,1
studenci.hr,1
student.veleri.hr,1
studentski-pastoral.com,1
grubisnopolje.hr,1
studentskiposlovi.com,1
grubin.hr,1
grsic-buric.com,1
studij-gastronomije.com,1
groznjan-grisignana.hr,1
studijo.co,1
studio-faber.com,1
studio-trade.hr,1
studio3lhd.hr,1
studioarx.hr,1
studiobeluga.com,1
studiobobi.com,1
straniceisoftver.com,1
stratis.ba,1
sportnet.hr,1
srebrnidelfin2.blogger.ba,1
srednjastrucna-bar.me,1
srednjeskole.edukacija.rs,1
sremccica.com,1
sretan-dan.hr,1
sretan-rodendan.com,1
sretandan.wixsite.com,1
harmony-dance.hr,1
sretnodijete.com.hr,1
srijem.info,1
srk-varazdin.hr,1
srnar.hr,1
srokacompany.com,1
harley-davidson-zagreb.hr,1
srazlogom-bozenarazlog.hr,1
sr.wikinews.org,1
starasava.hr,1
sr.m.wikipedia.org,1
sportivo.hr,1
sportkorcula.com,1
sportmakarska.com,1
sportmar.hr,1
hasib-musinbegovic.com,1
srebrenik.today,1
gsv.socijalno-partnerstvo.hr,1
srebrenica.gov.ba,1
strazarni-lopov.blogspot.com,1
street-warrior.ru,1
strelcibalkana.com,1
stressless.ba,1
strigova.info,1
stripi.si,1
gsnk-mladost.hr,1
starigrad-paklenica.com,1
h.elcon.hr,1
technostore.hr,1
sr.wikisource.org,1
srb.neoslavonic.org,1
hasp-psihologijasporta.hr,1
srcegrada.me,1
srcegradaosijeka.hr,1
haskap.club,1
srcezaukrajinu.org,1
hask.hr,1
srd-ozalj.hr,1
srd-pescenica.hr,1
srdjanhulak.com,1
vuka-osijek.hr,1
flyingpigment.com,1
ultrazvuk-gastroenterologija.hr,1
fujinon.fujifilm.typoiii.eu,1
vadis-spb.ru,1
vaccination-info.eu,1
ftw.rs,1
ustedite.ba,1
usu.kz,1
usun-hr.com,1
utemeljitelji.hdz.hr,1
uter-utrius.hr,1
uti-ilo.hr,1
utirus.hr,1
utjesitelj.com,1
vakcine.ba,1
utva.hr,1
uucyc4u.com,1
uusr-sbk.ba,1
uvijekvjerni.info,1
vacanzeinfo.com,1
uvjerenja.biguacademy.net,1
uvready.hr,1
uvtgb-kune.hr,1
fsre.sum.ba,1
uzbrdo.ndcosijek.hr,1
vadis.hr,1
fresenius.hr,1
vasbazen.hr,1
freshglutenfree.net,1
valpovacka-nezavisna-lista.com,1
frizerski-salon-w.hr,1
vamp.com.hr,1
vanado.hr,1
vandacizmek.com,1
vandalshop.hr,1
frisa.ba,1
vanjakovacevic.com,1
vankina2-10.com,1
frim.hr,1
frigus-pula.hr,1
varazdin2020.eu,1
varazdinsko-povrce.hr,1
vares-bobovac.com,1
vares.info,1
vargon.hr,1
variconis-reviews.com,1
vark-learn.com,1
varljiv.org,1
varos.hr,1
varta-consumer-helps.com,1
uzbunjivaci.com,1
fsre.ba,1
uzene.ba,1
volonturizam.info,1
voteeurope.interelgroup.com,1
formula-xxl.hr,1
voxpopuli.edubrovnik.hr,1
vozaj.com,1
vozila.net,1
vozilica.hr,1
vp.vatrogasci-kutina.hr,1
formatstudio.hr,1
vratisinec.hr,1
forum.azvo.hr,1
voice.hrt.hr,1
fotoklubrijeka.hr,1
vogoscanin.blogspot.com,1
forum.fotosofia.info,1
vlada.ks.gov.ba,1
vladatk.gov.ba,1
vladausk.ba,1
forum.ffa.hr,1
vladimirnazor.edu.ba,1
vladimirnazor.se,1
vladix.net,1
fornax-automatika.hr,1
volonterski.oppidum.hr,1
frontispis.com,1
volonteri.parkovihrvatske.hr,1
fronta.ba,1
froc.hr,1
uzp-kutina.hr,1
viktorijaknezevic.com,1
vilenjak.blogger.ba,1
vili-pirovac.com,1
vojna-povijest.blogspot.com,1
vojtek.hr,1
vokel.com,1
voladm.ru,1
forum-l2utopia.ru,1
volf-prom.hr,1
forum-irt.si,1
volim-mlijeko.hr,1
fortislabor.hr,1
volimjezike.com,1
fortis-projekt.hr,1
volimpivo.ba,1
fortesplus.hr,1
volino.hr,1
fornax-informatika.hr,1
valdent.hr,1
vaic.hr,1
vlasenica24.info,1
ured.markojovanovac.com,1
vicevi-plavuse.blogspot.com,1
framapojisan.blogspot.com,1
vicevi.in,1
vicevi.net,1
vicevimujoihaso.blogspot.com,1
viceviplavuse.blogspot.com,1
victory.com.hr,1
vatra.fesb.hr,1
vasodmor.ba,1
focak.iz.rs,1
uredzastupnika.gov.hr,1
ustanovaciraz.hr,1
uriho.hr,1
uriroyal.hr,1
urkpk.org,1
urocentar.hr,1
urz.crolarper.com,1
us2.campaign-archive.com,1
us9.campaign-archive.com,1
furgorent.hr,1
usamljenosrce.blogger.ba,1
funkcija-13.hr,1
viatica-travel.hr,1
viasathistory.com.hr,1
viaf.org,1
franc-mont.hr,1
vikpg.me,1
fototeh.hr,1
vidastudio.si,1
vidam.hr,1
vidacommerc.eu,1
vgcistoca.hr,1
franjevacki-samostan-vukovar.hr,1
vestinove.org,1
vestiointernetupoznavanju.info,1
vet-praksa-bojanic.com,1
vet.hr,1
franjevacki-institut.hr,1
franjevackateologija.ba,1
franeherenda.com,1
francuzevic.getbybus.com,1
vetiva.hr,1
vetos.hr,1
vfxserbia.com,1
vgg.hr,1
victus-nekretnine.com,1
francek55.com,1
usersite.datalab.eu,1
usgpl.hr,1
usjp-roda.com.hr,1
up-most.blogspot.com,1
upgrade.hr,1
fzsinj.org,1
upit-os.hr,1
uplife.rs,1
upotrijebi-ponovno.zaljepsunasu.hr,1
upoznajmo-bibliju.com,1
upoznavanje.org,1
fzofbih.org.ba,1
upravnaskolazagreb.hr,1
upravnopravo.blog,1
uprirodijelek.com,1
ups-fesb.hr,1
uptz.hr,1
upuh.hr,1
uputstva.org,1
ura.org.me,1
uragan.hr,1
uralady.ru,1
ustanova-smokrovic.com,1
ustanova-vita.hr,1
fulir.irb.hr,1
updatepool.timocom.com,1
fzzz.ba,1
usluga-pakrac.hr,1
gaa.mhz.hr,1
uslugazauslugu.com,1
usluge.ict-aac.hr,1
uslugica.com,1
usm2013.se,1
funbaby.hr,1
usora.com,1
usosweb.uw.edu.pl,1
uspdr-orao.hr,1
funart.hr,1
uss.hr,1
fullbusiness.com,1
usspa.hr,1
ured.permakultura.org,1
ured-ravnopravnost.hr,1
vaskularnahirurgija.me,1
ured-novosel.hr,1
uong.hr,1
uoo-maturaplus.hr,1
gacina-adriaticcharter.hr,1
uos.hr,1
uosibenik.hr,1
vlakovi.blogspot.com,1
vm2-cosmetics.com,1
florio-haemo.com,1
vinamusizza.hr,1
villasborghetto.com,1
villasujevicmotovunistra.com,1
villavistra.com,1
vima.hr,1
vimeo.com,1
vin.ipng.hr,1
vina-duvancic.hr,1
vina-jakac.hr,1
vinabacac.hr,1
vinabenazic.com,1
virtus-dizajn.com,1
forzainterforums.com,1
vis-weddings.com,1
vkjadransplit.hr,1
visegradturizam.com,1
viva-net.hr,1
viva.hr,1
vivainfo.hr,1
vivere-otium.hr,1
vivien-project.eu,1
forum.moscroatia.com,1
viziri.hr,1
villasamba.com.hr,1
vinarija-buntic.com,1
villaloredana.hr,1
villadubravka.com,1
forwww.lymphedemapeople.com,1
forums.pcsx2.net,1
forumi.siol.net,1
forum.yu3ma.net,1
virtualna-izlozba.mimara.hr,1
virtualno.hkdrustvo.hr,1
vinkovackikarneval.hr,1
fotografiabodahuelva.es,1
vinarija-trs.com,1
villagreenframe.com,1
fotoklub.oppidum.hr,1
villa-annette.com,1
villa-dm.com,1
villa-giovanni.com,1
villa-inge.eu,1
villa-mala-porec.com,1
villa-nil.com,1
villa-octo.com,1
villa-raste.com,1
villa-ruza.eu,1
villa-vizula.com,1
vizz.gkc-pula.hr,1
forum.malivlakovi.com.hr,1
vjencanja.com.hr,1
visitdugopolje.com,1
forum.topeleven.com,1
forum.titlovi.com,1
visitkupres.com,1
visitlovran.com,1
forum.srpskinacionalisti.com,1
forum.srpskijezickiatelje.com,1
visitorebic-croatia.hr,1
visitrijeka.hr,1
vitamind.conventuscredo.hr,1
forum.sivackidrum.net,1
visitselca.com,1
forum.shz.hr,1
visitvares.com,1
visitviskovo.hr,1
visitvrlika.com,1
forum.roboforex.com,1
visokarazina.hr,1
vispak.ba,1
vitafitness.hr,1
vitakraft.hr,1
vitalis.ba,1
forum.trancepleme.com,1
visitdubrovnik.hr,1
vjencanja.covermagazin.com,1
forum.ubik.hr,1
forum.malezeljeznice.net,1
forum.maiden-world.com,1
vjeraisvjetlo.hr,1
forum.joomla.org,1
vjernizdravlju.adiva.hr,1
forum.idividi.com.mk,1
vjeronauk.hr,1
vjeronauk.hublin.net,1
forum.hrvatski-hosting.com,1
vjeruj.com,1
vjesnik.djos.hr,1
forum.hoplon.hr,1
vjezbanje.com,1
vk-djakovo.hr,1
forum.hondaclub.hr,1
vk-jarun.hr,1
forum.nasa-lika.com,1
vitaskin-cosmetics.com,1
forum.plemena.com.hr,1
forum.soulsaver.hr,1
visit-vodice.com,1
virkom.com.hr,1
virga.hr,1
vmfinance.hr,1
vrtic-tatjanemarinic.zagreb.hr,1
fondacija.vares.info,1
fond55.org,1
vrtic-olgaban-pazin.hr,1
fond-vukovar.hr,1
vrtic-pcelica-cazma.hr,1
folkoteka.org,1
vrtic-sareni-leptiric.hr,1
vrtic-smjesko.hr,1
folapoezija.blogger.ba,1
vrtic-suncana.zagreb.hr,1
vrtic-tresnjevka.zagreb.hr,1
fosmedia.me,1
fokusnabitno.com,1
fokuskontrol.hr,1
fokeesmenahacer.sencorisabfiminnugabalabira.co,1
fojnica.net,1
vrtic.dubrovackoprimorje.hr,1
vrtic.kblj.hr,1
fojnica.ba,1
fodig.hgd1952.hr,1
focus.ba,1
fonss.org,1
fondbosnjaci.co.ba,1
fondbtvrtkovic.hr,1
vrtic-marjan.hr,1
fonet.ffzg.unizg.hr,1
vmkomm.hu,1
vnm.rijeka.hr,1
vocabuli.hr,1
vocalcare.app,1
voda-swiss.hr,1
vodice-boats.com,1
vodneusluge-bj.hr,1
vodo-term.hr,1
vodoinstalacija.hr,1
forum.ceskedalnice.cz,1
vodokom.ba,1
vodotoranj.hr,1
vodovod-montaza.hr,1
vodovodsu.rs,1
vogon.hr,1
vrbanec.com,1
formatc.hr,1
vrbnik.hr,1
vrbnikmusiccamp.com,1
vrtic-koko.hr,1
fonogram.org,1
foo.hr,1
food.harmony.hr,1
forfive.ba,1
footbal.blogger.ba,1
vksolaris.hr,1
vkmornar-brodospas.hr,1
vkkrka.hr,1
virutalreality.blogger.ba,1
vinoartis.hr,1
fotoart.hr,1
vinogradi-volarevic.hr,1
foto.puzzle-shop.com.hr,1
vinovac.eu,1
foto-studio-c.hr,1
vinski-vial.hr,1
vintesa.hr,1
vinum.hr,1
vinumsanum.iptpo.hr,1
violeta.com,1
viozcv.hr,1
vip-komunikacije.hr,1
vipro-nekretnine.hr,1
fot-o-grafiti.hr,1
vipsexvault.com,1
viralnevijesti.site,1
foodietrend.com,1
football-over.ucoz.ru,1
vrboska.info,1
forcadigitalagency.com,1
vrbovac.com,1
form.hr,1
vrelej.hr,1
vremenskalinija.me,1
vrhovine.hr,1
vrijednostzene.com,1
forkingcroatia.blogspot.com,1
vrijemena2kotaca.com,1
vrilo-mudrosti.hr,1
vrisak.com,1
vrisak.vbz.hr,1
vrsackakula.rs,1
foodbook.me,1
vrsaninmedia.com,1
vrt-bj.hr,1
vrt-iz-snova.blogspot.com,1
forever.belosa.co,1
forestflow.eu,1
ford.hr,1
vrtic-baltazar.com,1
vrtic-bubamara-kneginec.hr,1
vikom.tv,1
vikler.hr,1
viking.hr,1
farmabih.ba,1
www.anita-akmadza.de,1
www.anitamartinac.com,1
www.apartment-pakostane.com,1
www.apartmentinstantbooking.com,1
www.apartments-erika-cres.ri-web.org,1
www.apartments-nemcic.com,1
www.arenahospitalitygroup.com,1
www.areola-nekretnine.com,1
faros.zbors.com,1
www.arert.eu,1
www.arhitekt.unizg.hr,1
www.amedea.si,1
www.arhitekti.hr,1
www.arhitektura.hr,1
www.arhiv.vlada-hnz-k.ba,1
www.arhiva.ponoshrvatske.hr,1
www.arhivsa.ba,1
www.arijana-apartmani.com,1
farma-gljiva.com,1
www.aristonproballet.com,1
www.arkadafloors.com,1
fantfantasticno.podravka.hr,1
fcjp.ba,1
www.animaidea.hr,1
fcorel.ru,1
www.angelus-art.net,1
www.amgen.hr,1
www.aminess.com,1
www.amorevera.hr,1
www.amostravel.rs,1
www.amricijus.com,1
www.amsbih.ba,1
www.amtest-smt.com,1
www.amzh.hr,1
www.anakrleza.com,1
www.analitika.ba,1
www.analyticom.de,1
www.anamatoric.com,1
www.anas.com.hr,1
febs-iubmb-2008.org,1
www.andivi.eu,1
fearlesslycreativemammas.com,1
feal.ba,1
www.andreas-krieger-story.org,1
fdocument.org,1
www.angelic-touch.com,1
www.angelodoro.com,1
www.aromatica.hr,1
www.aromatizacija.ba,1
www.aromavita-institut.com,1
www.apotekemaxima.me,1
www.appartamenticroazia24.com,1
fastingdietplans.monster,1
www.aquaphor.com.hr,1
www.aquaterm.hr,1
www.ar-news.net,1
www.aramon.hr,1
fashion-shop.com.hr,1
www.arc-st.hr,1
www.arcahr.com,1
fashion-hr.decorexpro.com,1
www.archivesportaleurope.net,1
www.arctic-klizalista.com,1
www.americanbardollar.com,1
feid.hr,1
www.adrijanaputovanja.hr,1
www.agregat.hr,1
www.agritour.hr,1
www.agroavant.eu,1
fidus-consulting.hr,1
fidelis-studio.hr,1
www.agromedia.rs,1
www.ard-wien.de,1
faun-dpz.hr,1
www.aronija-pole.com,1
www.apolonia.hr,1
www.aroundzagreb.hr,1
www.arr-sintagma.hr,1
www.arrodo.hr,1
fancy.hr,1
www.art.satto.org,1
famy.hr,1
famous.adria-bars.hr,1
www.arenaglamping.com,1
www.arenacentar.hr,1
www.area.ba,1
www.apoteke-sarajevo.ba,1
www.apartments-savar.com,1
www.apartmentspasman.com,1
www.apios.hr,1
fazan.mk,1
www.aplast.si,1
www.aplikacija.com,1
www.aplikat28.hr,1
www.apneamagazine.com,1
faveda.ba,1
www.apolon.hr,1
www.annatours.hr,1
fcinternazionalemilano.blogger.ba,1
vikendica.blogger.ba,1
fizika3.blogger.ba,1
wellness.hr,1
wenstravel.hr,1
wewill717319157.wordpress.com,1
wgl-eu.com,1
whatsinsidescjohnson.com,1
whatthefatdiet.club,1
whennothinggoesright.blogger.ba,1
whfest.com,1
whiskypedia.ro,1
whiskyzagreb.com,1
webshop.impotencija.hr,1
fcbayernmajstor.blogger.ba,1
webshop.galant.ba,1
webretaileraward.com,1
web.silicon.hr,1
wcbct2010.org,1
weareunlimited.ba,1
wearwolffashion.blogspot.com,1
weather.satelliteguys.us,1
web-apteka.com,1
web-archive.unmo.ba,1
web-razvoj.hr,1
wellmax.hr,1
weight.lossfast.com,1
wefashionitxx.blogspot.com,1
fizikalna-terapija.hr,1
floring.hr,1
florina.hr,1
florijanservis.hr,1
vukusic-lavandin.com,1
vulekovic.me,1
waytomonte.com,1
wazeopedia.waze.com,1
wbf.hr,1
wbyi.icantoridicannaiola.it,1
webshop.iris-mbm.hr,1
webshop.isijas.hr,1
webshop.organizacijaobranezdravlja.com,1
webshop.ufzg.hr,1
fizikalnaterapija-plesa.hr,1
webshoppingstore.com,1
website-projekt.medinetz-rhein-neckar.de,1
websites.fraunhofer.de,1
webtrgovacgodine.smind.hr,1
webtribune.rs,1
weddbooking.me,1
wedding-tales-by-light.com,1
web-shoponline.com,1
web.codedfilm.com.ng,1
web.hgk.hr,1
fbl.ba,1
www.antropologija.org,1
www.anubih.ba,1
www.anubis-tattoo.com,1
www.anwalt-uletilovic.de,1
www.anzotica-cosmetics.hr,1
www.aozeljeznicar.hr,1
www.apartman-gacka.com,1
www.apartmandirekt.com,1
www.apartmani-altis.com,1
www.apartmani-ivana-iva.com,1
www.apartmani-ivanovic.hr,1
www.apartmani-lina-umag.enet.hr,1
www.apartmani-pag-novalja.com,1
www.apartmani-rotim.com,1
www.apartmani-sobe-hrvatska.com,1
www.apartmani-stara-novalja.com,1
www.apartmani-zubovic.com,1
www.apartmanibuba.com,1
fbihvlada.gov.ba,1
www.apartmanimimice.hr,1
www.apartment-kranjskagora.com,1
www.antonija-mandre.com,1
www.antoana.hr,1
flagjuznijadran.hr,1
www.antikvarijat-brala.hr,1
web.new.coolinarika.com,1
flagalba.hr,1
webmedia-local.skolski-sport.hr,1
fla-ho.hr,1
web2.gimnazija-klasicna-zg.skole.hr,1
web2.ss-elektrotehnicka-ri.skole.hr,1
web2.ss-tehnicka-rboskovica-vk.skole.hr,1
fkkozara.org,1
webdizajn.net,1
webdr.ba,1
webducan.gemex.ba,1
webi.hr,1
webizrada.org,1
webljekarna.hr,1
fiziotonus.hr,1
www.adriaticbest.com,1
fillistahl.hr,1
uomovivo.blogspot.com,1
fcbayernunited.blogger.ba,1
www.anti.media,1
fcbarcelona.blogger.ba,1
www.agromens.com,1
www.agronews.rs,1
fibas.hr,1
veronika-artdeco.blogspot.com,1
vendrija.hr,1
franjo-tusek.from.hr,1
venio.hr,1
ventil-prom.hr,1
veprina.info,1
franjo-bucar.sportski-muzej.hr,1
verdammterschnell.xyz,1
verdon.hr,1
veritas-revizija.hr,1
vero-krk.hr,1
verpaalen.eu,1
www.agropress.org.rs,1
verschrikkelijk-ok.com,1
vervita.com,1
franjevci-zemun.com,1
veselcic.ba,1
vektor-nekretnine.hr,1
vegora.hr,1
vastu-guru.com,1
fredi-dance.hr,1
vatrogasci-bjelovar.com,1
vatrogasci-brela.brela-novak.com,1
velyka.wordpress.com,1
veluneks.hr,1
velmed.hr,1
frankopani.eu,1
www.alacrisconsulting.net,1
www.alavija-nekretnine.hr,1
fespahrvatska.hr,1
www.alebon.com,1
www.aleksandrakusic.com,1
www.alensa.hr,1
www.alexanderlanger.org,1
www.alfa-metabo.ba,1
fervens.hr,1
www.alfanekretnine.hr,1
vrtlarijahorvat.hr,1
vrtlari.com,1
vrticradost.com,1
veinstopper.net,1
velecasni.wordpress.com,1
veleprodaja.kadulja.com,1
frau-diese.com,1
velika.hr,1
fransiza.fitnessof.com,1
veliki-grdjevac.hr,1
frans4eu.eu,1
vatrogasci-opatija.hr,1
vatrogasci-pljevlja.com,1
vatrogasci-rovinj.hr,1
vespaclubcroatia.com,1
framafu.com,1
video-file-converter.com,1
videomix.hr,1
videonadzor.eu,1
videonadzor.net,1
videoteka.info,1
vidik-fest.org,1
frak.hr,1
frajericajewelry.com,1
viennaosiguranje.ba,1
viewpoint.ba,1
fr.slideserve.com,1
fr.scribd.com,1
vijesti.cro-vienna.at,1
fpz.unizg.hr,1
vijesti.rtl.hr,1
vijestiosvijetu.blogger.ba,1
vijestiplus.blogspot.com,1
vijuga.com.hr,1
vik-iverali.hr,1
vik-split.hr,1
vesti.dnevnagazeta.rs,1
vesnajakisnica.com,1
vatrogasci.bilje.info,1
franjevci-mostar.info,1
vatrogascibuzet.hr,1
freestylelibre.hr,1
vatrogastvo-sibenik-knin.hr,1
freespirittours.eu,1
vatroslavkulis.hr,1
vauvau-sesvete.com.hr,1
vazaicvijet.com,1
freedsocomcipostwor.ceticerdirilenebullerslifetdist.co,1
vcst.info,1
vd-trgovina.hr,1
free-word.info,1
vebeway.com,1
vedran-badun.com,1
vedran.fitness,1
vedranruzic.com,1
free-os.htnet.hr,1
vedrigrad.hr,1
vedris.com,1
free-options-signals.com,1
vegan.rocks,1
vegelicije.in,1
www.akvavent.si,1
www.akvaristika.org,1
www.algatravel.hr,1
filips.hr,1
www.advancecareplanning.org.au,1
www.advanced-ip-scanner.com,1
www.advega.hr,1
www.adventisti-podgorica.org,1
filipin.eu,1
www.adventzagreb.hr,1
www.advertiser-serbia.com,1
www.advokat-vila.ba,1
www.aed.hr,1
www.afoto.hr,1
www.agencija-jajce.ba,1
www.agencijaajduk.hr,1
www.agenor.hr,1
fikrethasovic.com,1
www.agi.hr,1
www.agilcon.com,1
www.agile.ba,1
www.agiletoursingapore.org,1
figura-masaza.hr,1
www.agpfmsee.com,1
figulus-media.com,1
www.adsfbih.gov.ba,1
www.adrionik.ru,1
www.agram.ba,1
www.agramlife.hr,1
www.agroprognoza.eu,1
www.agroproteinka.hr,1
www.agrosimpa.hr,1
www.agrotok.hr,1
www.agroturizam-konavle.hr,1
www.agrra.hr,1
fi.m.wiktionary.org,1
ffzg.eindigo.net,1
www.aikido-yoshinkan.hr,1
ffz2009.blogspot.com,1
ffri.uniri.hr,1
www.ain.hr,1
www.aiosearch.com,1
ffgrossheinrichschlag.com,1
www.airbnb.es,1
www.airport-brac.hr,1
ff.untz.ba,1
www.ajaracenter.com,1
www.agriscape.org,1
www.agramservis.hr,1
felsocsatar.hu,1
www.agram-bolnica.hr,1
www.agrambanka.hr,1
festival-cipke.com,1
www.amaciz.hr,1
www.amarilli.hr,1
www.amazydaisy.com,1
www.ambasador.hr,1
www.ambidekster.hr,1
www.ambulanta.ba,1
www.all-natural.hr,1
www.alkes.hr,1
feros.hr,1
festival-leron.com,1
www.ak-virovitica.hr,1
www.ak-vrapce.hr,1
festung.hr,1
festivaltraminca.com,1
festivalpravadjece.com,1
www.akng.hr,1
www.akropolis.hr,1
www.aksamobor2007.hr,1
festivalnijemogfilma.com,1
www.aktiva-sol.hr,1
festivalmik.com,1
www.aktualnekretnine.hr,1
felux-nekretnine.com,1
femel.hr,1
www.ajkula.hr,1
www.alumni.fer.hr,1
ff.classics.si,1
fever.hr,1
www.ak-split.hr,1
www.alldance.com.hr,1
fering-fit.hr,1
ferdo-livadic.hr,1
www.alltech.com,1
www.allyoucanbooks.com,1
www.almasdarnews.com,1
www.almayer.hr,1
www.alpeks.ba,1
www.alpinashop.hr,1
www.alpro.com,1
fenomen.biz,1
www.altamedics.hr,1
www.alter-ars.com,1
fenjertv.me,1
www.alter.si,1
feng-shui-ducan.com,1
femme.hr,1
www.alterra-grupa.hr,1
ulupuhlikovnakritika.wordpress.com,1
gameskip.com,1
www.b2bmedia.org,1
www.helpingheartsofbih.com,1
www.he.hr,1
www.healsummitcroatia.com,1
www.heartscore.org,1
www.hecta.biz,1
www.hed.hr,1
djecji.knjiznica-bjelovar.hr,1
djecji-vrtic-vlakic-martijanec.hr,1
www.helb.hr,1
www.hellobeauty.hr,1
djecji-vrtic-sutivan.hr,1
djecji-vrtic-sandrovac.hr,1
www.fotokeramika-zagreb.hr,1
www.helvetiadoo.hr,1
www.hemasport.com,1
www.hempel.hr,1
www.hempelyacht.hr,1
www.henkel.hr,1
www.hensel-electric.eu,1
djecji-vrtic-ponestrica.hr,1
www.hepatos-rijeka.hr,1
www.herbalife-bih.com,1
www.herceg.tv,1
www.hdzbihsoli.ba,1
djecjiescaperoom.eu,1
djecjiklubstripy.com.hr,1
www.hdz-virovitica.eu,1
www.fotoluigi.hr,1
www.foton-global.com,1
www.fotoreflex.hr,1
dorotheazeichmann.at,1
www.fresenius.hr,1
www.fragmat.hr,1
www.frama-posusje.com,1
doradus-usluge.hr,1
www.francarman.hr,1
donos.hr,1
donnavekic.com,1
donna-umag.hr,1
www.franjevcitor.hr,1
www.frankbathroomvanity.com,1
www.frankstahl.hr,1
www.frauenhaus-essen.de,1
www.freeli.ba,1
www.gorila-it.hr,1
www.gornja-vrba.hr,1
www.doka.com,1
www.hdz-kazup.com,1
djecji-vrtic-duda.hr,1
www.hdz-novi-zagreb-zapad.com,1
www.hdz-grude.org,1
www.hdpeze.com,1
djecjivrtic-bajka.hr,1
www.hdsaprevodom.com,1
www.hdtv.com.hr,1
www.hercolubus.it,1
www.hevac.be,1
djecji-teen-rodendani.com,1
djecjaigraonica.com,1
diving-rksisak.hr,1
www.hkd-matija-gubec.com,1
www.hkd.hr,1
diving-bosna.com.ba,1
www.hkdm.si,1
diviana-cosmetics.com,1
divert.hr,1
www.hkisdt.hr,1
divalash-browbar.hr,1
www.hkm-innsbruck.at,1
www.hkm-stgallen.ch,1
disttechrasenceidiccopirawilittti.co,1
distpro.hr,1
disput.hr,1
www.hdpz.hr,1
www.hdoo.hr,1
djindjic.ch,1
www.hdn.hr,1
www.hdz-drnis.com,1
www.hbd-sbc.hr,1
djedmraz.hr,1
www.hbz-vijesti.com,1
djecjivrticzlatnalucica.hr,1
djecjivrticmore.hr,1
www.hcpi.hr,1
www.hd-gzp.hr,1
www.hdaki.hr,1
djecjivrticgloria.hr,1
www.hddu.hr,1
www.hde.hr,1
www.hdio.hr,1
www.hdizajn.hr,1
www.hdkbr.hr,1
djecjivrticbubamara.hr,1
djecjivrticbambini.com,1
www.hdluistre.hr,1
www.hdm.hr,1
www.hdmblm.hr,1
www.hdmr.hr,1
www.fotoklubsisak.hr,1
www.fotografski-kutak.com,1
www.hkz-offenbach.de,1
www.floret.hr,1
dostavapovrce.com,1
dozivjetistotu.blogspot.com,1
www.flowers4volgograd.com,1
www.gajba.hr,1
www.flowers4valencia.com,1
www.flixbus.hr,1
dpi.hr,1
www.floor-experts.hr,1
www.flora-plus.com.hr,1
www.floraart.hr,1
www.florijanservis.hr,1
www.fotografija.astrobobo.net,1
dpfitness.eu,1
www.flower4houston.com,1
www.flowers4batam.com,1
www.flowers4belem.com,1
www.flowers4bolivia.com,1
www.flowers4dominicanrepublic.com,1
www.flowers4dresden.com,1
www.flowers4ghent.com,1
www.flowers4greece.com,1
www.flowers4guangzhou.com,1
dostave.index.hr,1
dot.com.hr,1
www.forumaic.org,1
dotmetrics.net,1
downloads.n-lab4b.com,1
www.fmoh.gov.ba,1
www.fmportal.rs,1
www.fmrpo.gov.ba,1
download0504file.gettrials.com,1
www.focus-refugees.eu,1
www.focusmr.com,1
www.fohs.hr,1
download.bug.hr,1
www.fojnica-samostan.com,1
www.fojnica.ba,1
dovoljnodobramama.com,1
www.fom-glass.eu,1
dovai.eu,1
www.fomet.it,1
www.footballarena.org,1
dov.imi.hr,1
www.ford.remex.ba,1
www.foreverliving.hr,1
www.fortuno.hr,1
www.forum-zadar.hr,1
www.flowers4guyana.com,1
www.flowers4marbella.com,1
www.flowers4naples.com,1
www.furminator.net,1
www.fushimc.com,1
domvinkovci.hr,1
domusplus.hr,1
domusnekretnine.me,1
www.fzplus.hr,1
www.g-sakac.hr,1
www.g1-labin.hr,1
www.g1security.hr,1
www.gabrek-tuning.com,1
domstarihrisan.me,1
domretkovec.hr,1
www.gaianaturelle.hr,1
www.frigus-pula.hr,1
www.frigo-kor.hr,1
www.frida-mijic.hr,1
www.fotqa.com,1
www.foto-jadranka.hr,1
www.foto-klik.hr,1
www.foto-vesna.hr,1
www.foto.digifil.net,1
www.fotoakademija.hr,1
domzaodgoj-osijek.hr,1
www.funtana.hr,1
www.flowers4nepal.com,1
domzdravljabp.me,1
www.flowers4nice.com,1
www.flowers4oslo.com,1
www.flowers4portimao.com,1
www.flowers4spain.com,1
www.flowers4stockholm.com,1
www.flowers4trinidad.com,1
dostajebilo.rs,1
www.fosa.hr,1
www.fot-o-grafiti.com,1
dossier20.petikat.com,1
www.frizure.hr,1
www.frogocentar.com,1
donja-tramosnica.com,1
donatticosmetics.com,1
www.frooom.eu,1
www.frufru-boats.com,1
donarboats.hr,1
www.fte.si,1
www.fuchs.com,1
donacije.uimeobitelji.net,1
www.funk-centar.com,1
diskriminacija.ba,1
diskretnoupoznavanje.com,1
www.dvd-halubjan.hr,1
dnd-varazdin.hr,1
djubinblog.blogspot.com,1
djordjebobic.com,1
www.hattrick.org,1
djoler.blogspot.com,1
www.hauff-technik.com,1
www.hauraton.hr,1
www.hairground.hr,1
www.hager.ba,1
dmb.hr,1
www.gti-nekretnine.com,1
www.grundig.hr,1
dobarposaoubenkovcu.eu,1
www.grupa-kolor.hr,1
www.grupa-status.com,1
www.gs-drfraiglibotic-imotski.skole.hr,1
www.gs-tmt.com,1
www.gs-vilhar-livno.com,1
www.gsbrotnjo.ba,1
www.gsc-pgz.hr,1
www.gsp.hr,1
www.gss-sarajevo.com,1
www.gssbl.org,1
djuliman.blogger.ba,1
www.harissa.hr,1
www.haramustek.hr,1
www.happymelody.hr,1
dnevnadoza.info,1
www.groupm.com,1
www.gruber-partner.de,1
dndvk.hr,1
dm-zrin.hr,1
www.hak-marsonia.hr,1
dlsaysweets.ru,1
www.halal.hr,1
dlfadaptacije.com,1
www.halubajske-mazoretkinje.hr,1
dlb.hr,1
www.hambedo.hr,1
www.hamburger-recycling.com,1
www.handballdirekt.hr,1
dkug6.velegs-nikolatesla.hr,1
www.hansgrohe.hr,1
dkug10.velegs-nikolatesla.hr,1
dku.velegs-nikolatesla.hr,1
dkst.hr,1
dkau-centar.eu,1
www.hapkido-brod.hr,1
www.guatemalacar.com,1
www.had.si,1
dnd-kc.hr,1
www.easyanditaly.com,1
dvd-cvetkovic.hr,1
dvd-bistra.hr,1
www.eautodijelovi.com,1
www.ebay-kupovina.com.hr,1
www.eberspaecher-climate.com,1
www.eberspaecher-croatia.com,1
dvblazenahozanasib.wixsite.com,1
dvatocka.com,1
dvaskalina.hr,1
dv-zvoncic-ozalj.hr,1
www.ecdl.hr,1
www.ecdlfor.me,1
www.echocenter.com,1
www.echr.coe.int,1
www.eclecticenergies.com,1
www.ecml.at,1
www.e-computing.hr,1
www.e-baby.hr,1
dvdado.hr,1
www.e-aviokarte.hr,1
www.dvd-cvetkovic.hr,1
www.easytrack.hr,1
www.ealati.hr,1
www.gume.com.hr,1
www.eafrd.hr,1
www.gumenjaci.com,1
www.guru-gaming.org,1
www.guster.com.hr,1
www.gzk.hr,1
www.gzm.hr,1
dnc.nsk.hr,1
dnb-commerce.hr,1
www.haak-mladost.com,1
www.haberkorn.hr,1
dmc.hr,1
www.flextents.com,1
www.fksutjeska.me,1
www.fksloboda.ba,1
www.e-cestitke.hr,1
www.e-rasprava.com,1
www.e-skole.ba,1
www.e-skole.hr,1
www.e-sports.hr,1
www.e-sustavi.hr,1
www.e-turizam.com,1
www.e-vozila.com,1
www.gradisce.eu,1
dobartek.eu,1
www.hkz-wi.de,1
www.hit-alpinea.si,1
www.higijenski-ulosci.com,1
divnapopov.com,1
www.hikvision-hrvatska.com,1
dj4dance.de,1
dizbi.hazu.hr,1
www.hipgrafika.hr,1
www.hipnoza.com,1
dizajncafe.com,1
diz-eko.hr,1
www.hirens.hr,1
www.hitna-kckz.hr,1
dobartekzivote.com,1
www.hitna-zgz.hr,1
www.hitovi.ba,1
djgrga-radio.com,1
www.havana-cigar-shop.com,1
docs.joomla.org,1
dobarglas.me,1
do-analogue.com,1
www.gradska-knjiznica-makarska.hr,1
www.gradskagroblja.hr,1
www.gradski-parking.hr,1
djacki-dom-pz.hr,1
www.hielscher.com,1
www.hidrotes.hr,1
www.hidrobg.hr,1
www.hkzasl.hr,1
discovery.europarltv.europa.eu,1
www.hld.hr,1
discovermeacademy.ba,1
discover.garmin.com,1
dirhem.org,1
www.hlsb.eu,1
direktno.ba,1
www.hmoob.press,1
www.hjkgd.hr,1
divingtriporte.com,1
www.hitsound.hr,1
www.higherdrink.com,1
www.hgc.hr,1
www.hgd.hr,1
www.hgi.co.me,1
djeca.ba,1
www.hgu.hr,1
www.hhunity.org,1
www.hiaweddings.com,1
www.hidraulika-kurelja.hr,1
dns2.rtvbn.com,1
www.grafika-grafoprint.hr,1
www.grafis.hr,1
docs.integral.bg,1
docatsplit.com,1
dobripastir.hr,1
dobrevijesti.org,1
www.gospodarskiregistar.hr,1
dobrestvari.hr,1
www.gosponslikar.com,1
www.gostionica-marina.hr,1
www.gotivaradio.com,1
www.gourmandise.hr,1
www.govserv.org,1
dobranicdom.hr,1
dobraknjiga.ba,1
www.gpk.hr,1
www.gpou-otocac.hr,1
www.gpro.net,1
dobraekonomija.org,1
dobosic.djecjinamjestaj.eu,1
dobojski.info,1
doboj.gov.ba,1
www.grad-vinkovci.hr,1
dobis.hr,1
www.goslimtea.com,1
dobarposao.ba,1
www.grafo-projekt.hr,1
www.hausse.hr,1
dninasledia.ru,1
dnevnioglasi.rs,1
www.grandmarnier.hr,1
www.grandoil.hr,1
www.grandzamanhotel.com,1
www.grantthornton.hr,1
dnevnikjednogrunnera.blog,1
www.grcfood.eu,1
www.greencajg.hr,1
www.greenfox.hr,1
www.greenroom.com.hr,1
www.grenef.com,1
www.grijanje-rijeka.hr,1
www.gripa.hr,1
www.grizli.hr,1
www.grmljavina.net,1
www.grobnik-katedra.hr,1
www.groom-room.net,1
www.gross-doo.com,1
doali.eu,1
www.gradkulture.me,1
www.fm-balkan.com,1
www.flowers4zagreb.com,1
www.gormiti.com,1
www.buybook.ba,1
www.bulldog.com.hr,1
eninamama.com,1
www.bundestag.de,1
www.bure-centar.hr,1
enimmagtairealpi.nilocommikerwithsbonbestmarbterpostsis.info,1
www.bus.man.eu,1
www.bus60.hr,1
www.butfirstshoes.com,1
www.buvljak24.com,1
www.buvu.hr,1
www.buyusa.gov,1
www.camping-monperin.hr,1
www.buzetskidekanat.com,1
energoterapija.net,1
engram.hr,1
www.bvtraining.hr,1
english-online.hr,1
www.c-slatkatradicija.rs,1
www.c-spectech.ru,1
englesko-pravo.narkive.hr,1
www.cadmosvillage.com,1
eng.otmarbinder.com,1
www.buzet.hr,1
energoatest.hr,1
energo-s.hr,1
www.caleffi.com,1
www.camping-puntica.hr,1
www.campingpolidor.com,1
www.campingsolaris.com,1
www.campingsplit.com,1
www.campingstrasko.com,1
energetski-savjetnik.hr,1
www.candy.hr,1
www.canesten.hr,1
enchante.blogger.ba,1
encert.hr,1
www.caparol.hr,1
enc-it.hr,1
www.capitolfestival.hr,1
www.carapica.hr,1
www.carglass.hr,1
enable.eun.org,1
en.xizielevator.com,1
en.wikipedia.org,1
en.mirnasisul.com,1
www.carlo-it.hr,1
en.krkmusicfest.com,1
eng.mazars.hr,1
eng.ethnohouses.com,1
www.cafesocietyhd1.co.uk,1
esap.ba,1
www.blasmusikfestival.net,1
es.mvep.hr,1
www.blawgchina.com,1
www.blazevic-interijeri.hr,1
www.blendologia.eu,1
www.blic.net,1
www.biskupija.hr,1
estat.hr,1
www.boskovic.hr,1
www.biserzagorja.hr,1
www.bing.hr,1
www.binsys.eu,1
www.biobaza.com,1
eu-jamrai.eu,1
www.bioderma.com.hr,1
www.bioeffect.com.hr,1
www.biogal.hr,1
etrgovina.hr,1
etnosiscia.hr,1
www.biohopi-svijece.com,1
www.bioinspekt.hr,1
es.nebulousstars.com,1
www.bkzadar.hr,1
eng.ceraneo.hr,1
esc4ever.blogger.ba,1
eposlovanje.hr,1
epoxy-podovi.com,1
www.bindjo.hr,1
estaghfirullah.blogger.ba,1
essentiavitae.hr,1
esseker.com,1
espchhelp.ru,1
esmrtovnica.com,1
www.bistrofotic.com,1
www.bit-nekretnine.hr,1
www.bitchute.com,1
www.bitlanders.com,1
www.bitno.hr,1
www.bizbalkan.com,1
esip.hr,1
esfmodernizacijasoo.weebly.com,1
esdocs.com,1
www.bk-aks.hr,1
escogrupa.hr,1
www.bk-dugoselo.hr,1
www.bks-uebersetzungsservice.biz,1
www.camping-prapratno.com,1
www.camp-medjugorje.com,1
www.galerija-antun-gojak.hr,1
eovrhe.hr,1
www.azilzagreb.com,1
www.azpoezija.rs,1
www.azrri.hr,1
extrafm.hr,1
www.bimsport.com,1
www.binaryoptionswatchdog.trade,1
www.carspottingcroatia.com,1
www.brgop.at,1
www.brickbybrick.com.hr,1
www.brillbird.com.hr,1
www.britishcouncil.ba,1
www.camp-cikat.com,1
www.brlici.hr,1
www.brmlogistika.com,1
eopen.cpdp.bg,1
eojn.nn.hr,1
www.brodska-posavina.hr,1
envi-portal.azo.hr,1
enulsisellmiri.mihesizagemermutochecamotu.info,1
www.brusandesign.hr,1
www.brzirucak.com,1
entrepreneurinmotion.eu,1
extramagazin.ba,1
www.azelija.com,1
www.azcovid-19.com,1
www.avus.hr,1
www.b1tv.ba,1
www.b-s.si,1
www.avioradar.hr,1
www.autoservisi.net,1
www.autoskola-brzina.hr,1
www.autoskola-centar.hr,1
www.autoskola-stop.hr,1
www.autoskolaformula.hr,1
www.autotepisi.com.hr,1
www.autotissue.de,1
ezg.hr,1
www.av-sport.eu,1
www.ava-vet.hr,1
eys.hr,1
www.avera.hr,1
extremewifi.hr,1
extrade.hr,1
www.avon.ba,1
www.avr.hr,1
www.avrion.hr,1
www.avs-europe.com,1
www.btnet.hr,1
www.bts-system.hr,1
entprima.com,1
www.bozoskoko.com,1
www.brac-apartments.co.uk,1
www.brac-rugby.com,1
www.brainart-centar.com,1
www.branding.ba,1
www.branislavpavic.com,1
ephila-stamps.com,1
epbih.com,1
www.brankavalcic.com,1
www.bratic.hr,1
epass.gov.hr,1
www.brazilcar.com,1
eparhija-nemacka.com,1
epamalgradnja.hr,1
www.breathmassage.hr,1
www.bretanide.hr,1
www.bueho.com,1
enjoyheritage.eu,1
enjingi.hr,1
www.bukmarker.com,1
energetskicertifikatistra.com,1
www.calvarycakovec.com,1
epicflightacademy.com,1
epilderm.hr,1
www.buchkurish.com,1
www.bozicnejelke.com,1
entextnekretnine.me,1
www.budifrajer.net,1
www.budipoduzetnik.eu,1
entertainmeapps.com,1
www.buditezdravi.info,1
enomondo.eu,1
enoexpert.hr,1
www.budrovci.com,1
www.budva.me,1
www.brgudac.com,1
www.breza-commerce.si,1
www.bosniaoglasi.com,1
www.brevis-osijek.com,1
epogledi.com,1
www.bosnopis.ba,1
www.bostonbrilliant.com,1
www.botana-fitocentar.hr,1
www.botanika.hr,1
www.bowenterapija.com,1
www.boxi.hr,1
epitychia.hr,1
www.bioinstitut.hr,1
www.biomedis.eu,1
www.bioplan.hr,1
dom-vilamaria.hr,1
domino-realestate.hr,1
www.gdck-zabok.hr,1
domino-dizajn.hr,1
www.gdjenamore.com,1
www.gdpr-2018.hr,1
www.ge132.ba,1
www.geajurkopag.com,1
www.gec.com.hr,1
www.gendernet.info,1
www.generali-investments.hr,1
www.giornal.hr,1
www.bioplod.hr,1
www.gip-ljubuski.org,1
www.gis.hr,1
www.global-peace.go.jp,1
www.globalconnect.hr,1
www.globaldrivetrainparts.com,1
www.globallistings.info,1
dok-ing.hr,1
www.globalwildlife.org,1
doi.nsk.hr,1
dohvt-muzejdomovinskograta.hr,1
domivanekretnine.hr,1
www.gcs.hr,1
www.gcfbih.gov.ba,1
www.gazette-future.eu,1
dom-zlatnajutra.hr,1
www.gimnazija-zupanja.skole.hr,1
dom-zemunik.hr,1
www.gimnazijskikolegijkraljicajelena.hr,1
www.geobiro.com,1
www.genezispartner.hr,1
www.galerija-apolon.hr,1
domine.hr,1
www.gama-dom.hr,1
www.gamat.hr,1
www.gamesforcats.com,1
www.gandalftattoo.com,1
dompenzionera.ba,1
www.garmin.com,1
www.gastrocom-ugostiteljstvo.com,1
dommagnolija.com,1
www.gat.hr,1
www.gatanjeizkave.com,1
www.gatwick-carhire.com,1
www.gavan.hr,1
domizvandoma.com,1
dogsrule.bosnianforum.com,1
www.gloriaoreb.com,1
www.gls.hr,1
www.gkd-senj.hr,1
dom-ksaver.hr,1
www.gknv.hr,1
www.gkp.hr,1
www.gkzu.hr,1
www.gladdenova.com,1
dom-ibmazuranic.hr,1
dom-borova.hr,1
www.glazbena-ka.hr,1
dolutala.blogger.ba,1
dolenac-promet.hr,1
dolcemania.hr,1
dolcedietreview.work,1
dolac-er.hr,1
dokumentacija.ep.hr,1
www.glaskotorvarosa.com,1
dokuart.hr,1
doktorsosonline.com,1
www.glaspoduzetnika.hr,1
www.glazba.eu,1
www.glazbena-ilukacica-si.skole.hr,1
www.galija.ba,1
dom-maksimir.hr,1
www.gkbakar.hr,1
www.gmd.hr,1
www.gkalbatros.hr,1
www.gnld-ponuda.com,1
www.go2digital.hr,1
www.goalieacademy.net,1
www.gobuy.hr,1
www.goldenhugeline.com,1
www.goldmancasino.com,1
www.golfparkdubrovnik.hr,1
www.gonar.hr,1
dodir-svjesnosti.com,1
dodir-andjela.com,1
dodig.info,1
www.gooma.biz,1
doczz.pl,1
www.gordogan.com.hr,1
www.gorefurbished.hr,1
www.gljz.hr,1
doktoricamica.com,1
www.glazbena-lisinski.hr,1
dom-glina.hr,1
dom-trag-plus.hr,1
www.gk-samobor.hr,1
www.gimnazija-sesnaesta-zg.skole.hr,1
www.gimnazija-mujevica-im.skole.hr,1
dom.hr,1
www.bones.hr,1
www.bonorecords.com,1
www.bontongallery.com,1
www.bonus-wallet.com,1
epunjaci.hr,1
epta-croatia.hr,1
www.bookrepublic.it,1
eprints.ifzg.hr,1
www.borba.info,1
www.bordomax.hr,1
www.borojevic-ured.hr,1
www.borovo.hr,1
www.borut.com,1
www.bosanke.net,1
www.bosanski.com,1
eprijava.kzz.hr,1
www.bosch-professional.com,1
www.bosch-pt.com,1
www.bosch-thermotechnology.com,1
equinox.vision,1
www.bolnica-karlovac.hr,1
erasmusplusols.eu,1
www.bonkvisuals.com,1
www.bombaigre.com,1
erse.ba,1
www.boltano-servis.hr,1
www.bioplus.hr,1
www.biotech.hr,1
etnacare.com,1
eter.info,1
www.bipa.hr,1
et-web.hr,1
www.biraj.hr,1
www.biramzdravlje.ba,1
www.bis.hr,1
estefit.eu,1
estebel-mn.com,1
www.biserje.ba,1
es.mascus.com,1
erythemamigrans.nl,1
erudjerica.wordpress.com,1
www.blizanci.org.rs,1
www.bolnica-novabila.net,1
www.bolnica-srebrnjak.hr,1
www.bolnicang.hr,1
www.bolnicatrebinje.com,1
www.bologna-car-rental.com,1
erlamobitelcentar.com,1
erscharter.eu,1
www.gimnazija-livno.com,1
www.dogfriendlyholidays.com.au,1
e-zabava.forumhr.com,1
www.geni.com,1
domin.hr,1
www.geotech.hr,1
domevidencija.wordpress.com,1
domenacom.hr,1
www.german-nekretnine.hr,1
domaljevac-samac.com,1
www.getadriatic.com,1
www.getfit4free.eu,1
www.getlineformula.com,1
domain.me,1
www.ghana-pokreni.me,1
www.ghetaldus.hr,1
www.gifmania.com.hr,1
domagoj-sajter.from.hr,1
www.gimnazija-deveta-zg.skole.hr,1
domaci-recepti.com,1
www.gimnazija-jbarakovica-zd.skole.hr,1
domaceserije.org,1
www.gimnazija-klasicna-rboskovic-du.skole.hr,1
www.dognet.hr,1
www.boletus.hr,1
www.blog.poliklinikabagatin.hr,1
eregistar.opcinatravnik.com.ba,1
www.blogarama.com,1
erotel.tv,1
www.bloginja.com.hr,1
www.blogodak.com,1
www.blogoye.net,1
www.blooming.hr,1
www.blooms.hr,1
www.bluemarbletranslations.com,1
www.blueplanet-diving.com,1
www.bmw-motorrad.com.hr,1
erdec.hr,1
erkon.hr,1
www.bnfondacija.com,1
www.bnp.ba,1
www.boatandyachtregistration.com,1
www.bobanac.hr,1
www.bobe-bicikli.hr,1
www.bocanje-ibs.hr,1
erik.hr,1
ericsson.hr,1
erf.untz.ba,1
www.dvd-donji-kneginec.hr,1
www.dvd-klanjec.com,1
ulqini-online.com,1
girevoysport.wixsite.com,1
trazimajstora.hr,1
trazimzagradnjukuce.blogspot.com,1
gk-opatija.hr,1
treatennemanherend.nolcisojequaremuhypjoymindnady.co,1
treatingyourselfexpo.com,1
trebasklimu.hr,1
gk-dispet.hr,1
trebizat.com,1
giroespresso.com,1
girlygirliness.blogspot.com,1
treschicsandraz.blogspot.com,1
glazba.eu,1
gio.uha.hr,1
trevitours.com,1
trg.hr,1
trars.eu,1
tranzistor.hr,1
transtext-sprachendienst.de,1
gkicdr.hr,1
total-sport.hr,1
totaltv.hr,1
tourismgast2014.talkb2b.net,1
gk-pazin.hr,1
gk-rab.hr,1
gkaura.wixsite.com,1
travelplanet.blog,1
todor-proeski.last-memories.com,1
tokabu.hr,1
tom.hr,1
tom.medak.click,1
tom.pietrozampella.it,1
tomablizanac.blogspot.com,1
tomago.net,1
tomido.hr,1
tomislav-svijece.hr,1
toseandjeo4ever.blogger.ba,1
toseproeski.blogger.ba,1
toshicaaa.blogger.ba,1
tosusamofilmovi.rs.ba,1
trasting.hr,1
trausdorf-wulka.gv.at,1
travar-mb.com,1
travar-mb.hr,1
travel.ekupi.eu,1
travel.to,1
gkbih-stuttgart.de,1
travelife.info,1
gksb.hr,1
tp-vk.hr,1
tpd.akd.hr,1
telix.ba,1
telnet-ri.hr,1
tempcolthemitparnproflalawedsoagigolf.xyz,1
tempertravel.com,1
tendiko.hr,1
gmgolub.hr,1
teniski-savez-istre.hr,1
teodosijevic.com,1
gmg-cracovia2016.it,1
gmd.hr,1
terbinus.com,1
terezijin-krug-djakovo.hr,1
term-in.net,1
termo-plin.hr,1
termometal.hr,1
termontmetal.si,1
terms.scjbrands.com,1
terra-panonica.hr,1
terranegra.hr,1
glutenfree-tea.com,1
tesi.hr,1
tesla.info,1
tellyougov.com,1
go.am-am.info,1
tpp.hr,1
trgocentar.com,1
trade-sia-new-zealand.eu,1
gkl-split.hr,1
gkinovagim.hr,1
tradikatolik.blogspot.com,1
trafficon.hr,1
tragovimisli.wordpress.com,1
transporti-buneta.hr,1
trail.hr,1
training.alef.com,1
trajekt.org,1
trajvan.blogger.ba,1
traktor-servis.hr,1
transfer-punta.com,1
transfer-taxi-croatia.com,1
gkds.hr,1
transformacijabiznisa.com,1
translatewiki.net,1
gkc-garesnica.eu,1
transporter.inter-biz.hr,1
tirales.com,1
gledam.org,1
glazba.biskupija-varazdinska.hr,1
glazbala-gojmerac.hr,1
teslic.ba,1
www.etnoselosvetigeorgije.com,1
www.ervenik.hr,1
www.eryia.hr,1
dubrovackabastina.com,1
www.escaperoomzagreb.com,1
www.escapestudio.hr,1
www.esky.ba,1
dublindostava.com,1
du-plast.hr,1
www.esplanade.hr,1
www.essilor.hr,1
www.estetika.hr,1
tmnt.hr,1
www.estetikaiortodoncija.com,1
dtr.hr,1
www.estradaboom.com,1
www.estradoo.eu,1
dtgrupa.hr,1
www.eter.hr,1
www.etf.unsa.ba,1
www.ethnohouses.com,1
www.eti-vinkovec.org,1
www.etiputovanja.hr,1
www.erudita.hr,1
www.erstecardclub.hr,1
www.erste-am.hr,1
du-motion.com,1
www.eurispack.hr,1
www.euritmija.org,1
www.euro-forest.com,1
www.euro-interijeri.hr,1
www.eurodizel.hr,1
dsaclinic.hr,1
www.eurohosteltraveler.com,1
drveta.fordaq.com,1
www.eurokaz.hr,1
drvenibrodovi.forumcroatian.com,1
www.euroliber.hr,1
www.eurolift.hr,1
www.euromarine.com.hr,1
www.euromas.ba,1
www.euromilk.hr,1
www.euromodul.net,1
www.euronetatms.hr,1
www.europak.hr,1
dsuvicphoto.com,1
dtdshop.eu,1
www.etnoskelin.com,1
www.etna.hr,1
www.artstudioazinovic.hr,1
www.artpower-dijete-odgojitelj.com,1
torcidakup.com,1
tortekolaci.com,1
tortelina.blogspot.com,1
tosa-yamauchi.com,1
glasscoffeemaker.date,1
glassrpske.com,1
tipfeler.blogspot.com,1
tomislavbudak.com,1
tisakmedia.hr,1
tiskara-horvat.hr,1
glazbenaterapija.hr,1
tk-rudar.hr,1
tk-sveti-martin.hr,1
glazbenaskola.hr,1
tkalcec.hr,1
tkc-horvat.com,1
tkd-susedgrad-sokol.hr,1
tkmaksimir.hr,1
glazbena-ka.hr,1
tlanasworld.com,1
tlo-i-biljka.eu,1
tm-horeca.ba,1
torjanac.com,1
tora.hr,1
www.artmaterialworld.com,1
topweek.ieee.hr,1
tomislavkuljis.com,1
tonkamlijeko.hr,1
tonpoton.com,1
glas.com.hr,1
tooloudfest.com,1
glano.hr,1
top100hr.com,1
top4fitness.hr,1
topalternate.com,1
glamurtvhappy.rsloft.info,1
topekstenzije.com,1
topforex.com,1
topgradeapp.com,1
glamstylestudio.hr,1
gladusa.com,1
gladnaknjiga.wordpress.com,1
tops-blogs.ru,1
topsuccess.club,1
toptours.com.hr,1
topusko.hr,1
topvoip.hr,1
teslanewgeneration.business.site,1
test.acm.hr,1
www.dvd-stubickaslatina.hr,1
udruga-pozor.hr,1
udrugaporat.hr,1
udruga-haer.hr,1
udruga-iznajmljivaca-zadar.com,1
udruga-kamencici.hr,1
udruga-korak.com,1
gdcrvenikrizdjakovo.hr,1
udruga-neboderskih-trkaca.hr,1
udruga-oitmz.hr,1
udruga-phenix.hr,1
udruga-portic.hr,1
udruga-promeza.hr,1
udrugazakulturuca.hr,1
udruga-slap.hr,1
gdck-sibenik.hr,1
udruga-trag.hr,1
udruga-uibs-hr.skole.hr,1
gdck-dugoselo.hr,1
gd48.ba,1
gd.mvep.hr,1
udrugabd.hr,1
gcfgames.club,1
udrugaeterico.com,1
udruga-cvjecara-ludbreg.hr,1
gatanje.blogspot.com,1
udrugasinergija.com,1
garden-centre.eu,1
udrugazum.org,1
udrugekzz.info,1
udruzenje-defektologa.ba,1
udruzenje-obrtnika-djurdjevac.hr,1
udruzenje.ba,1
uduzz.hr,1
ueps.org.rs,1
gaspra.hr,1
uez.hr,1
ufubih.org,1
ugd.hr,1
garrett.hr,1
garnitura.hr,1
garicacbd.com,1
garganocentar.com,1
uhcsdr.hr,1
uhpb-pakrac-lipik.hr,1
gardenseedsmarket.com,1
uibbz.hr,1
uids.hr,1
uiii.hr,1
gbt-atest.hr,1
udrugageodetaobz.hr,1
udrugakorakpokorak.hr,1
univerzal-vz.hr,1
unjsvu.hr,1
gal-con.hr,1
unlimited.blogger.ba,1
unsizzh.com,1
untamed.me,1
unutarnjiocean.com,1
gadongtaohy.info,1
uo-pag.hr,1
uneath.com,1
understand.beer,1
galerijajaksic.com,1
uluks.ba,1
ganznovi2012.sczg.hr,1
uk.mvep.hr,1
ganznovi2011.sczg.hr,1
gaminglabs.com,1
uksr.hr,1
ul-nekretnine-sarajevo.com,1
ulisys.hr,1
ulja.hr,1
ullapopken-croatia.hr,1
galafarm.rs,1
universelles-leben.org,1
udrugamehatonik.com,1
universa.today,1
udruganovabuducnost.hr,1
gauss.com.hr,1
uipl.ba,1
uir-medjimurske-zupanije.hr,1
uir-zagreb.hr,1
uirs.hr,1
unekomdrugomzivotu.com,1
unicro.hr,1
unidental.hr,1
galerija110795.ba,1
unikomerc-uvoz.hr,1
unikomerc.ba,1
galerija-dunja.hr,1
union-foods.com,1
uniortools.com,1
uniquetreatments.eu,1
galanterija-nemcic.hr,1
unison.hr,1
unitas.hr,1
galaksija.blogger.ba,1
univelabeach.it,1
gastronomija.sazrnomsoli.com,1
udrugasuncokret.hr,1
test.chicagoraja.net,1
theworldnews.net,1
tekop-nova.hr,1
tekstovi.net,1
tel-it.hr,1
tel.fer.hr,1
teledisk.hr,1
telefonskiimenik.me,1
test.napredak-vitez.ba,1
testing-centar.com,1
tesy.hr,1
tetadokica.com.hr,1
thinktoor.eu,1
udrugasunceng.hr,1
global-queen.hr,1
threadreaderapp.com,1
tiamensunsdesksilug.elcoaclimunmepbackpowshuduntilesut.co,1
tickets.postojnska-jama.eu,1
tigiphoto.geticthelp.com,1
tigrovi-urv1gbr.com,1
tihadob.com,1
tihomirdunderovic.from.hr,1
tikedevwindcambigingslecreauponeli.xyz,1
tilia-speculum.hr,1
tekelipro.com,1
godji-entertainment.com,1
tehnorad1000.hr,1
gogogranola.hr,1
gnosis.hr,1
go2zagreb.com,1
tinjan.hr,1
telegrafrstv.rsclub.info,1
tedxzagreb.com,1
tedxzagreb.info,1
golden-star.hr,1
teenstar.hr,1
tefarm.ba,1
tehnickaskola.net,1
tehnika-informatika.com,1
tehnika-knapic.hr,1
tehnika-osijek.hr,1
tehno-filter.hr,1
tehno-stefanovic.hr,1
tehnoalarm.hr,1
gojysk.com,1
tehnoguma.rs,1
tehnologija-cistoce.hr,1
tehnonebula.hr,1
tehnooz.hr,1
tiltproof.gg,1
tilurium-organic.com,1
glitter-glam.com.hr,1
thearto.hr,1
theatrewithoutborders.com,1
glossaonline.com,1
gloriaoreb.com,1
thetahealingcroatia.com,1
thebuddhist.news,1
theconservative.online,1
glorialamarr.com,1
thedesire.es,1
thedragongalaxy.com,1
thefashionmarionnette.com,1
thelove.blogger.ba,1
themummichogblog.com,1
globtour-event.hr,1
thesaker.is,1
thesaurus-jewellery.com,1
thesoulletters.com,1
trgoauto.hr,1
trgomontvrbovec.hr,1
uobuzet.hr,1
udrugasanpatrignano.hr,1
udrugaslijepih-pl.hr,1
theatrecamp.besa.hr,1
thatsohr.com,1
tim-studio.net,1
thanksgivingdiet.monster,1
gliptoteka.hazu.hr,1
timax.hr,1
gligora.com,1
timediet.pw,1
timer.zone,1
timetogetequal.org.uk,1
timing.ba,1
glej.ba.parlameter.si,1
timsresbotenforingmatahorpucave.co,1
tin273.wixsite.com,1
tina.com.hr,1
globaldistri.com.hr,1
globalpack-hr.eu,1
thetaworld.org,1
thebigstonesphere.com,1
tevidowntresdema.erecriconfutaravareclaconna.co,1
textura.hu,1
tfb.ba,1
tgholding.hr,1
th.forvo.com,1
thalasso-ck.hr,1
www.eurhoconsulting.hr,1
www.eujuicers.com.hr,1
www.eufondia.hr,1
www.domatold.hr,1
www.dom-mesmar.hr,1
www.dom-nela.com,1
www.dom-pescenica.hr,1
www.dom-platak.com,1
www.dom-stolac.ba,1
www.dom-vukovar.hr,1
e-pisarnica.zagreb.hr,1
www.domacica.info,1
e-lugitsch.hr,1
e-kvalifikacije.asoo.hr,1
e-dom.hr,1
www.dottmatos.com,1
e-cigareta-forum.eur.hr,1
www.dominis.hr,1
www.dominvest.hr,1
www.domkonavle.hr,1
dzz.ba,1
www.domovikulture.ba,1
dzz-istok.hr,1
www.drawingnow.com,1
www.drawize.com,1
www.drazba.hr,1
e-reception.eu,1
www.dom-maslina.hr,1
www.dom-malikartec.hr,1
www.dom-ivanpavaoii.com,1
dzkalesija.ba,1
www.dpointis.com,1
dzgracanica.com,1
www.dpuri.hr,1
www.dr-fungus.com,1
www.dr-saftic.com,1
www.dr-starc.org,1
www.dracopro.com,1
dzeny4ever.blogger.ba,1
www.dragomartinovic.com,1
www.dragonball-multiverse.com,1
dzenna.voxxyz.com,1
www.dravska-liga.hr,1
www.domzdravljatravnik.com,1
dzvz.hr,1
www.dv-montessori-djecjakuca.hr,1
www.dompetrinja.hr,1
www.doktori.com.hr,1
e-ucenje.fsb.hr,1
www.dokutv.net,1
www.dolphinwatching.org,1
www.dreampowersisak.com,1
www.dubravkaugresic.com,1
www.dubrovnik-4seasons.com,1
dvddonjiandrijevci.hr,1
www.dualnoobrazovanje.hr,1
www.dtp.hr,1
www.drschaer-shop.hr,1
www.dren-trogrlic.com,1
www.drenova.com,1
www.driada.hr,1
www.drinkfood.biz,1
www.driveresults.eu,1
dzematdonjevukovije.org,1
www.drmahirajahic.ba,1
www.drnovacic.com,1
dzemat-duisburg.de,1
www.drogerija.hr,1
www.dropbike.com,1
www.drrenataostojic.hr,1
www.drustvene-mreze.com,1
dz-pozega.hr,1
www.drustvo-energeticara-sisak.hr,1
www.drustvo-podrska.hr,1
dz-tomislavgrad.com,1
www.drvo-stit.hr,1
dvt.hr,1
www.dv-jaksic.hr,1
dvradost.hr,1
www.dv-ivancica.hr,1
www.dubrovnik-policija-91.com,1
www.dubrovnik-republic.com,1
www.dubrovnik.in,1
www.dubrovnikfestiwine.com,1
dvp.hr,1
www.ducati.hr,1
www.dudik-dr.hr,1
dvmaliprinc.hr,1
dvlabin.hr,1
dvkf-krk.hr,1
www.dugoselska-kronika.hr,1
www.dugoselski-sport.hr,1
dvgrozdic.com,1
www.duing.hr,1
www.duly.hr,1
www.dunapack-packaging.com,1
www.duni.hr,1
www.duoexclusive.com,1
www.duos-croatia.com,1
www.dv-cvrcak-posedarje.hr,1
www.dv-gradac.hr,1
www.down-sindrom.org,1
www.dostavaogrjev.com,1
dso.dentum.com,1
www.ekstenzije-trepavica.com.hr,1
www.ecsarajevo.org,1
www.ekostandard.hr,1
www.ekoventinfo.hr,1
durmitara.com,1
www.ekowatt.hr,1
www.ekskluzivno.si,1
www.ekskurzije.hr,1
www.ekspert-nekretnine.com,1
www.eksplo-promet.hr,1
www.ekspres.net,1
www.ekstenzije.net,1
www.dostavacvijeca-mezak.com,1
duplex-control.hr,1
www.ekupon.ba,1
www.ekupovina.com,1
www.ekupovina.store,1
dupin-vlasici.com,1
duos.hr,1
www.elazigoh.com,1
www.elda.hr,1
duomo.hr,1
www.electronicbeats.net,1
www.ecolregs.com,1
www.ecobrvnare.com,1
www.eco-hvar.com,1
www.dztuzla.ba,1
www.dvd.hr,1
www.dvdblato-zagreb.hr,1
dvd-svetaklara.hr,1
www.dvdopcineceminac.hr,1
dvd-slunj.hr,1
www.dvegrajci.hr,1
dvd-remetinec.com,1
www.dvorac-jankovic.hr,1
www.dvostrukaduga.hr,1
dvd-pula.hr,1
www.dvsrezidencijadios.hr,1
www.dz-tomislavgrad.com,1
www.dzabeoglasi.com,1
www.dzamija.net,1
dvd-pag.hr,1
www.dzemat-regensburg.de,1
www.dzenanjahic.ba,1
www.dziv.hr,1
www.dzp.hr,1
www.dzpg.me,1
www.dzsino-volosko.hr,1
www.elektricarbeograd.rs,1
www.elektricnaovca.com,1
www.elektro-oprema.com.hr,1
duzzler.com,1
www.eko-gospodarstvo.com,1
dux-istra.com,1
www.eko-stojkic.com,1
dutv.hr,1
www.ekobilje.eu,1
www.ekoena.eu,1
dusaa.blogger.ba,1
dvd-zupanja.hr,1
www.dv-radost-vela-luka.hr,1
www.fkn.unsa.ba,1
www.domzastarije-slakovec.hr,1
dzvukovar.hr,1
www.donatius.hr,1
www.donesi.com,1
dztuzla.ba,1
dzsgmostar.ba,1
www.donnel.hr,1
dzploce.com.hr,1
www.doria.si,1
www.dormeo.rs,1
www.dosi.hr,1
dux-krk.com,1
www.ejot.hr,1
www.elektrokovina-lighting.hr,1
dv-bambi.hr,1
www.elektromilas.com,1
www.elektronabava.si,1
www.ekos-orlovnjak.hr,1
durobenic.com,1
www.ekonomska-skola-pula.com.hr,1
www.eglas.hr,1
www.edc.hr,1
www.edcom.hr,1
dv-vrbovec.hr,1
www.editlibri.hr,1
www.edu.hr,1
dv-videk.hr,1
dv-selnicki-zvoncici.hr,1
www.edukacija.net,1
dv-gradac.hr,1
www.eena.hr,1
www.efsa.unsa.ba,1
dv-biokovskozvonce.hr,1
www.egmont.hr,1
www.ekonerg.hr,1
www.egzotika.hr,1
www.drvo-trgovina.hr,1
dz-sibenik.hr,1
www.drvona.hr,1
www.energy-commerce.com,1
www.ffwp.hr,1
www.ffzg.org,1
www.europcar.com.hr,1
www.europass.hr,1
druzenjesandjelima.com,1
dubrovnik.arithera.hr,1
duhek.com,1
duh.gong.hr,1
www.energija-projektiranje.eu,1
www.energo-certificiranje.com,1
duh-istine.com,1
www.drvotehnika.hr,1
dugoselo.dvds.hr,1
www.energystudio.com.hr,1
www.english.mi-maris.hr,1
www.enjoydalmatia.com,1
www.enozoik.com,1
dugabih.ba,1
www.eon.hr,1
www.epario.net,1
www.epaw.org,1
www.epc.hr,1
www.festta.hr,1
www.festo.com,1
drdrvko.net,1
dreamaker-productions.hr,1
www.ferarica.com,1
www.felix-odzak.com,1
www.felixliber.hr,1
drinkovic.hr,1
drin.hr,1
www.femina.rs,1
www.femrevolt.com,1
drijenca.blogger.ba,1
www.feng-shui-dom.com,1
www.feniks.hr,1
www.fenixsite.co,1
drijekavica.blogger.ba,1
drespromocije.blogfree.biz,1
dresortsibenik.com,1
www.fiatprofessional.hr,1
www.ferdo-livadic.hr,1
www.ferencic.hr,1
www.ferienhaus-ivanovic.com,1
www.ferocompact.hr,1
dreamhoodwallpapers.com,1
www.ferrolhome.com,1
duga-zadar.hr,1
dudinaucionica.com,1
www.eppgroup.eu,1
www.ema-bazeni.com.hr,1
www.emailmeform.com,1
www.emedea.hr,1
dujmovaca.hr,1
dujepop55.wixsite.com,1
www.emmeco.eu,1
duhovnidnevnik.net,1
www.emovereweddings.com,1
www.emp-usluge.hr,1
www.empirica.ba,1
www.emporia.eu,1
www.empwrnutrition.com,1
www.emso.hr,1
www.erevolucija.com,1
www.erotic-articles.nl,1
www.europapier.hr,1
dubrovnik-policija-91.com,1
www.etwinning.hr,1
www.etwinning.net,1
www.eu-gleichbehandlungsstelle.de,1
dssr.hr,1
www.eu-medpaths.com,1
duhocuc.info,1
www.elstar.hr,1
www.eprvak.hr,1
www.elmaz.hr,1
www.epsihoterapija.com,1
ducakijevic.hr,1
www.era-ewv-ferp.org,1
www.erasmus-entrepreneurs.eu,1
dubrovniktv.net,1
www.erepublik.com,1
dubrovnik.design-district.net,1
www.enel.hr,1
www.endurancecoach.net,1
duhidusa.wordpress.com,1
www.elta.hr,1
www.elgrad.hr,1
www.elh.si,1
www.elina.hr,1
www.elis.ba,1
www.elisabeth-lukas-archiv.de,1
dulcic.eu,1
www.elitetravel.hr,1
www.elkazgradnja.com,1
www.ellabo.hr,1
dukko.neocities.org,1
www.fidelityhotel.net,1
draz.hr,1
www.filipinocupid.com,1
www.farmshowosijek.eu,1
www.fasadermikuljan.hr,1
www.fashion.com.hr,1
www.fashionandfriends.com,1
www.favbet.hr,1
drmilanpavic.com,1
www.fazora-opatija.hr,1
drmardjetko.hr,1
www.fdkrk.hr,1
drkakarigi.hr,1
www.febi.com,1
www.expresscasino.com,1
druga.aba-liga.com,1
www.elex.hr,1
www.exposelife.com,1
www.europeanartawards.com,1
www.europoolsystem.com,1
www.europrodaja.hr,1
drustvokrcana-pk.hr,1
www.europskesnagesolidarnosti.hr,1
www.europski-institut.com,1
drustvo.slobodnadalmacija.hr,1
www.farus-travel.com,1
www.farmaceuti.com,1
www.euroturist-petrinja.net,1
www.fanzini.hr,1
www.drvotrgovinamiksa.eu,1
www.dryingfree.com,1
dz-sdz.hr,1
www.dsr-lancic-knapic.hr,1
www.elektrowat.hr,1
www.elementsofai.com,1
www.eleonorabernardi.com,1
www.express-print.eu,1
drt.hkzr.hr,1
www.ey.com,1
www.f50-anoreksija-bulimija-prejedanje.centarbea.hr,1
www.fablab.hr,1
drstipetic.com,1
www.fadein.hr,1
www.fagus.hr,1
www.fair-labour-mobility.eu,1
www.familia.ba,1
www.familylab.hr,1
drorganic.hr,1
www.famres.erf.hr,1
www.fantasiatravel.hr,1
www.eurostar.hr,1
www.event-horizon.hr,1
www.fizikalnaterapija-baricevic.hr,1
dragorlux.hr,1
www.filtersmaster.com,1
www.finags.hr,1
www.financije-astra.com,1
www.financijskepodrske.hr,1
www.finapapizza.hr,1
www.finesa-credos.hr,1
www.finesoftware.hr,1
www.fini-mini.hr,1
www.fino.hr,1
www.finum.hr,1
draftdoo.hr,1
www.fireflycarrental.hr,1
www.firstpropertycroatia.com,1
www.fiscalis.hr,1
www.fiskars.com.hr,1
www.fit-factory.hr,1
dr.nsk.hr,1
dqs.hr,1
dprojekt.hr,1
www.fizikalna-hrustic.hr,1
www.fizikalna.com,1
www.filozofija.net,1
drasinfo.org,1
www.eventbrite.com,1
dravafestival.si,1
drustvenobice.blogspot.com,1
drustveneigrezadjecu.com,1
www.eventlights.shop,1
www.evidencija.hr,1
www.evimitasi.com,1
drusany.com,1
www.evolva.hr,1
www.evropesma.org,1
drugi-dom.com.hr,1
drugaprilika.hr,1
www.exdizajn.com,1
www.exentri.hr,1
www.exhale-europe.com,1
www.expatincroatia.com,1
www.explora.hr,1
skinfox.com,1
www.fed.hr,1
drivein.hr,1
www.fedra-zadar.hr,1
www.feel-taste.info,1
dravari.com,1
skrinjaplus.hr,1
radiobosna.net,1
skijalista.me,1
www.samobor.tv,1
alternativazivljenja.blogger.ba,1
www.sanek.hr,1
www.sanitarije-keramika-modena.com.hr,1
www.sanjanikcevic.com,1
www.zavod-burja.si,1
best.ac.me,1
www.sanmauro.hr,1
www.zavelim.hr,1
altermodus.me,1
www.zbogomznojenje.hr,1
www.saipequipment.com,1
ba.coca-colahellenic.com,1
altek.hr,1
www.safelife.hr,1
beyond-personal-training.com,1
beurer.com.hr,1
www.sagitta.hr,1
www.sah-losinj.hr,1
www.zd-mioc.hr,1
www.sailawayproject.eu,1
betterlifestory.net,1
www.saint-gobain.hr,1
besthomemaintenanceonline.com,1
bestinsecthouse.com,1
www.sandzakcbs.com,1
www.sandzak.rs,1
www.stenella-consulting.hr,1
ba.busik.eu,1
anakras.hr,1
www.stepincev-dom.com,1
www.stepriplaypark.com.hr,1
www.stepupit.eu,1
www.slikomania.hr,1
ambient-palestine.blogspot.com,1
adr-natura.com,1
www.slavonskiportal.com,1
betanija.ba,1
beta.steemit.com,1
www.samopozitivno.hr,1
beta.rs,1
www.sampos.hr,1
www.samsa.com.hr,1
www.samsky.hr,1
www.zazene-bbz.eu,1
www.sanda-sutalo.from.hr,1
alternativaonline.info,1
bestmadenaturalproducts.com,1
www.sajkoperformance.com,1
www.samobor.net,1
www.sakura-restoran.com.hr,1
www.zastitainspect.com,1
beranskagimnazija.me,1
beoshop.rs,1
www.sbrock.net,1
www.sbz.training,1
altrad-limex.com,1
benussi.hr,1
www.scen-teh.com,1
bent-magazine.com,1
www.schachermayer.hr,1
bertaggia.it,1
www.sava-osiguranje.hr,1
www.sant.ba,1
www.sarajevo.ba,1
www.santica-djapic.com,1
www.santo-bol-croatia.com,1
www.santos.hr,1
www.santosha.hr,1
www.sanus-vita.hr,1
www.sanyasi-ayurveda.hr,1
www.saop.hr,1
www.sap.com,1
www.sberbankbl.ba,1
www.zastitabilja.com.hr,1
www.salcura.hr,1
www.saznajprvi.com,1
www.zci.hr,1
bettasvijet.com,1
www.salonmaranata.hr,1
www.salonnina.hr,1
www.salveo.ba,1
betsport-hr.com,1
www.samarcanda.com,1
bethlen-foundation.ro,1
best-shop.org,1
www.sanovnik.org,1
www.sanskimost.com,1
www.sb-sport.hr,1
www.saveh2oproject.com,1
bernays.azurewebsites.net,1
bermanplastika.hr,1
berlinerluft.hr,1
berislavblagojevic.wordpress.com,1
www.zastitabilja.eu,1
www.savjetzaprivatizaciju.me,1
berek.hr,1
www.sax-zg.hr,1
www.stem-genijalci.eu,1
ba.fbackup.com,1
www.zavas.hr,1
bachovekapi.hr,1
www.stag.loveit-wearit.com,1
www.xintex-group.com,1
www.staklodom.hr,1
www.xenon-forte.ba,1
babiesandanimals.eu,1
amz.hr,1
anabrzakovic.com,1
amtstierarzt.de,1
badco.hr,1
backtothebasics.rsworld.info,1
babytula.hr,1
www.stator.com.hr,1
www.ss-ekonomska-si.skole.hr,1
www.ss-elektrotehnicka-zg.skole.hr,1
babysigns.ba,1
www.xxxlesnina.com,1
www.ss-graditeljsko-geodetska-os.skole.hr,1
babylovesfashion.blogspot.com,1
babylonsongs.com,1
babor.hr,1
www.ss-likovne-umjetnosti-st.skole.hr,1
www.ss-mddominisa-rab.skole.hr,1
www.stadionshop.com,1
www.stadionkantrida.hr,1
www.xn--ichuntersttze-5ob.org,1
www.ssstolac.com,1
www.whitepress.hr,1
www.sus.hr,1
www.sustinapasijansa.info,1
www.straumann.com,1
www.worldbank.org,1
www.srszz.hr,1
www.ssru-pisarovina.hr,1
www.ss-turisticka-ugostiteljska-du.skole.hr,1
www.xn--norveka-uqb.hr,1
babavanga.net,1
www.ss-upravnaskolazagreb-zg.skole.hr,1
www.xn--make-hua.hr,1
babaja.hr,1
baa3q.doctorpix.com,1
ba.varikosette-official.site,1
ba.unfpa.org,1
www.sspakrac.hr,1
www.xn--jvpepin-l6a.hr,1
www.xplorerlife.hr,1
ba.titlovi.com,1
ba.proteini.si,1
babyland.hr,1
www.ss-novska.hr,1
www.ss-obrtnicka-koprivnica.skole.hr,1
anakutija.com,1
www.stopnice-jezersek.si,1
www.stopvlazi.hr,1
www.storck.hr,1
www.storm.hr,1
b2b.eurotrade.hr,1
www.stijena.com,1
www.wspay.info,1
www.stara-skola.hr,1
ba.goji-cream-official.site,1
www.stara-stranica.hrvatskigeneralskizbor.hr,1
ba.hisense.com,1
www.wya.net,1
www.staravodenica.hr,1
www.starbasecantina.hr,1
www.www-stranice.com,1
www.stare-hrvatske-vocke.com,1
www.stari-web.solin.hr,1
www.staropramen.com,1
www.start-servis.hr,1
www.stas.be,1
www.wvp.ba,1
www.worldlisteningproject.org,1
www.stop-sole.hr,1
www.ss-obrtnicko-industrijska-zu.skole.hr,1
b2b.optinova.hr,1
www.ss-petrinja.hr,1
baby-mall.hr,1
www.ss-prirodoslovno-graficka-zd.skole.hr,1
www.ss-prva-bm.skole.hr,1
www.standup.hr,1
www.stano-uprava.hr,1
www.stormgrupa.hr,1
www.stolarijasucic.ba,1
www.stilpekarna.hr,1
www.wspay.ba,1
www.stipendije.ba,1
www.stipendije.info,1
www.stitcher.com,1
www.stjepanmesic.hr,1
www.sto.hr,1
www.wponeapp.com,1
www.wowpetscroatia.com,1
b2b.selectedd.hr,1
www.stomatolog-brncic.hr,1
www.stiglic.hr,1
www.stomatologija-i-estetika.hr,1
www.sapausrcu.hr,1
best-destination.com,1
www.skolauprirodi.hr,1
www.zagrebtower.com,1
www.zajednica-nijemaca.hr,1
www.sked.com.hr,1
www.zagrebwien.at,1
www.sixt.hr,1
bbio-project.eu,1
bb-link.net,1
www.skifun.eu,1
bazenvg.hr,1
www.zagrebwest.hr,1
bazenskatehnika.hr,1
www.skitopisi.com.hr,1
www.rotondo.hr,1
www.skk-rijeka.com,1
bazaznanja.sdmsh.com.hr,1
www.sjaj-kamen.hr,1
www.six-payment-services.com,1
www.zagrebtours.com,1
www.sindikat-hsp.hr,1
www.siljakovina.com,1
www.silux.ba,1
www.zaklada-onkologija.hr,1
www.silux.hr,1
www.zajednica-sru-dm.hr,1
www.skbm.ba,1
www.skanex-opatija.com,1
bbis.hr,1
www.rovinj.com,1
bhvision.com,1
www.rsmetali.hr,1
www.rowe.hr,1
www.zdravino.com,1
www.royal-adriatic.com,1
www.royaldubrovnik.com,1
www.royalgardens.com.hr,1
alphaarmyshop.hr,1
bhsi.ba,1
www.zdravi-i-vitki.hr,1
www.rsbonum.hr,1
www.rsm.global,1
www.schaefer-peters.com,1
www.schandl-omnibusse.de,1
www.schiedel.com,1
www.ski-klub-rudnik.hr,1
www.sjemeniste-split.hr,1
www.zajednicazsj.org,1
bbk-sismis.hr,1
www.sjor-dekoracije.com,1
www.sim-tam.com.hr,1
beate-relax.hr,1
beagleproject.eu,1
bathstiplosidaca.kenlecaponathtyadarcsiphapindeiprob.co,1
www.slatina-nature.com,1
amatovi7.blogspot.com,1
amazona-fitness-vrapce.com.hr,1
basta-wuppertal.de,1
www.skudsemberija.org,1
www.slava.edu.pl,1
amazonas.hr,1
basketball.powerplaymanager.com,1
baskavoda-stonehouse.com,1
www.zagrebacki-andjeli.com,1
ambalaza.eu,1
baseboutiquegym.com,1
ambalaza.hr,1
www.slavonskibrod.net,1
barun-gradnja.hr,1
www.skuglslavonija-77.com,1
www.skt.hr,1
www.skoisljeme.hr,1
www.zagrebsped.hr,1
www.skok-milsim.com,1
www.skola-astrologije.com,1
www.slackware-srbija.org,1
www.skydivecroatia.com,1
www.simicevisusreti.info,1
www.skupstina.me,1
www.siming.eu,1
be4work.com,1
www.sindikat-pvh-zagreb.hr,1
www.sitelike.org,1
www.sindikat.me,1
www.zakelj.net,1
bcmackovec.com,1
bcapp.eu,1
bboy-news.info,1
www.sircro.hr,1
bbm.edu.ba,1
www.zajednodocilja.hr,1
bbl.hr,1
www.sistory.si,1
bazaar.sminkerica.com,1
www.skofbih.com,1
beatum.hr,1
www.slatka-tajna.hr,1
www.skuponi.com.hr,1
amaterskiporno.com,1
www.skupovi.hr,1
www.zdravipodsuncem.hr,1
www.roto-kruna.hr,1
besa.hr,1
www.romania-carhire.com,1
biennale-zagreb.hr,1
www.rocket-packs.com,1
bibliobus.gkc-pula.hr,1
www.zdravo-sjedenje.hr,1
www.roditelj.akademijaoxford.com,1
www.zdravo-ravnovesje.si,1
bibliaparalela.com,1
www.rodoslovlje.com,1
biber-bek.hr,1
www.roline.hr,1
www.rktrebjesa.me,1
www.rotary-zadar.hr,1
biftek-i-merlot.blogspot.com,1
www.romari.ba,1
www.riverdancekarlovac.com,1
bijela-tehnika.com,1
www.zelda.hr,1
www.zel-cos.hr,1
www.ritamdana.com,1
www.zeiss.com.hr,1
bihamk.ba,1
www.ritosa.com,1
www.rochepro.hr,1
www.zdravstvena-njega.hr,1
www.robowsky.hr,1
www.robotikaistra.com,1
www.sarenistudio.com,1
besplatnioglasi.eu,1
besplatnikuponi.net,1
www.sasina.info,1
besnopile.rs,1
www.satelitin.com,1
www.satisfyer.com,1
www.zastitanaradu.hr,1
alterural.ba,1
www.saunafinlandia.me,1
www.sabank.hr,1
www.ruzickadays.eu,1
bezplastike.com,1
bibliomanija.com,1
www.rkvadrat.hr,1
www.rkvalpovka.hr,1
bicikla.com,1
alopecia-pills-top.com,1
www.rmf.hr,1
bic-vukovar.hr,1
biblioteka.skd-prosvjeta.hr,1
www.rittal.com,1
aloeforeverenergy.com,1
www.rivalis.hr,1
bhinfoportal.com,1
alteaapartmani.com,1
www.rszz.info,1
bhas.gov.ba,1
www.zdenka.hr,1
www.rukovoditel.net,1
bhaktipedia.org,1
www.ruletonline.net,1
www.rural-direct.com,1
www.ruralnetwork.eu,1
bh-botschaft.at,1
www.russia-carhire.com,1
www.russiacroatia.com,1
bhpassport.ba,1
www.rsp.hr,1
bib.hr,1
www.rovinj.fm,1
www.roncevic.at,1
www.rondoshop.hr,1
www.ronis.hr,1
www.rosada.hr,1
www.rosalux.rs,1
bhfanaticos.com,1
www.rtz.hr,1
alopdserzelsubtrankreabvasahocatra.info,1
www.rtvvogosca.ba,1
www.rkgeronimo.hr,1
www.rivijera-paklenica.hr,1
bigpan.si,1
bigbellysolar.hr,1
www.riwal.com,1
www.rixos.com,1
www.rk-dubrava.hr,1
big-game-adriatic.com,1
www.rk-sesvete-agroproteinka.com,1
www.rkborac.club,1
www.zdravstvo-kvaliteta.org,1
www.romanika.net,1
alpenitusluge.hr,1
www.russiainstantbooking.com,1
bhdmedia.hr,1
alta.ba,1
bhnovinari.ba,1
www.rtvbugojno.ba,1
www.rtvhit.com,1
bhmonitor.com,1
www.zdravanavika.hr,1
www.wiener.ba,1
www.wiener.hr,1
www.wienerberger.ba,1
www.spes.hr,1
www.spartoo.com.hr,1
www.spd-hessen.de,1
www.yumetal.net,1
www.speakupcroatia.com,1
www.spearheadmachinery.com,1
www.specchiasol.hr,1
www.specklesoftime.com,1
www.speechpool.net,1
www.sper.hr,1
www.youthpass.eu,1
www.sphera.hr,1
baletsko-udruzenje.rs,1
amika-album.blogspot.com,1
www.yucafe.com,1
www.ypgd.org,1
balkanandroid.com,1
www.spicum.com,1
www.spicydays.com,1
balkanaffiliate.org,1
www.spinteam.hr,1
bakija.com,1
www.sportdc.net,1
www.sparkasseleasing.ba,1
www.yumiyum.eu,1
balkanbuzz.net,1
balkan.chat,1
www.spk-grip.hr,1
www.yomelyah.com,1
www.yogarijeka.com,1
amkk-cobra.hr,1
www.splendidmarjan.com,1
www.spliiit.com,1
www.split-open.com,1
balasevizam.novi.ba,1
balansa.si,1
balance-diamant.com,1
www.splitmarathon.com,1
www.splitmisli.com,1
www.splitska-villas.com,1
amko.ba,1
www.yem.hr,1
www.spomen.hr,1
bakkerijmeknes.nl,1
www.yc-host.com,1
www.sportbiro.hr,1
balk.hu,1
www.yourwebdoc.org,1
www.sportfestporec.com,1
www.srebrenica.ba,1
bajke.app,1
www.sportvision.ba,1
www.yc-biograd.com,1
www.sportko.hr,1
www.sportkon.com,1
www.sportsave.eu,1
www.sportsinj.com,1
www.sportski-objekti.hr,1
www.sportskiparktrate.com,1
amloget.info,1
www.sportskokladenje24.com,1
bakeapieceofcake.com,1
bajplast.hr,1
www.sportvizija.com,1
www.sppcg.me,1
ammara.voxxyz.com,1
www.sprachschule-axioma.de,1
www.spreadthesign.com,1
www.spreha.net,1
www.spring-life.eu,1
bakajemil.webs.com,1
www.yamaha.com.hr,1
www.spv-zagorje.hr,1
www.sportiva-centar.hr,1
www.sportingbet.link,1
bajka-promet.hr,1
www.yamaha-motor.eu,1
www.srcana.hr,1
bajernovci.blogger.ba,1
www.srceprirode.hr,1
www.srcezagorja.com,1
bahun.hr,1
www.srdhos.hr,1
www.srdjenas.com,1
www.srdpiskor-zg.hr,1
www.srebrenicamemorial.org,1
bajker001.blogspot.com,1
bagno.ba,1
www.sredime.ba,1
amomont.si,1
www.sredime.rs,1
www.srednjabosna.com,1
www.srednjaskola-prozor.org,1
www.srednjastrukovnaskolavinkovci.hr,1
bagatin.hr,1
www.srk-alba.hr,1
bagadodo.hr,1
www.srbija-forum.com,1
www.yongyu.com,1
www.yookaa-vision.com,1
www.surfpomer.hr,1
www.kozmetickisalon.me,1
www.lovelyistria.com,1
www.ilae.com.hr,1
www.lovely-bride.com,1
www.loveistra.com,1
www.kosute.hr,1
zelenozlato.org,1
www.lomglasswork.com,1
www.kotorunesco.info,1
www.kovac-celik.hr,1
zeljkoturk.com,1
creative-hr.eu,1
www.youpickit.de,1
www.logic.hr,1
www.imp-du.com,1
www.kozo-underwear.hr,1
zeljofan.blogger.ba,1
www.lofficeprijevodi.hr,1
www.impactdays.co,1
zeludac.blogspot.com,1
www.localeplanet.com,1
www.localbarsfinder.com,1
dermatologija.ba,1
dargo.hr,1
www.iktusplan.com,1
couples-europe.eu,1
desetljece.hak.hr,1
www.ilks.eu,1
zupa-svetog-spasa.hr,1
www.ilijas.ba,1
www.justtravel.hr,1
dardobrote.hr,1
costaricascallcenter.com,1
www.ikb-berlin.de,1
4cities.zgsport.hr,1
countryexpress.eu,1
www.kosmosvip.com,1
designbureauizvorkajuric.com,1
www.lss.hr,1
www.lra-belisce.hr,1
www.ikc-berlin.de,1
www.kosovic.hr,1
www.kossp.hr,1
design-ers.net,1
www.lovidovi.de,1
www.lovesensa.rs,1
zsv-inf.skole.hr,1
www.lovemia.eu,1
www.jrl.si,1
dermatologija-dubrava.hr,1
www.jpautoceste.ba,1
act-konto.hr,1
derventablog.blogger.ba,1
www.imightbewrongblog.com,1
derventa.ba,1
www.immobiliehistri.com,1
darojkovicpromet.hr,1
www.jukakarickagora.podgorica.me,1
zeljkodjukic.me,1
2019.caritas.lin61.host25.com,1
www.judoschoolsleague.com,1
zupa-sveti-kriz.hr,1
www.judoklubsamobor.hr,1
ztk-split.hr,1
zeljkokomsic.blogger.ba,1
www.logosmedia.hr,1
creativa.hr,1
www.logit.net,1
culinary-career.com,1
www.inokem.hr,1
brzkrug.com,1
www.mjesecoralnogzdravlja.com,1
barometar.pilar.hr,1
www.lokalna.hr,1
darojkovic.getbybus.com,1
www.imunoglukan.hr,1
darkopribeg.com,1
zemljanestaze.org,1
credencebikes.com,1
www.jozepovic.com,1
www.imvinternational.com,1
www.imz.hr,1
www.jovonikolic.com,1
credos.hr,1
www.ljubuski.ba,1
www.kpdsvetaklara.hr,1
www.in-nekretnine.hr,1
acrofunkers.wordpress.com,1
www.logiko.hr,1
daruvarski-portfolio.net,1
www.lol.hr,1
derneuesvabo.de,1
www.koval.hr,1
www.lokvicici.hr,1
cpi.gov.hr,1
www.jure-simic.iz.hr,1
craft.hr,1
desavanjaubijeljini.com,1
www.yves-rocher.com.hr,1
www.span.today,1
www.spamfighter.com,1
www.struka.hr,1
www.suncaniodmor.com,1
ananas-express.com,1
azkurs.org,1
www.suncepalaceapartments.com,1
www.sttube.hr,1
www.straydisctour.info,1
www.world-satellite.net,1
www.strepsils.hr,1
www.stricker-europe.com,1
www.worktrek.com,1
www.struklijada.com.hr,1
www.sms.hr,1
www.wodecor.eu,1
www.stscg.me,1
www.wmw.com.hr,1
www.stubica-lovran.hr,1
www.studiokoseboris.hr,1
b-modus.hr,1
azu.hr,1
azra.hr,1
azonnali.hu,1
www.wizbii.com,1
www.suncani.com,1
www.sumskavila.com,1
www.sumoopskrba.hr,1
www.summerdream-lopar.com,1
baehr-kozmetika.com,1
www.srpska-danas.com,1
badelmasterclass.hr,1
azena.hr,1
www.styriafides.at,1
www.wips.hr,1
www.submania.hr,1
www.sucuraj-homepage.sucuraj-hvar.com,1
www.sugarlove.one,1
azimuth-internet.hr,1
www.winterhalter.com,1
www.suino.ba,1
www.suita.hr,1
www.winpis.com,1
azcherishedmoments.com,1
www.withcar.hr,1
azanas.dijete.hr,1
www.windspace.dk,1
az-palma.hr,1
ayurveda.hr,1
www.summarumfitness.com,1
www.studio-4u.net,1
www.studio-fizio-fit.com,1
www.studio-tanay.hr,1
www.svejepolitika.com,1
www.svemirko.hr,1
www.svesnizeno.hr,1
avonberaterin.de,1
avtosaver.ru,1
www.wikimedia.at,1
www.supernova-zagreb.hr,1
www.suoikz.hr,1
axis.town,1
www.superformancebsw.com,1
www.superkartica.me,1
www.wienerberger.hr,1
www.superkljuc.hr,1
www.superknjiga.com,1
axe-throwing.hr,1
www.supernova-gardenmall.hr,1
www.supernova-pozega.hr,1
www.supersuperagency.com,1
avus-plus.com,1
www.supplementssrbija.com,1
awww.cromalternativemoney.org,1
www.suradnja.info,1
www.svejetu.hr,1
www.sve5.eu,1
www.studioallure.hr,1
www.sve-mi-diraj-al-ono-sto-volim-ni-ne-pokusavaj.de,1
www.studioconex.hr,1
anarucner.com,1
www.suncokret-oljin.hr,1
www.stranice.rs,1
avdijahasanovic.blogger.ba,1
www.suvagkarlovac.hr,1
avensys.hr,1
anastasia-de.eu,1
www.suzuki-autoremetinec.com.hr,1
www.suzuki-marine.hr,1
www.suzuki-split.hr,1
www.sv-ana.hr,1
www.whirlpool.hr,1
www.whattafashion.com,1
www.whatsinsidescjohnson.com,1
avansa.hr,1
www.sutrajenovidan.org,1
av-saimincekas.com,1
av-exim.com,1
www.svastara.biz,1
auxilia.hr,1
www.sontacchi-vinarija.hr,1
balkanstory.com,1
www.songligroup.com,1
baotic-yachting.com,1
barendspsychology.com,1
www.slivar.hr,1
www.slivrijekemirne.hr,1
barmen.hr,1
www.sljeme.com.hr,1
www.zagreb-rugby.hr,1
ambienta.hr,1
www.slo-fishing.si,1
barkanbike.wordpress.com,1
barinfo.me,1
www.zagorski-metalac.hr,1
www.slobodnaskola.hr,1
www.sm-it.hr,1
www.slon.hr,1
www.zagorje.hr,1
ambijent.hr,1
www.slovenci.hr,1
www.slovenia-accommodation.co.uk,1
www.zagorje-sutla.eu,1
baptist.hr,1
baptist-split.com,1
www.socialmediadaily.hr,1
www.zagi.hr,1
www.sm-art-design.com,1
www.zadrugart.org,1
banovici-x.com,1
banovi-dvori.com,1
www.smglanguages.com,1
banksecrets.hr,1
bankar.rs,1
bankabilan.com,1
banjalukasport.com,1
www.smokvina.com,1
www.smpharma.net,1
www.smrekovit.net,1
bang-olufsen.hr,1
www.zagoricani.com,1
www.snaga-osmijeha.com,1
www.snaga.ba,1
bandsagittarius.monster,1
band-cabaret.com,1
www.snoopy.hr,1
www.zafaz.hr,1
www.sobazanimljivog.info,1
bananabar-podgora.com,1
www.sobni-termostati.com.hr,1
amcentar.hr,1
www.socialismrealised.eu,1
www.somfy.hr,1
www.spajalica.info,1
balkanskispecijaliteti.info,1
balun.hr,1
www.solananin.hr,1
baltazar-didaktika.hr,1
www.zadrugaizazov.hr,1
www.softlab.hr,1
www.sogfbih.ba,1
www.sohobits.hr,1
www.sokobanja.com,1
www.zadobrobit.hr,1
balondekor.ba,1
www.sol-tours.hr,1
www.sol.hr,1
www.solaodlicnosti.si,1
www.zadar.hr,1
balkatongang.sltoos.info,1
www.solta-oliveoil.com,1
balkanvicevi.com,1
amecorg.com,1
www.som.hr,1
amelie.hr,1
www.zadar-nekretnine.com,1
balkanforum.info,1
www.societaallestero.com,1
www.spa2o.com,1
www.spalatum-dmc.hr,1
americkakiropraktika.hr,1
www.sos.hr,1
www.soskic.hr,1
balkanskapravila.com,1
www.soulkitchen.network,1
www.zadar-apartments.co.uk,1
www.soulsofdistortion.nl,1
www.sound-news.net,1
www.zaboljitak.ba,1
balkansampzone.bosnianforum.com,1
balkanlunchbox.com,1
balkanlifetoday.info,1
balkanskimagazin.com,1
amfi.ba,1
amigdala-aromaterapija.hr,1
www.sozialmarie.org,1
www.sozo-hr.com,1
www.spa-centar-lavandula.hr,1
www.spa-golf.com.hr,1
www.spa.hr,1
bauwerk-group.hr,1
bautrend.ba,1
www.jurec.hr,1
www.tz-samobor.hr,1
www.vjecni-cvijet.hr,1
apartmentsvillaorebic.com,1
www.venit-exante.hr,1
www.venushotyoga.com,1
www.veritas.com.hr,1
apartments4u-croatia.com,1
apartments-vlaho.com,1
www.vernesasmolcic.com,1
www.tz-suhopolje.hr,1
www.vratimimojekrpice.com,1
auto-rettung.hr,1
www.vfgolf.ba,1
auto.ba,1
auto-universum.hr,1
www.telekineza.com,1
auto-saloni.blogspot.com,1
www.vzgz.hr,1
www.telenor.me,1
www.televizija-tv7.me,1
www.televizijastudent.com,1
www.telum-marketing.com,1
www.temperancija.hr,1
apeironsrbija.edu.rs,1
apg29.com,1
apartments-sun-dance.com,1
apg29.se,1
apartments-baskavoda.com.hr,1
www.vguk.hr,1
www.vgvodoopskrba.hr,1
apartmany-podgora.com,1
www.vi-ma.hr,1
www.vivomixx.eu,1
apartmanplus.com,1
www.vertigo-nekretnine.hr,1
www.veroval.info,1
apicura.hr,1
www.velingua.hr,1
www.vjencanje123.hr,1
www.velikakuhinja.com,1
www.veliki-grdjevac.hr,1
www.veliki-za-male.com,1
www.velikibukovec.hr,1
www.vjencanja.co,1
www.vjencanja-sagudeventus.hr,1
www.vjencanicebiba.hr,1
aphnk-z.ba,1
www.velinac.hr,1
www.temporar.hr,1
autoblog.marintomas.com,1
www.vzgvg.hr,1
www.tekstovipjesamalyrics.com,1
www.tehnomodeli.hr,1
www.tehnopan.com,1
www.tehnopolis.hr,1
www.tehnoprogres.hr,1
www.tehnostan-vukovar.hr,1
www.tehnostar.ba,1
www.vzo-kraljevec-na-sutli.hr,1
autobusi-vincek.com,1
autobossi.hr,1
autizam-ri.hr,1
auti.ba,1
www.techfuturoinnovation.hr,1
angelusmuseum.com,1
angeljeki.hr,1
www.thaitouch-massage.com,1
www.thatseurovision.com,1
www.the-nutrition.com,1
www.vura.hr,1
www.vupik.hr,1
www.thermana.si,1
www.thermiashop.hr,1
www.tehnomagazin.com,1
andjeli.hr,1
www.tempusocto.hr,1
www.tehnocentar.hr,1
www.tena-g.hr,1
auto-mag.hr,1
auto-lux.hr,1
www.tende-zara.com,1
andliginspiration.com,1
www.tenisklubopatija.hr,1
auto-horvat.hr,1
www.tenor.hr,1
www.telefoni.ba,1
www.telba.hr,1
www.tent4rent.info,1
www.tehnocolor.com,1
www.techsoupkosovo.org,1
www.tecnoauto.hr,1
www.tedxnkppbjelovar.com,1
www.tedxpodgorica.me,1
www.tegla.rs,1
autoconfig.abraxas.hr,1
autocamp-sirena.com,1
www.tehno-rez.hr,1
www.w2opolo.com,1
apartments-cres-losinj.com,1
www.vetropack.hr,1
www.thesmalleningworld.com,1
www.vbenterprisetranslator.com,1
apartmani-kranjcec.hr,1
apartmani-ivan.hr,1
apartmani-bimbor.com,1
www.virovtica.com,1
www.virtualni-ured.net,1
apartmanitucepi.com,1
www.vib-studio.hr,1
www.valpovo-ppk.hr,1
apolon.hr,1
www.vaucher.hr,1
app.auva.at,1
www.verrulon.com,1
www.vci.hr,1
app-smartbit.com,1
apotekos.com,1
aposo.gov.ba,1
apos.hr,1
antiwarsongs.org,1
www.vjetrenica.ba,1
apolomo.com,1
app.biblos.si,1
www.vegaintro.hr,1
www.vipro-nekretnine.hr,1
www.vipmarket5.mk,1
apartmani-luca.com,1
www.vipdata.hr,1
www.visitorsdetective.com,1
www.visitpodcetrtek.com,1
aoozh.hr,1
anzotica-cosmetics.hr,1
www.vitahemp.hr,1
antwortenkriege.com,1
www.vinarija-malec.com,1
antunovic.ba,1
www.vinarstvo-provic.hr,1
www.vinis.hr,1
www.vinkoprom.com,1
www.vinogradarstvo.hr,1
www.vinolog.hr,1
apartmani-pucisca.com,1
www.vinoteka.hr,1
apartmani-povratak.weebly.com,1
apartmani-pag-novalja.com,1
www.viocl.hr,1
apartmani-nevenka-zaton.hr,1
www.virus.kapelica.com.hr,1
www.vip-travel.hr,1
www.vjeroznanci.com,1
www.veggievisiondating.com,1
apmilos.hr,1
www.vkf-renzel.com.hr,1
app.pusica.com,1
antisezona.wordpress.com,1
www.vatreni-shop.com,1
www.vatrenosrce.hr,1
www.vatrogasci-daruvar.hr,1
www.vk-ngusar.hr,1
www.velika-trnovitica.hr,1
www.velikagorica.com,1
www.vividenti-kalmar.com,1
www.veterinarstvo.hr,1
www.vertron.hr,1
www.veseli-apartmani.com,1
www.veski.hr,1
www.vesnasposa.hr,1
www.vespaclubcroatia.com,1
www.vespaclubdalmatia.com,1
apartments-rino-vodice.com,1
apartments-pavic.com,1
www.vet-centar.hr,1
antonioplazibat.rscycle.info,1
www.vetpoint.hr,1
app.thecampster.com,1
appadvice.com,1
www.veinst.hr,1
www.vklosinj.com,1
apiterapija.savjeti.biz,1
apismarket.hr,1
apin.hr,1
www.veli-joze.hr,1
antoanetaradocaj.com,1
www.vatrogastvo-sibenik-knin.hr,1
www.vatrogasci-sb.com,1
anton008.com,1
www.varkom.com,1
www.valvoline.com.hr,1
www.vlaki.info,1
antikvarijat-biblos.hr,1
www.vamotamo.hr,1
www.vlada.bdcentral.net,1
apt-servis.hr,1
www.varazdinfilmcommission.eu,1
apropo.marketing,1
www.varazdinske-toplice.hr,1
www.varazdintours.hr,1
apps.unizg.hr,1
www.vk-medvescak.hr,1
www.thermoshield-croatia.com,1
aureabeach.com,1
www.skolegijum.ba,1
www.tarot-horoskop.com.hr,1
www.taktata.com,1
www.talent4you.org,1
www.tanac.hu,1
www.tarotgatanje.com,1
www.tandemforculture.org,1
www.tangoargentino.hr,1
www.tangopolix.com,1
www.wayfarer.hr,1
www.taracentar.hr,1
www.tarikdautovic.com,1
www.tarot-sofija.com.hr,1
www.taxipula.com,1
www.waya.ba,1
anchor.fm,1
www.vulkanizerstvo-lasic.hr,1
www.tigar-rakitje.hr,1
www.tz-otocac.hr,1
www.trudnoca.net,1
association-effervessence.fr,1
www.vrtic-orepcici.hr,1
www.trox.hr,1
www.trpanj.hr,1
www.takemusu-giri.com,1
autoklub-sisak.hr,1
www.tahograf.hr,1
www.taf.hr,1
www.walschcroatia.com,1
www.walraven.com,1
www.wanweibaike.com,1
www.tdmed.me,1
www.teachtoday.de,1
www.teak.hr,1
www.team.hr,1
andelkasubasic.com,1
www.teatarnaranca.hr,1
autodjelovi.com.hr,1
www.teb-ing.hr,1
autodijelovi-barisic.vulco.hr,1
www.waldorf.si,1
autohrvatska.com,1
www.tarotmagika.com,1
www.szzbpk.ba,1
www.wayoo.hr,1
www.t-mobileinmusicfestival.com,1
anatron.hr,1
autokreso.hr,1
www.taekwondo.hr,1
assitej.hr,1
assa.voxxyz.com,1
aspiria.org,1
astrofon22.ba,1
www.tresnja.net,1
www.trgo-agencija.hr,1
www.trgostan.hr,1
astrocentar.ba,1
www.trnovo.ba,1
aninamama.wordpress.com,1
www.trgovina-ekstra.hr,1
www.triatlonklubvarazdin.hr,1
www.tribalwars.net,1
astro.hr,1
astracentar.hr,1
www.trimo-group.com,1
www.trio-marinero.net,1
www.trisunsoft.com,1
www.tritonus.hr,1
www.tuli.hr,1
www.tupperware.hr,1
www.trcizdravo.com,1
www.tz-buzet.hr,1
artritis.hr,1
artprovocator.com,1
www.trening-program.com,1
www.tremontrade.hr,1
aning.hr,1
www.tremac.hr,1
www.vrtic-nemo.hr,1
www.truckplus.fr,1
www.truluv.com,1
www.trofej-dinamo.hr,1
www.trunki.com.hr,1
asmir.adstar.ga,1
www.trustytaxi.com.hr,1
anitakandera.com,1
www.trznicakarlovac.hr,1
asmalldoseofthebeginning.blogspot.com,1
www.vrtic-frfi.hr,1
www.tsbih.ba,1
www.ttk.hr,1
www.tu-val.si,1
aninelutke.com,1
www.trocal.com,1
askpredator.hr,1
www.trgovanjenaforexu.com,1
www.treasury.hr,1
astronomskisavez.hr,1
www.vrtic-radost.hr,1
www.taxirijekasms.com,1
www.taxi-zlatko.hr,1
www.texo-tehnologije.hr,1
www.tettixsa.com,1
www.teximp.com,1
www.terrapark.hr,1
aurumdentalcentar.com,1
www.terratravel.hr,1
auroraagrahya.com,1
www.teslamotors.hr,1
www.testiranja.com,1
aurodomus.hr,1
aureliafutsal.hr,1
www.tetragram.hr,1
www.technogipspro.com,1
www.tatu.us,1
www.techdoctor.hr,1
www.ticketline.rs,1
automotonautika.com,1
autoserviseno.net,1
autoservis-gavran.hr,1
autorepublika.com,1
www.svjetiljkaisvjetlo.hr,1
autoprodaja.ba,1
www.webshop.tec-nordia.hr,1
www.svjetromkroztisinu.org,1
andrianaprivlaka.com,1
austrija.realigro.com.hr,1
www.vwclubcroatia.com,1
www.termo-klima.ba,1
www.thetvdb.com,1
aurantiumdotorg.wordpress.com,1
www.vumir.hr,1
www.thymuskin.hr,1
www.ti-si-sunce.hr,1
www.tianasetka.com,1
www.tibafestival.com,1
www.tibba.hr,1
www.tibia.hr,1
www.tibor-tours.hr,1
www.tff.ba,1
anelabeautyacademy.com,1
autenticnikreativci.blogspot.com,1
www.terra-world.com,1
autenticnikreativci.anitakandera.com,1
www.vz-pgz.hr,1
www.terme-banovci.si,1
andrejgrozdanov.com,1
www.terme-maribor.si,1
www.terme-olimia.com,1
www.terminal.hr,1
autonuic.ba,1
autonews.blogger.ba,1
anatomija-otoka.com,1
www.svetmar.hr,1
www.svetplus.com,1
autoskola-ispiti.com,1
autoskolaslavonac.com,1
www.svezapivo.hr,1
www.sveznan.com,1
www.wellnessolutions.co.uk,1
www.svijece.com,1
autoskola-stubica.hr,1
www.svijet-krstarenja.hr,1
www.welcome-to-barcelona.com,1
autoskola-retrovizor.eu,1
www.webviki.ru,1
www.synlab.hr,1
autoline.me,1
www.wakeboarder.hr,1
www.taxizagreb.com.hr,1
autoglobal.hr,1
www.tarzanija.com,1
www.tasavvuf.info,1
www.tasty.hr,1
www.tattoo-majice.com,1
www.wereo.eu,1
www.svetiste-mbb.hr,1
www.svrljig.info,1
autoskolazagreb.hr,1
autoskola-cijena.blogspot.com,1
anatrade.hr,1
www.webflowers.hr,1
www.swietelsky.hr,1
www.swimmchallengetrilogy.com,1
www.swimzg.hr,1
automercskoro.com,1
www.sy-ledlighting.com,1
automaty-hry.com,1
www.webedukacija.com,1
automat-tn.hr,1
anastazija.com.hr,1
autoskola-gabric.hr,1
www.szentpeterfa.hu,1
www.svetmedicine.com,1
www.svetice.com,1
autotax.me,1
www.westbalkannetwork.com,1
www.svetijosip.com,1
autoskole-klindic.hr,1
www.svetipetarorehovec.hr,1
www.visitopatija.com,1
www.visoko.gov.ba,1
anwalt-bih.de,1
www.up-rs.si,1
www.uniroyal.hr,1
www.vodovod-lasinja.hr,1
www.vodoservis-mate.com,1
argola-zagreb.hr,1
www.unseencavtat.com,1
www.uo-pag.hr,1
www.vodomjeri.net,1
www.vodoinstalater-sucic.hr,1
www.uorovinj.com.hr,1
arfaservices.com,1
www.upfitness.com.hr,1
becutan.rs,1
www.upit-os.hr,1
www.vodiczaravantrbuh.com,1
www.upogoni.org,1
areyousyrious.medium.com,1
www.upoznajhrvatsku.info,1
arentik.com,1
www.upravljanje.hr,1
arena-fasade.hr,1
www.upuhh.hr,1
arhiv-gospic.hr,1
www.uniroyal.ba,1
arhitehnicar.hr,1
autovehicule-rutiere.ro,1
www.whatisfatmagulsfault.com,1
www.seoskiturizampirak.hr,1
www.seovalley.nl,1
www.zamah.hr,1
www.zalezanaglava.hr,1
www.servier.hr,1
www.servis-centar.hr,1
www.servisloncar.hr,1
www.serviszasendvice.hr,1
www.sfzg.unizg.hr,1
www.sestramaca.hr,1
www.zakud-kazup.hr,1
amara.org,1
beba.hr,1
www.sesvetski-dom.hr,1
www.zakladasvdsavio.com,1
www.severus.hr,1
beba.ba,1
www.sevoi.eu,1
beba-eva.hr,1
www.whatsapp.com,1
www.sveti-lovrec.hr,1
arhiv-www.hrt.hr,1
www.unik.hr,1
www.umjetnicka-skola-osijek.hr,1
www.urbanbug.net,1
www.vocin.hr,1
www.ux-dizajner.com,1
www.uza.hr,1
www.uzarija-geto.hr,1
www.uzgajivackutina.com,1
www.uzgso.hr,1
www.uzop.hr,1
www.vmo.hr,1
www.uzso.hr,1
www.v-clinic.eu,1
www.vacuslim48.com,1
www.utv-like.hr,1
aquasub.net,1
www.vajbmagazin.com,1
www.vmdservis.hr,1
www.vajda-elvit.hr,1
www.vmc21.com,1
www.vakance.hr,1
aquasoft.hr,1
antikspalato.hr,1
aquarius-grupa.hr,1
www.vacationrentalsincroatia.com,1
www.urbanavrtlarka.com,1
www.uljd.hr,1
www.uradni-list.si,1
www.ulje-zumah.hr,1
www.ultra-sailing.hr,1
www.ultragym.hr,1
www.vojska-bezgresne.com,1
www.ulysses.hr,1
www.umbrella.hr,1
www.umgbp.ba,1
www.umijecebogacenja.com,1
www.umium.hr,1
antiage.hr,1
www.unija.hr,1
www.umoljani.com.ba,1
www.umomdvoristu.com,1
www.umparselodubrave.com,1
www.umt-sdz.hr,1
www.undentifiedflyingobject.com,1
www.uni-aas.si,1
arhiva.boss.ba,1
www.voipbon.com,1
arhiv.unizg.hr,1
arhiv.imi.hr,1
www.seo-webdesign.com.hr,1
www.sentenca.club,1
apa.ba,1
www.selmet.hr,1
www.seekreators.org,1
www.zaposliosi.me,1
www.segota.vet,1
www.sejari.ba,1
alumont.net,1
belanedeja.com,1
www.seat.ba,1
www.selcom.hr,1
www.selectio.hr,1
www.selfieboxck.com,1
behealthis.com,1
www.servisracunalarijeka.com,1
www.zapadnisrbi.com,1
www.senator.hr,1
alusta.co,1
behar.edu.ba,1
www.senicic.hr,1
www.sebenica.com,1
alumni.tvz.hr,1
alzasalarms.hr,1
belyfashionadress.blogspot.com,1
www.schoolandcollegelistings.com,1
www.seebtm.com,1
beleske.com,1
www.zara.hr,1
www.securitas.ba,1
www.skolest.com,1
www.skolica.hr,1
batt.hr,1
www.skolioza.hr,1
www.skolskaupravacacak.rs,1
www.sksplit.hr,1
www.skolske-torbe.com,1
batours.ba,1
www.skolskidnevnik.net,1
www.skolskiportal.edu.me,1
www.zagrebparking.hr,1
batimat-apartmani.com,1
www.skovacin.hr,1
www.zagrebotvorenigrad.hr,1
www.skroce-breza.hr,1
amarilisonline.com,1
www.sigurnost.eu,1
www.sigurnakucaistra.hr,1
www.schoeck.com,1
belecgrad.com,1
www.secretprojects.co.uk,1
www.schrack.ba,1
beneamata.com,1
www.scienceofidentity.org,1
www.shirataki.eu,1
www.shop-translation.de,1
beautylabs.com.hr,1
www.shz.hr,1
www.sia.com.hr,1
www.sibenik-info.hr,1
www.zaklada-vita.hr,1
beautybreakbyana.blogspot.com,1
www.shannon-ohara.com,1
beautybox.hr,1
www.sibenskefranjevke.hr,1
beautybazar.it,1
beautyandbrains007hr.blogspot.com,1
www.sieberz.com.hr,1
www.siggis.hr,1
www.signalweb.hr,1
www.signewords.com,1
www.significo.hr,1
www.signme.hr,1
www.share-international.net,1
www.sgminformatika.hr,1
bee.ba,1
www.shooos.hr,1
www.shin.hr,1
www.scientiapopulo.hr,1
amaranthinestore.com,1
www.scm.ba,1
www.scnetistina.com,1
www.scnetworld.com,1
www.scouterna.se,1
www.scpozega.hr,1
www.zasladizivot.com,1
www.seanbloomfield.com,1
www.scsi.hr,1
alumix.hr,1
belona.hr,1
www.sda.rs,1
www.sddh.hr,1
bellonabiz.com,1
bellanapolibg.it,1
bella-vita.hr,1
www.sea-adventure-privlaka.com,1
www.seamasterclass.com.hr,1
begic-international.com,1
beep.ba,1
www.sigsistemi.hr,1
beautycentarchiara.com,1
www.vlasiclive.com,1
www.uvijekgladna.com,1
ar-metal.hr,1
www.vik-iverali.hr,1
www.udruga-tradicije-ljepote.hr,1
www.udruga-trag.hr,1
www.valdenaga.hr,1
aquamarinepress.wordpress.com,1
aquaelteh.hr,1
www.vilkograd.com,1
apartmani-verita.hr,1
apartmani-veglia.com,1
www.vijesti91.com,1
www.vijestisvijesti.com,1
www.vik-split.hr,1
www.urbanieventi.com,1
apartmani-split.com,1
www.vila-mira.com,1
www.vila-velebita-slatina.hr,1
www.vilin-sapat.com,1
www.villa-dol.com,1
www.vitathlon.com.hr,1
www.villa-dubrovnik.hr,1
www.villa-fiore-spinovci.com,1
www.villa-marone.com,1
www.villacapietra.com,1
www.udruga-srce-zelina.hr,1
www.udruga-spectrum.hr,1
arithera.hr,1
www.udruga-promjena.hr,1
www.uhrs.hr,1
arhivajoomla.izvidjac.com,1
www.udruga-ujevic.hr,1
www.udnovizagreb.hr,1
www.udruga-point.hr,1
aromateka-eskulap.hr,1
arnicentar.com,1
www.udruga-brod.hr,1
www.udruga-down-obz.hr,1
arminhalitovic.ba,1
www.udruga-kamencici.hr,1
www.volim.trcanje.hr,1
www.udruga-oko.hr,1
www.udruga-ozana.hr,1
www.udruga-poduzetni.hr,1
arm.proz.com,1
antearevizija.hr,1
arkosbrodovi.com,1
arkadia.hr,1
arixshop.com,1
www.udruga-prijatelj.net,1
www.villakristina.net,1
apartmani-simuni.com,1
www.villanino.com,1
www.vidobrazovanje.hr,1
www.vidovic.info,1
apartmani-zava.hr,1
www.viega.hr,1
www.villavolicijamakarska.com,1
www.vimatrgovina.hr,1
www.vibe-euproject.com,1
apartman-neum.com,1
apartmani-anja.hr,1
apartman-vlasta-marusici.com,1
anvelope-janteauto.ro,1
www.visegradlive.com,1
www.visinfo.org,1
www.visit-omisalj-njivice.hr,1
www.visit-stari-grad.com,1
www.visitbar.org,1
www.visitbaska.hr,1
www.visitbibinje.com,1
www.visitcelje.eu,1
www.virusi.net,1
apartman-lea.com,1
www.visitdobrinj.hr,1
www.vitezovi-zelingradski.hr,1
www.vidmarsport.com,1
www.villas-more.hr,1
www.vidipozitivno.club,1
www.villasjoja.hr,1
www.vitarukrmu.hr,1
apartmani-zaostrog.com,1
www.vigilare.hr,1
www.villetta-phasiana.hr,1
www.videoteh.hr,1
www.vivascaffe.hr,1
apartmanipakostane.com,1
www.vicko.net,1
www.vicmaher.com,1
www.vid.hr,1
www.vivanoda.eu,1
www.vida.com.hr,1
www.vivaderm.eu,1
apartmaninatali.com,1
www.videonadzori.eu,1
apartmani2sokola.com,1
antoniosiber.org,1
www.vitezovivranski.hr,1
apartmani.foto-nadir.hr,1
apartmani-zec.com,1
www.uhd.hr,1
arhiva.molekula.org,1
www.uhakud.info,1
www.ukradeni-islam.com,1
www.uir-zagreb.hr,1
www.ucidalje.eu,1
www.volimtuzlu.ba,1
www.uaecar.net,1
artax.com.hr,1
arsvivendi.ba,1
www.uberquotes.net,1
arsenalbih.blogger.ba,1
www.ucenicki-dom-lovran.hr,1
www.ucenickidom-karlovac.hr,1
www.volimljuto.com,1
arsen.hr,1
www.ucidoma.me,1
www.u4hr.hr,1
www.uciliste-apis.hr,1
ars.com.hr,1
www.uciliste-ivanec.hr,1
www.uciliste-sigurnost.hr,1
www.uciliste-virtus.hr,1
anshintertrade.in,1
arrivatravel.hr,1
www.uiri.hr,1
ar.hrobos.hr,1
aronija-kop.com,1
www.uterque.com,1
arbiapalace.com,1
www.urbanistica.hr,1
www.urbanizam-valpovo.hr,1
arcovohotelloyalty.com,1
www.urbis86.com,1
archive.forum.travian.com.hr,1
www.uredski-materijal.eu,1
www.ursula-coaching.com,1
www.ursulinke.hr,1
www.usb.hr,1
archive.eurokaz.hr,1
arbanautika.hr,1
www.utociste-sveti-nikola.hr,1
www.uspdr-orao.hr,1
www.usprv.org.rs,1
www.usr.hr,1
www.usrvitez.ba,1
arabih.ba,1
www.vocolinc.eu,1
ar.m.wikipedia.org,1
www.ute.hr,1
www.ucp.hr,1
www.udas.rs.ba,1
www.ufri.uniri.hr,1
www.tzomedulin.org,1
www.uddeholm.com,1
www.udn.hr,1
arhiva.marusevec.hr,1
arhiva.stvaraonica.hr,1
arhiva2015.festivaloftolerance.com,1
www.udrugabeat.com,1
arhiva.zupcica.hr,1
www.udrugadar.hr,1
www.udrugafst.hr,1
www.udrugamehatronicara.com,1
www.udrugapraviput.com,1
www.udrugaroditeljakpk.hr,1
www.udrugasrce.hr,1
www.udrugasunceng.hr,1
arhiva.slobodnahercegovina.com,1
arhivaskc.org.rs,1
www.udruzenje-baranja.hr,1
arhiva.sanjamknjige.hr,1
www.uep.hr,1
www.uez.hr,1
www.uffbih.ba,1
www.tzpunat.hr,1
www.tzob.hr,1
anoval-projekt.hr,1
www.volleyteam.org,1
www.tzssdib.hr,1
www.udik.org,1
www.tzdubrovnik.hr,1
www.tz-vinodol.hr,1
artisincludum.hr,1
www.tz-vojnic.hr,1
www.vranjica-belvedere.hr,1
artinterijeri.hr,1
www.tz-zupanja.hr,1
artiliadesign.com,1
www.vortopalabra.hr,1
www.vondt.net,1
www.tzdjakovo.eu,1
www.volvotrucks.hr,1
anoreksija-bulimija.info,1
www.tzgz.hr,1
anomija.hr,1
www.voluntary-circles.com,1
www.tzo-blato.hr,1
www.tzo-murter.hr,1
www.tzo-trpanj.hr,1
acta.izor.hr,1
www.kotorsko.ba,1
skicoslavljev.blogspot.com,1
cn.mvep.hr,1
www.mbzzh.ba,1
www.keune.hr,1
www.hsmuzej.hr,1
www.mdfrazigranenote.hr,1
cisto-split.com,1
cmzvps.com.hr,1
admirmulaosmanovic.ba,1
zonafilma.com,1
zou.bdcentral.net,1
zrkborac.com,1
zdrava-jabuka.com,1
www.klima-uredaji.hr,1
www.michaellaitman.com,1
www.michelin.com.hr,1
www.medcrm.hr,1
www.micromreza.com,1
zotovicbl.com,1
dalia-made.com,1
dietgrainno.club,1
www.med-estetika.hr,1
www.keramika-ivancic.hr,1
www.hsm360.com,1
www.mcafee.com,1
www.mcdonalds.ba,1
www.hssg.hr,1
www.migrationsverket.se,1
www.hotel-vilaconte.com,1
www.katedrala.hr,1
dianaviljevac.com,1
zastone.ba,1
www.kmt-ts.hr,1
coboramlaprima.ro,1
dietdoctorreviews.xyz,1
zrmanjaoutdooradventures.com,1
www.knaufinsulation.hr,1
cocarde-nunta.ro,1
www.mcvodice.hr,1
www.mcvities.hr,1
damirov-fotokutak.hr,1
972.fm,1
www.mck-sinj.hr,1
www.merkur-commerce.com,1
www.knegingrad.hr,1
www.horoskop.covermagazin.com,1
www.kardian.hr,1
www.mcdrvu.hr,1
znanjenadjelu.hr,1
cnc-centar.com.hr,1
www.hostelsvetirok.com,1
www.kessel.hr,1
www.hood.com.hr,1
www.militaryshop.rs,1
www.mikrosun.eu,1
www.hsy.hr,1
www.maxximumshop.hr,1
zoo-amazona.hr,1
www.mbm-commerce.hr,1
www.karavla.com,1
www.hsss-cbsa.hr,1
ciscoakademija.ba,1
diem25.org,1
www.mbfrigo.ba,1
ciruss.net,1
www.mikrocop.si,1
www.mikrofinosiguranje.com,1
www.mbaincon.com,1
www.karavela.net,1
dicaprio.hr,1
zdravahrana.hr,1
www.karatevelikagorica.com,1
www.hororvizija.net,1
www.mazda.co.me,1
zzconcept.hr,1
www.maxairsoft.com,1
www.horvatia.info,1
60godina60nagrada.com,1
zrnosoli.wixsite.com,1
znanjem-do-posla.opcina-viskovo.hr,1
digitalist.hr,1
www.keyword-suggest-tool.com,1
www.milanstojkovic.com,1
dijastaza.com,1
zoo-hotel.hr,1
www.kk-hiperion.com,1
www.ht.hr,1
www.milershop.hr,1
www.maxximum-portal.com,1
zdravaisretna.hr,1
zrnovecnosti.org,1
dileme2020.neuro-hr.org,1
damor-auto.hr,1
adessotrieste.eu,1
www.knjige.club,1
zastitnamaska.hr,1
czzzr.hr,1
5do12.eu,1
www.kapsulezakavu.hr,1
www.klaricic.com,1
www.houseofmica.org,1
admoveo.hr,1
znszhb.com,1
ckdr.hr,1
dalibormilas.com,1
zvrba.net,1
www.mesap.hr,1
7od9.hr,1
citygreens.info,1
72sata.hr,1
www.merhamet.se,1
dijabetes.me,1
www.kcconnect.eu,1
www.hpd-papuk.hr,1
www.memorabilia.hr,1
dijak.online,1
www.hpd-sveti-jure.com,1
www.kccazin.com,1
cityofangels-roleplay.com,1
www.merlinpula.hr,1
dijabetes-novisad.org,1
zvrk.info,1
www.klaunsarenko.com,1
www.merz-spezial.ba,1
712010.blogger.ba,1
www.kcns.org.rs,1
123design.co,1
www.hpb-invest.hr,1
diglossia.hr,1
154brigada.com.hr,1
ckks.ba,1
czss-sinj.hr,1
adionatravel.hr,1
www.kcb.hr,1
czss-makarska.hr,1
civitas.ba,1
www.hpgf.org,1
www.hpls-powerlifting.hr,1
www.hpo.hr,1
adip.hr,1
www.klea-savjetovanje.hr,1
www.mesihatsandzaka.rs,1
dijaspora.club,1
zvucniplanet.hr,1
www.mehanotehna.hr,1
zns.hr,1
www.hps-dart.hr,1
zazeli-resetari.com.hr,1
www.mentos-hr.com,1
www.mesofaden.eu,1
www.mercedes-benz-gasparic.hr,1
www.kle-croatia.com,1
cityplaza.hr,1
www.klimont.hr,1
citroenclub.hr,1
dalija-kana.com,1
www.mennyacht.com,1
zpr.fer.hr,1
www.kbsd.hr,1
ckhis.ffzg.unizg.hr,1
www.menca.eu,1
ckilidza.blogger.ba,1
czss-krizevci.hr,1
www.housingaustria.com,1
zazeli.opcina-garcin.hr,1
www.mesopust.com,1
www.men-ars.hr,1
czss-petrinja.hr,1
www.housetina.com,1
www.mesotraxmezoniti.hr,1
www.hpu.hr,1
www.kcp.hr,1
www.memories-baska.com,1
www.memorial.com.tr,1
www.klima-elektro-supe.hr,1
zavidovici.info,1
dalkoning.hr,1
www.hpd-bilo.hr,1
www.meinlcoffee.com,1
www.menshealth.rs,1
zns-dn.com,1
www.menopauza.hr,1
www.meta.com.hr,1
zazelidonjikraljevec.com.hr,1
znr.hr,1
www.klimakterij.hr,1
zriha.consulting,1
digitalnozajednistvo.hr,1
cito.hr,1
www.hr-netiquette.org,1
www.melliaromatica.com,1
www.hr.creastring.com,1
zvukobook.ru,1
www.hr.emb-japan.go.jp,1
www.metal.hr,1
www.hothbricks.com,1
www.metalka.hr,1
zbirka-antun-motika.com,1
ckk.hr,1
www.hoteltucepikastelet.com,1
www.mikronis.hr,1
www.mazda-hr.com,1
academia-cravatica.hr,1
zupa-nedelisce.hr,1
csm.hr,1
abcdnekretnine.hr,1
www.lepoglava-zona.com,1
zet-info.com,1
www.lepoglava-info.hr,1
www.interproductbgd.com,1
www.kronwin.hr,1
www.intersport.ba,1
zerocod.com,1
www.janfigel.eu,1
www.intercal.hr,1
www.kkd-ibm.hr,1
www.krkholiday.com,1
www.libera.hr,1
www.instore.hr,1
www.instrukcije-hr.com,1
www.instrumentaria.hr,1
www.int-service.hr,1
www.integra.hr,1
croatia4you.holiday,1
www.libar.net,1
www.krkmusicfest.com,1
croatian.film,1
2ch.hk,1
www.internetmater.com,1
croatian.estate,1
zdorovayagolova.ru,1
digitalkartel.hr,1
www.magnus-idea.hr,1
www.hydromaxcaj.com,1
academlink.com,1
www.jamyachtsupply.com,1
www.interijeri-dekanic.hr,1
www.level.hr,1
csmaniacs.blogger.ba,1
www.letkomat.hr,1
www.interijeri.com.hr,1
www.interijermarko.hr,1
www.krona.hr,1
www.interijernet.hr,1
zupa-muke-isusove.hr,1
2909.blogger.ba,1
www.lera.hr,1
deltapromet.hr,1
www.lepotaizdravlje.rs,1
www.institute.hr,1
www.kronhofer.at,1
www.integragroup.hr,1
www.lgbti-era.org,1
zepka.blogger.ba,1
ac-serdarevic.peugeot.hr,1
www.learta.net,1
www.lea.hr,1
www.lda-verteneglio.hr,1
www.jagodnjak.hr,1
crystalnailshr.com,1
www.jagodniprsten.com,1
www.lchs.com.au,1
deltabloc.com,1
www.invito.com.hr,1
2rumba.ru,1
www.lawparis.com,1
zivicovjek.org,1
www.law-russia.ru,1
www.law-big.com,1
40danazazivot.com,1
www.jagoda.hr,1
www.lavracunala.hr,1
www.ipa-split.hr,1
www.ks-kckz.hr,1
cs.nebulousstars.com,1
deltalab.hr,1
www.investa.hr,1
www.ledhunter.com,1
www.krnetic.com,1
croatianwomensnetwork.org,1
demos.ba,1
zepoh.hr,1
24world.news,1
www.integralog.hr,1
zepterfinance.hr,1
croatiafidelis.hr,1
demeteraries.work,1
www.kroatien-adrialin.de,1
zerdav.wordpress.com,1
dema-karlovac.webnode.com,1
www.lexmanteam.com,1
www.lexilogos.com,1
www.inter-land.hr,1
croatian.welovemassmeditation.com,1
2revive.eu,1
www.lependesign.com,1
www.jakazena.com,1
croatianwoman.org,1
www.jaka-i.si,1
www.intro-marketing.hr,1
www.invest-croatia-zg-county.com,1
www.kemija.unios.hr,1
dalibor-andres.from.hr,1
cocochoco.hr,1
www.mg-osiguranje.com,1
www.kkhelios.si,1
zauvijekproeski.blogger.ba,1
www.medico.hr,1
clubvibes.info,1
www.medika.hr,1
www.klopa.hr,1
www.hrvatska-starokatolicka-crkva.com,1
www.hrvatska.volontira.vcz.hr,1
www.kljucnarazlika.hr,1
www.kataloska-prodaja.ba,1
www.mediteran-kamp.hr,1
zdomacegavrta.hr,1
www.kkvg.hr,1
www.hrvatskadijaspora.com,1
www.hrvatskafilharmonija.hr,1
digitalagro.eu,1
www.hrvatskaturistickakartica.hr,1
www.hrvatskaucentru.hr,1
www.mga-metkovic.com,1
zdenkoradovanic.blogspot.com,1
www.medils.org,1
dalmatinski-potrosac.hr,1
www.medicarna-oslakovic.hr,1
czss-brac-supetar.hr,1
www.medicinaizdravlje.com,1
digibrief.io,1
www.karatefinida.com,1
www.klupko.hr,1
cms.mapei.com,1
www.klukas.hr,1
digilib.phil.muni.cz,1
cistocapag.hr,1
zauvijektose.blogger.ba,1
dalton.ba,1
damadama.hr,1
www.kastela.com.hr,1
www.mhdz.hr,1
www.keepersport.hr,1
digital-marketing.hr,1
www.hotel-sport.hr,1
zupniuredpetrijevci.hr,1
zdizajn.hr,1
cmont.hr,1
zrinkina-skola-svedskog.thinkific.com,1
4geo.me,1
damanhurhrvatska.org,1
1agenstvo.ru,1
19042013.blogger.ba,1
www.medils.hr,1
www.hrvatskebluessnage.hr,1
www.hotel-adriatic.hr,1
www.mediaoglasi.hr,1
www.hotel-plava-laguna.com,1
www.kasmir.hr,1
www.hotel-riva.hr,1
difusione.hr,1
zoltantransport.hr,1
www.hrvatskibal.at,1
digi-pakrac.com,1
digarhiv.gov.hr,1
cme.ba,1
zatren.com,1
www.kastel-zagreb.hr,1
cmn.imo.net,1
zrk-umag.hr,1
www.hrvatskiwushu.hr,1
www.medical-yoga.com,1
www.hrvatskonumizmatickodrustvo.hr,1
damirbajs-nezavisnalista.com,1
www.mi-plast.eu,1
cistocadubrovnik.hr,1
cistoca-sibenik.hr,1
www.karnevali.hr,1
7thsensescoaching.com,1
zdici.info,1
www.miamiletic.com,1
www.kkmladost.com,1
zniranac.com,1
zolmer.ru,1
www.klub-pivadvije.hr,1
www.kkcokorskapolja.com,1
www.kempo.hr,1
dietweightloss.monster,1
czsr-jajce.com,1
www.hotel-placa.com,1
www.miaa-aces.hr,1
dietgroups.buzz,1
www.mediblink.hr,1
www.mediatoolkit.com,1
znb-travelagency.hr,1
www.kendoborac.com,1
www.mediatag.me,1
www.hotel-consul.net,1
www.karperstart.nl,1
www.hse.rs,1
zatemas.zrs.hr,1
czrm.hnd.hr,1
zusammen-kind.icu,1
citati.eu,1
www.hoteleldorado.nl,1
dinor.hr,1
ciklama.com.hr,1
www.kombi011.com,1
community.cloudflare.com,1
commons.wikimedia.org,1
zzofbih.ba,1
a-kod.net,1
www.koma.hr,1
1xbet-de.top,1
commodo.me,1
zdravlje-i-kuhinja.live,1
www.kamanje.hr,1
www.kancelarijainfo.rs,1
www.kamai-international.hr,1
www.husek.hr,1
zasstv.com,1
www.kinderuzitak.com,1
www.marina-commerce.hr,1
adelafrancekovic.com,1
www.marina-agana.hr,1
zoranmilanovic.hr,1
adebus.ba,1
www.kolektoravtomatizacija.com,1
www.kamagra-gel-hrvatska.com,1
www.miss2mrsplan.com,1
dailysoccerdigest.com,1
www.mislavrezic.com,1
znalac-radoznalac.com.hr,1
znakovi.net,1
www.matacroata.com,1
www.mini.com.hr,1
www.klaudijazubcic.com,1
www.huljs.hr,1
cvjetici-glazbe.hr,1
www.marijanakresic.net,1
adastra.blogger.ba,1
dhar-media.hr,1
communalnews.com,1
www.mariecuriealumni.eu,1
www.mariazellerland-blog.at,1
www.huzop.hr,1
cvjecarstvo.hr,1
dh-ch.openaire.eu,1
zmusk.wordpress.com,1
www.mariavisionmedjugorje.com,1
www.margraf.it,1
www.maretours.hr,1
www.misizmaj.com,1
www.koliberi.org,1
commonperfect.news,1
www.mirovinsko.hr,1
ciganskitarot.com,1
www.mana.hr,1
www.hwgurus.com,1
www.manualslib.de,1
dgitm.hr,1
www.manuelapicard.com,1
www.map.com.hr,1
www.kika-apartmani.hr,1
www.hvar-apartments.co.uk,1
www.mar-sub.hr,1
www.koming-kc.hr,1
www.hvar-otok-vina.org,1
a2b.ba,1
www.komintern.at,1
dgnet.volimdanilovgrad.me,1
companywall.com,1
www.mit-software.hr,1
www.hvidra-sb.hr,1
www.mitsubishi-motors.hr,1
www.mao.hr,1
zminj.hr,1
zztk.hr,1
zmijonosa1.blogspot.com,1
dip2future.foi.hr,1
di-tours.com,1
www.mitsubishi-pogarcic.hr,1
dhkp.hr,1
addo.hr,1
www.kamado.hr,1
www.maras.eu,1
www.maranta.hr,1
cvjecarnicadukanovic.hr,1
cvjecarnica-skrinjaric.hr,1
zdravljeiljepota.pejdah-pharmacia.hr,1
www.manna.hr,1
www.komovi.com,1
compas.tv,1
www.kaloopy.com.hr,1
www.kompernass.com,1
www.manjestresa.com,1
compcotyhaptelrgreatelucolornite.co,1
zars.hr,1
www.kaliper.hr,1
www.komputerservis.com,1
compofoto.lluisribes.net,1
zse.hr,1
dani-kajkavske-rijeci.eu,1
www.httpool.com,1
www.kancelarija.hr,1
www.katehetski.zadarskanadbiskupija.hr,1
www.masinko.hr,1
www.honestas-pe.hr,1
www.huka.hr,1
www.honda.hr,1
www.mininogomet.ba,1
diadora-media.hr,1
cip.unidu.hr,1
www.maskice-emde.hr,1
www.hometimefactory.com,1
www.knjigovodstvo.net,1
www.holidaycars.com,1
www.holidayhousemamil.com,1
www.mastercharter.com,1
cirilicatvhappy.rsworld.info,1
www.kamremake.com,1
diagram-of-suburban-chaos.com,1
www.holokaust.arhiv-beograda.org,1
www.maticahrvatskasisak.hr,1
codeclubcroatia.org,1
www.kiropraktikaistra.com,1
1xbet-br.xyz,1
www.maticahrvatska-bbz.hr,1
cybernetblackjack.com,1
www.knjigovodstvo-spela.hr,1
www.matisse-immobilie.com,1
ciroemia.com,1
www.masina.rs,1
www.kapljubavi.com,1
www.kisko.hr,1
danceofvictims.com,1
www.masiva-bj.hr,1
d-rifter.com,1
www.keyworddifficultycheck.com,1
zupatepcici.com,1
www.masineialati.ba,1
www.kamppasman.com,1
www.holiday-village-alan.com,1
www.mas-forma.hr,1
www.mixshop6.com,1
d-a-si.hr,1
www.kamp.galeb.hr,1
www.holdmerightfilm.com,1
www.holex.hr,1
www.masa-hr.org,1
www.hteronet.ba,1
www.masculinesolutions.info,1
www.hukb-trolist.hr,1
www.mavita.hr,1
www.mims.ucg.ac.me,1
zastitapodataka.hr,1
www.hudiz.hr,1
adprofis.com,1
www.hteurep.hr,1
www.kfbih.com,1
adnaomerovic.blogger.ba,1
9a3akf.com,1
www.matijavt.com,1
www.kiromax.hr,1
www.maticnjak.hr,1
www.knjizara.zavod.co.rs,1
zupasveteklare.hr,1
zastitainspect.com,1
danceincroatia.com,1
www.maslacak.com.hr,1
www.knjizare-vulkan.rs,1
zdravarica.com,1
www.kirurgijaiestetika.hr,1
coiprofalstorcoden.congsupkewatalotoubudhclubarsabooks.co,1
www.kgbrdovec.hr,1
zookokolo.hr,1
www.huhaphoto.com,1
www.maticnamlijec.hr,1
adelaidepipeband.com,1
www.holidayinkroatien.de,1
www.kfprinting.com,1
diadora.tv,1
www.matis.com.hr,1
cysoft.ro,1
adeptocompany.ba,1
zastitamora.net,1
coding.ba,1
www.hugandpunch.com,1
circlekbl.com,1
www.mingos.ba,1
coffeehouseplants.work,1
4endurance.hr,1
www.kirsch-tec.at,1
www.hua.hr,1
www.matic-feldman.hr,1
zastitainspekt.hr,1
www.huayilights.com,1
www.matic.hr,1
www.kfc.hr,1
www.homeinzagreb.com,1
5th-dimension.ba,1
dimidium.hr,1
dialog-komunikacije.hr,1
cystic-fibrosis.hr,1
zdravljeiljepota.com.hr,1
zasadistablonebudipanj.hr,1
zupanic-zupanic.com,1
www.hr.skechers.com,1
www.hrankovic.eu,1
www.hotelplaza.hr,1
dalmatia-filmfestival.com,1
www.hranisedobro.com,1
ckzg.hr,1
www.hotelsindubrovnik.com,1
www.hr.linex-probio.com,1
www.hotelrotondo.com,1
4sec.hr,1
www.megashop.hr,1
dalmacijaultratrail.com,1
1xbet-sn.xyz,1
www.kd-dubrovnik.hr,1
www.megamail.com.hr,1
www.megakrlogistika.com,1
czss-slunj.hr,1
www.hraction.org,1
www.mefos.unios.hr,1
www.mef.unizg.hr,1
www.medzlistuzla.ba,1
zrika.com,1
czss-glina.hr,1
www.katolik20.com,1
www.hotelkatarina.hr,1
digitalniinkubator.eu,1
classe.hr,1
zosikonferencija.hr,1
www.militeschristi.com,1
citizenjournalistmv.wordpress.com,1
www.klincisbukovca.com,1
www.hraste-partneri.hr,1
zbsg.blogger.ba,1
dalmatia-green.com,1
www.hotelpark.ba,1
www.klamericadizajn.hr,1
dalmatianaturalis.eu,1
www.klinickaispitivanja.hr,1
www.medzlis-sisak.net,1
clarus.hr,1
www.hrba.hr,1
15tornado.hr,1
www.meteohmd.hr,1
www.meteologos.rs,1
citiram.net,1
dalmatiaruralis.com,1
www.hotelmedena.com,1
digitalnisuperheroj.com,1
www.kd-group.hr,1
www.medzliskiseljak.ba,1
www.medzlisizsrebrenik.com,1
cloud.bosnalijek.ba,1
www.medjugorjetuttiigiorni.com,1
www.metuzalem.com,1
www.hotelbrotnjo.ba,1
adistrum.hr,1
www.medvednica.info,1
dalmatinskatrailliga.com,1
www.medusa.hr,1
www.medulinriviera.info,1
www.hotelfontanabuzet.com,1
clearcontholzringtima.ovgracilachgalreheartfolrearthbeslustphe.co,1
www.hrnogomet.com,1
www.hros.hr,1
digitalni-tahograf.hr,1
zuunjoh.hr,1
www.hrs.com.hr,1
zuts.hr,1
www.kliofest.org,1
www.medulin.com.hr,1
clichej.com,1
www.medskvz.org,1
www.katolici.info,1
www.kd-viskovo.hr,1
dalmatinskesume.hr,1
www.klinikazapobacaje.com,1
www.medjimurski-dvori.hr,1
citati.hr,1
cloud.irb.hr,1
www.hotelaria.me,1
zcp.hr,1
digitalnebrave.com.hr,1
www.klizaliste.info,1
zurnal24.info,1
digitalna.nsk.hr,1
www.kljucic-brdo.hr,1
zd-mioc.hr,1
czsshk.hr,1
www.hrtolkienboard.org,1
www.hotelbjelasnica.ba,1
climateexchangeplc.com,1
claustra.org,1
clintrialdatashare.com,1
adhocprijevodi.net,1
www.mex.hr,1
cit.srce.hr,1
zurnal-hrast.net,1
www.hoteladriaticorebic.com,1
www.htdr.hr,1
cinjenice.ba,1
www.kamen-benkovac.hr,1
www.miplus.hr,1
www.kamensko.ba,1
danel.ba,1
www.knjiznica-zelina.hr,1
dinamo-orahovica.net,1
www.hok2020.com,1
www.minipowerunit.com,1
zzhmlsz.hr,1
www.marysmealsmedjugorje.org,1
zdravi-ducan.hr,1
www.hull-sb.hr,1
college.rps.edu.ba,1
www.martinovic-nikolic-nekretnine.hr,1
www.hull.hr,1
www.hum.ba,1
www.minjahuseinovic.com,1
www.humanum.hr,1
www.humac-ljubuski.com,1
www.knjiznica-slatina.hr,1
www.martinis-marchi.com,1
a.b92.net,1
cip.par.hr,1
www.hocuto.hr,1
zdraviodmor.hr,1
100bofora.net,1
www.kamgrad.hr,1
dacia.cindric.hr,1
www.hns-vz.com,1
www.kic-gospic.eu,1
www.hurt.hr,1
cvrcakgrupa.com,1
zastita-potrosaca-koprivnica.hr,1
www.hok-osiguranje.hr,1
www.humidordiscount.com,1
cyberlord.at,1
www.hund.hr,1
www.huni-bike-shop.hr,1
www.kaming.hr,1
www.marmi-montaza.hr,1
www.hunjak.com,1
www.hodajuce-reklame.hr,1
zupastablina.com,1
www.knjigovodstvo-dani.hr,1
zdraviji.ba,1
www.knockoutsnowclosing.eu,1
www.hunter-kz.hr,1
www.markovukes.com,1
zupasuhopolje.com,1
zastita-prirode-kckzz.hr,1
zzjziz.hr,1
www.kohlbach.at,1
www.marinebook.hr,1
www.marinetek.hr,1
www.hockeyarena.net,1
cvrcak.hr,1
www.hunting-the-light.com,1
www.hocuknjigu.hr,1
www.mariterm.hr,1
zzjzhbz.ba,1
com2000.hr,1
www.mariosostar.com,1
www.mariobrkic.com,1
www.kocka-precko.com,1
www.hunyadi-urbana-oprema.com,1
www.mipro.ba,1
www.marino-bobetic.iz.hr,1
www.kockice.hr,1
zastita-jurenec.hr,1
www.hupt.hr,1
www.mario-vinkovic-dada.com,1
www.hurco.hr,1
dab.hr,1
dinopark.hr,1
cimermansoftware.hr,1
dandelionrealestate.com,1
www.marinakornati.com,1
www.mipos.zabok.hr,1
www.kobid.hr,1
zdravlives.com,1
www.kamenac.com,1
www.hochrindl.at,1
www.kia.co.me,1
www.kibernetika.hr,1
www.mirjanamikulec.com,1
www.hureka.eu,1
www.hurin.hr,1
5eccea7eea5f3.site123.me,1
www.kingspan.com,1
a1zagreb.hr,1
www.marine-yacht-broker.hr,1
www.hnz.hr,1
www.marinastores.hr,1
combis30sec.com,1
www.hurom.hr,1
dinocopy.com,1
www.marinakuharica.com,1
www.kamelija-doo.com,1
dbt.hr,1
www.intersport.hr,1
www.imenazadjecu.com,1
www.maliprinc.com.hr,1
zdravodijete.blogspot.com,1
devuks.hr,1
www.koncar-ket.hr,1
www.koncar-termotehnika.hr,1
devon-pod.com,1
cvjecarna-ivancica.hr,1
www.malislon.ba,1
congomediatime.com,1
www.koncar.hr,1
www.kalamota-beachhouse.com,1
www.koncept-izdavastvo.hr,1
destinova.hr,1
www.kondicija-rehabilitacija.com,1
devinos.me,1
zlolit.org,1
cvjecaramonstera.me,1
www.kakolako.com,1
www.maliparty.com.hr,1
zupailaca.com,1
connect.unin.hr,1
www.kajotintacto.hr,1
www.hzt.hr,1
danieurope.eu,1
2019.72sata.hr,1
www.majorloveprayer.org,1
dev.baumit.hr,1
zelenastanica.com,1
destinationadriatic.com,1
despot-infinitus.com,1
www.luxembourgcar.com,1
zlatousti.org,1
zlatnilug.hr,1
zlatnilistici.hr,1
www.jvp-krizevci.hr,1
www.korculainfo.com,1
corp2in.com,1
www.igea.hr,1
corporate.btravel.pro,1
www.lunasan.hr,1
4dia.hr,1
www.luminis.hr,1
curlyjosephine.blogspot.com,1
despet-casopis.com,1
www.igorbezinovic.net,1
zlatnaribica.hr,1
www.lumbertrans.com,1
2017.zff.hr,1
devi.danfoss.com,1
zdravokrizevci.hr,1
conprosta.eu,1
zdravljeizivot.com,1
zdravljeljepotahrana.com,1
cvjecarna-orhideja.hr,1
www.maltezer.com,1
danibeba.com,1
www.koncar-inem.hr,1
www.kaleidoskop.hr,1
zdravljeplus.ba,1
dfest.nsk.hr,1
www.malik.hr,1
danna1963.blogspot.com,1
www.maliiv.com,1
www.kaf-lovrec.hr,1
2017.hroug.hr,1
dansjecanja.hrt.hr,1
www.kadulja.hr,1
www.kaba.hr,1
www.maksima-trgovina.hr,1
ada-servis.hr,1
www.makronova.com,1
www.ibis-alpha.hr,1
dantealighierizara.hr,1
dfff.zamah.hr,1
www.komunalno-basilija.hr,1
dankuchen.hr,1
www.mamanakvadrat.com.hr,1
cvithappens.com,1
www.hzzjair.com,1
2012.dorscluc.org,1
www.malisvjetionik.hr,1
zsgg.hr,1
zdravljeza10.blogspot.com,1
www.mamo.hr,1
cvjecarnica-palma.hr,1
compositesplaza.com,1
comprascatolicas.com,1
zdravljeiwellness.info,1
www.hydropool.com.hr,1
computherm.com.hr,1
www.kalimero.hr,1
www.hygiagroup.co,1
www.hyundaihatinh3s.com,1
comtradeintegration.com,1
www.kalendari.com.hr,1
www.komunalniservis.hr,1
concordia.hr,1
conference.cronis.eu,1
www.luxmediterraneum.org,1
www.jvp-pozega.hr,1
www.kontekst.io,1
coolmaximum.com,1
www.ma-je.hr,1
www.idem.hr,1
corona-cure.webnode.hr,1
desyre.hr,1
www.icv-controlling.com,1
detox-eko.hr,1
cuttingdietplans.work,1
dapiero-rovinj.com,1
www.majkaterezija.org,1
coolbastina.ba,1
coop.hr,1
coronata.hr,1
www.maistracamping.com,1
zebra.rs,1
www.k-centar.hr,1
zlociniinasiljanezastarijevaju.wordpress.com,1
www.icm-osijek.info,1
www.magus.si,1
www.magsy.com.hr,1
deutsch.info,1
www.icmp.int,1
zupa.today,1
www.koraci.info,1
www.jvp-pula.hr,1
www.maas-save.com,1
2017.porecopenair.com,1
www.kopin.hr,1
zelen.hep.hr,1
zelenaapoteka.com,1
www.madi.ba,1
www.kop-vrapce.com,1
www.id-fotostudio.hr,1
www.madaboutpoli.com,1
www.idea.hr,1
www.macrocruise.hr,1
www.ideal-racunovodstvo.rs,1
www.idealplus.hr,1
www.jvp-split.hr,1
www.kopaweb.com,1
corinadizajn.hr,1
www.kopiranje-omex.hr,1
www.icepower.com,1
www.ideaputovanja.hr,1
zelenapolitika.wordpress.com,1
www.machining-in-china.com,1
www.machineseeker.hr,1
www.kopriva.info,1
www.k-9.hr,1
aculticpamurwurzsenbahartrecira.co,1
www.magnolia-shop.com,1
www.koroska.si,1
2018.72sata.hr,1
zsugs.hr,1
www.jvp-gracac.hr,1
www.kosa.hr,1
www.lucky3in1.com,1
www.luckauprava-losinj.hr,1
www.igs.hr,1
www.ihg.hr,1
www.lucka-uprava-sdz.hr,1
www.lucavlasici.com,1
www.kosinus.hr,1
2018.weekendmediafestival.com,1
www.ihitech.hu,1
zelenisvet.com,1
www.ihscoring.com,1
www.luks.hr,1
www.igorcerensek.com,1
www.idm-cotic.com,1
corporate.iligsoft.hr,1
www.m-upravljanje.hr,1
www.m-p-beton.hr,1
zelenilodoo.me,1
zelenibazar.com,1
deu.proz.com,1
cosmos-design.eu,1
www.k-013.com,1
detoxdiettablets.cloud,1
zekerijah-smajic.eu,1
www.konzum.co.ba,1
coovinkobek.hr,1
copamilwaukee.com,1
www.magistra-nova.hr,1
core-cms.prod.aop.cambridge.org,1
coreconsulting.hr,1
www.identitet.lu,1
cutieandpie.blogspot.com,1
zsru-djakovo.hr,1
desperaweb.com,1
www.lukovmarsh.info,1
cosandulisatour.ml,1
www.igracka.com.hr,1
zlatko.hr,1
www.jvp-karlovac.hr,1
cosmicproduction.hr,1
www.igralnica-suzana.eu,1
aam.com.hr,1
dev.sclucko.hr,1
contest.hr,1
www.leonardo.hr,1
www.linigra.hr,1
zivotniatelje.com,1
david-coin.com,1
cro-cert.hr,1
cro-portal.com,1
www.kreaktiva.hr,1
www.lip-bled.hr,1
cro-school.org.uk,1
www.informationng.com,1
cro-team.al,1
www.links.hr,1
www.informativka.hr,1
www.inaqua.hr,1
www.lingvisti.ba,1
www.infokop.net,1
www.lisinski.hr,1
datascience.com.hr,1
www.lissy-biljari.com,1
crnimacak.net,1
zivotuzahvalnosti.net,1
ztkgs.hr,1
www.krapinsketoplice.com,1
cuccio.com.hr,1
www.jerusalemway.org,1
www.lipov-hlad.hr,1
dav.hr,1
dentalpavelic.hr,1
datacentar.hr,1
crimosinlfutabunoutropewacera.co,1
zkm.hr,1
zkk-zagreb.hr,1
crkvabosanska.org,1
www.jobsbalkan.com,1
depilhome.hr,1
dentist.dental-booking.com,1
crnibombarder.com,1
acp.com.hr,1
zupa-slen.hr,1
www.kravarsko.hr,1
www.infolink.hr,1
www.lisc-model.eu,1
www.lisane-ostrovicke.hr,1
www.lirose.hr,1
zenezazene.ba,1
www.jewel-concepts.hr,1
www.infomare.hr,1
www.jeverkrog.com,1
www.liqui-moly.hr,1
www.jjjohnsonauthor.com,1
www.ljekarna-bjelovar.hr,1
acibadem.ba,1
couture.hr,1
www.iltizam.org,1
ztc-atc.hr,1
covid19.fmoh.gov.ba,1
www.lovac.ba,1
www.imap-see.com,1
www.imatjet.com,1
www.lounge-tek.com,1
covid19.hkdrustvo.hr,1
www.jusos.hr,1
www.lotos-nakit.com,1
covjekcasopis.art.blog,1
creogen.hr,1
www.imel.ba,1
cpa-zadar.hr,1
www.lose-vijesti.com,1
www.lorenc.hr,1
www.kotlovi.hr,1
www.jurpro.hr,1
cultstud.ffri.hr,1
activa-istra.com,1
www.lopuh-alfa.hr,1
www.lovacka-kamera.hr,1
www.ilocki-podrumi.hr,1
www.living-castles.eu,1
www.imed.hr,1
www.infoam-usluge.hr,1
zivotsretan.blogspot.com,1
dentech.hr,1
crnoruzica.com,1
datingfreechating.link,1
zub.hr,1
www.infobijeljina.com,1
aci-sail.com,1
www.littlefashionparadise.com,1
dentalzagreb.com,1
abacus-hrvatska.hr,1
abakus-nekretnine.com,1
www.krasic.hr,1
www.jgejh.co,1
dentalpro.hr,1
www.infofazana.hr,1
www.jezeravillage.com,1
www.infoizlog.com,1
zemljoteka.ec.europa.eu,1
www.kpivovari.hr,1
cultureclub.me,1
criminalisticassociation.org,1
www.ljetnaskolagitare.glazbena-ka.hr,1
www.ibkcarwash.com,1
www.mali-oglas.net,1
2016.weekendmediafestival.com,1
www.iaml.info,1
a2zsolutions.hr,1
zsm00.wordpress.com,1
www.iammilitza.com,1
consulting-plus.hr,1
zdravosrce.blogspot.com,1
zlu-novi-vinodolski.hr,1
www.mali.andjeo.com.hr,1
contact.scjbrands.com,1
content.ifzg.hr,1
www.ljetnokinogradec.com,1
2017.doi.hr,1
www.kontaktdiversa.com,1
www.mali-dvorac-store.hr,1
content.sciendo.com,1
www.malenoklupkoradosti.hr,1
www.kontaktski.com,1
www.malaodlavande.com,1
www.mala-sova.com,1
www.iitb.ba,1
www.ikador.com,1
www.konkretno.co.rs,1
consulatio.eu,1
adaily.forumcroatian.com,1
zsis.hr,1
zdravstvo-kvaliteta.org,1
www.ibu.edu.ba,1
2017.pland.hr,1
zds.hr,1
www.makeithealthy.life,1
www.makedonske-delicije.com,1
www.ka-tim.hr,1
www.ic-artprojekt.hr,1
controller4rent.hr,1
zlu-dubrovnik.hr,1
dev.doula.hr,1
converse.com.hr,1
aaa-split.com,1
dao.hr,1
zupacitluk.info,1
develop.nielsen.com,1
conrad.ba,1
devetak.si,1
dansanfit.com,1
www.i-invest.pondi.hr,1
www.konjic.ba,1
www.informel.org,1
www.ljekovitidodir.com,1
2020.pland.hr,1
www.info-puls.hr,1
www.info-vis.net,1
www.incergo.hr,1
www.inbiro-rir.hr,1
crlm.rs,1
zen-box.net:8080,1
www.in-shape.hr,1
culicec.hr,1
culic.net,1
cridademocracia.eu,1
www.in-varazdin.com,1
crikvenica-croatia.com,1
www.joti.scoutpark.net,1
www.ljiljanabastaic.com,1
derk.ba,1
www.josipradnik.hr,1
2019.javacro.hr,1
crikvenica.com.hr,1
www.krajnik.hr,1
ztk-zagrebacke-zupanije.hr,1
www.joler.eu,1
www.ljetonastrosu.com,1
datarecovery.hr,1
zupa-sv-elizabete.hr,1
zupa-sv-josip-vz.hr,1
www.jkzenta.hr,1
www.indomie.hr,1
www.industroplan.com,1
zkk-radost.com,1
www.kraljevica.hr,1
www.inel.com.hr,1
www.jobfair.ba,1
zjzka.hr,1
zena-drnis.hr,1
www.inenco.hr,1
www.ljepila.com,1
dentistworldwide.club,1
www.ljekovitapriroda.com,1
www.ljubescica.info,1
www.joaquimmagalhaes.com.br,1
www.ljekovita.com,1
www.infinitomasuno.org,1
crnamagija.net,1
2022spring.hroug.hr,1
dentistsincanada.xyz,1
www.ljekarne-zz.hr,1
cukrici-zadar.hr,1
www.man.eu,1
dentalexpert.hr,1
zenicki.net,1
academy.span.eu,1
www.innova.hr,1
croatia.detonic-new.site,1
www.javorovic.hr,1
www.lifeartina.eu,1
www.javni-sektor.hr,1
croatia.dietonus-best.site,1
www.javnanadmetanja.com,1
zupa-presvetotrojstvo.hr,1
www.javnanabava.hr,1
dental-benkus.hr,1
zuc-sk.hr,1
dbg.ba,1
www.liderexpress.hr,1
dental-art.hr,1
davorrostuhar.com,1
www.kristofori.hr,1
denta-optic.hr,1
www.jasmin-maziva.hr,1
croatia.hondrocream-pro.site,1
zenstud.hr,1
www.licki-krumpir.hr,1
www.insektarij.com,1
www.krilas.com,1
croatia-transfers.com.hr,1
www.inner-code.hr,1
24satnocrtanjestripa.com,1
24vesti.com,1
www.inskysolutions.com,1
www.insoft.hr,1
croatia.hondrocream.shop,1
www.liburnija-zadar.hr,1
croatia.hondrogel.site,1
www.librateh.hr,1
zuc.hr,1
www.inspira.hr,1
www.krizevci.eu,1
croatia.ihollaback.org,1
www.inspire.hr,1
www.inspireme.hr,1
zuczg.hr,1
zeotex.hr,1
demos.co.me,1
www.libertasdubrovnik.hr,1
academy.antropoti.com,1
www.licke-novine.hr,1
www.insider-dojave.com,1
www.krigis.eu,1
davz.eindigo.net,1
davz.hr,1
www.lavdaraturist.com,1
3dwarehouse.sketchup.com,1
ziraffa.eu,1
www.istrazrak.hr,1
www.kvipnmgz.hr,1
www.kulajankovica.hr,1
www.kvarnerhealth.hr,1
www.istracamping.com,1
abstinencedu.com,1
cronaves.com,1
abctravel.hr,1
www.isplate.info,1
cromet.hr,1
crommaf.com,1
www.kud-jedinstvo.hr,1
www.ispravi.se,1
www.istarske-toplice.hr,1
dekla.hr,1
www.lafodiahotel.com,1
crvenice.com,1
cromost.hr,1
dejankovac.com,1
dei.srce.hr,1
decarina-kamini.com,1
deco-domus.hr,1
cryptoman.blogger.ba,1
crsd.hr,1
www.kreativinfo.hr,1
crorex.eu,1
3dlaser-design.hr,1
www.kuglanje.hr,1
www.ivangotal.com,1
cropartyjanka.com,1
www.ivangoranzunar.com,1
crvena.ba,1
www.ivanecka-bibliografija.com,1
www.labin-zdravi-grad.hr,1
3zmaj.hr,1
www.l3a.com.hr,1
decoris.hr,1
www.istrainspirit.hr,1
crorec.net,1
www.istrakayak.com,1
www.lag-ck.hr,1
absolute-biokovo-challenge.com,1
zikafu.blogger.ba,1
crorivers.com,1
www.kuhinje.hr,1
www.liburnijske-vode.hr,1
zeolitebenefits.com,1
abtehnik.si,1
www.inicijativa.ba,1
dbi.hr,1
www.krka.run,1
www.ipasarajevo.ba,1
croatia-open-land.com,1
csrb.ro,1
croatia-golf.hr,1
www.jednizadrugezajedno.hr,1
dental-dvi.org.il,1
www.lika-destination.hr,1
www.lijeparijec.ba,1
croatia-lacrosse.com,1
zeodarduamentootas.benvititorniwidwasimymercaupha.co,1
zubakgrupa.hr,1
www.injigo.com,1
accordingtokristina.com,1
zupa-remetinec.hr,1
www.jebessutra.com,1
accordcase.com,1
www.krka.biz,1
www.kresicproperties.hr,1
www.ligaraketa.com,1
croatia-pumpe.com,1
www.leggic.com,1
csamarenostrum.hr,1
www.legionar.eu,1
www.intradent.hr,1
croatianconceptstore.com,1
croatiandiasporacentre.com,1
www.krovna-kutija.com.hr,1
zeus-senjar.hr,1
www.lelohex.com,1
zevservis.com,1
www.jakovgavran.com,1
www.lele.hr,1
www.krs.hr,1
www.krsan.hr,1
www.lektire.me,1
croatianlighthouses.com,1
www.intertrg.com,1
www.krsg-olimpik.ba,1
www.interweb.hr,1
www.intimatemedicine.com.hr,1
www.jakov-vetma.com,1
croatianstory.com,1
zfa.hr,1
deltamedia.hr,1
www.leksikon.si,1
zuc-bpz.hr,1
zivkokrstic.eu,1
zuc-ck.hr,1
www.limes.hr,1
www.ing-victus.hr,1
croap.info,1
zupa-sbdm-vrapce.hr,1
croata-management.hr,1
www.jela-graditeljstvo.hr,1
cubeit.hr,1
www.ingbiro.com,1
www.ingbiro.hr,1
www.lilazajednica.com.hr,1
dental-matacic.hr,1
aced.ba,1
www.ingra-services.eu,1
zenskikutak.co.ba,1
www.inms.hr,1
www.inmusicfestival.com,1
csr-tesanj.ba,1
www.insig2.com,1
dendron.hr,1
dayspringchurch-online.com,1
www.licitarskosrce.hr,1
www.licitar.hr,1
www.limba.com,1
www.infpult.info,1
22estates.com,1
zupa-sivsa.com,1
www.jazzelle.hr,1
www.ligaprotivraka-kckz.hr,1
dental-centar-mirakul.hr,1
davorin.ba,1
croatia-skipper.net,1
accepta.hr,1
davorbobic.com,1
croatia-exclusive.com,1
zivotiskola.foozos.hr,1
www.jeka-tisine.org,1
www.kreativni.hr,1
abc-consulting.hr,1
www.lindjo.hr,1
www.lims.hr,1
www.jelenavukmirica.com,1
www.jela-trgovina.hr,1
www.infosvijet.net,1
dentalcongress.eu,1
www.kremasica.com,1
www.infozabava.com,1
dentalbobic.com,1
www.ivanminic.com,1
www.ivanmilutinovic.edu.rs,1
3d-upiou.webnode.hr,1
www.j-k.hr,1
www.lauba.hr,1
www.latrans.hr,1
delmar-rab.com,1
www.kssmz.hr,1
www.ipos.hr,1
zupa-kraljice-svete-krunice.hr,1
www.jackpotcitycasino.com,1
dc-velijoze.eu,1
www.ipri-zavod.si,1
www.lastminutecentar.com,1
www.landeka.com,1
www.lada-klub.com,1
www.ires.hr,1
www.izbori.hr,1
crodroid.com,1
www.ivica-marica.com,1
croecon.contentio.biz,1
www.kucnefinancije.com,1
zgsk.hr,1
dekra-zapo.me,1
www.islamguide.info,1
www.islamicfinder.org,1
ac-istvan.hr,1
www.ipokloni.com,1
dbwork.com,1
www.ipoi.hr,1
www.iracommerce.hr,1
www.kuca-betanija.hr,1
400kapucini.blogspot.com,1
delivery.glovoapp.com,1
www.langmaster.com,1
www.ipsos.com,1
www.ips.ac.rs,1
www.ips-servis.hr,1
www.iprospect.com,1
www.lausanne.org,1
zuhblptsprh.hr,1
www.ksd.hr,1
delnice.hr,1
www.ipernity.com,1
www.jadro.ba,1
www.ipi.ba,1
zupa-kraljicekrunice.hr,1
ac-kovacevic.hr,1
www.ipng.hr,1
www.ksf-eufonija.hr,1
www.ksk.hr,1
www.kud-belec.hr,1
dekra-zapo-hr.talentlyft.com,1
www.lagbrac.hr,1
www.irobot.hr,1
www.isaca.hr,1
www.isaymedical.com,1
delikro.at,1
www.lamiaarte-cvjecarnica.com,1
zglobovit.com,1
www.lajavci.com,1
www.kucameda.com,1
www.izaberi-zdravlje.com,1
www.iskorak.hr,1
delfin-skola-njemackog.eu,1
abv-drive.ru,1
www.lagvuka-dunav.hr,1
www.lagvip.hr,1
zgodovina.si,1
www.iynt.icm.hr,1
www.lagur-galeb.hr,1
www.lagunatextil.com,1
www.ivy-qui.com,1
delfin-pakrac.com,1
abundan.hr,1
www.isla.hr,1
www.laminati.online,1
www.irisimo.hr,1
zhrm.org.mk,1
www.izbori.ba,1
crohot.com,1
www.lag-skoji.hr,1
dekra-zapo-blog.hr,1
crojmland.cromalternativemoney.org,1
ziaproduction.com,1
croland.hr,1
dekorum.hr,1
www.kud-brda.info,1
www.lag-krka.hr,1
crolang.hr,1
www.ivaplin.hr,1
www.isola-pag.net,1
zicer.org,1
croma.hr,1
www.isoropia.hr,1
www.lag-frankopan.hr,1
www.ivicanikolac.com,1
dd-ekspert.hr,1
www.kucalemurija.hr,1
www.lagoda.hr,1
delisimunovic.com,1
www.laniidubrovnik.com,1
zglobovi.hr,1
www.iqmedia.hr,1
de.villamajarogoznica.com,1
zupa-ceminac.hr,1
crotram.com,1
crowd1-crowdmarketing.eu,1
www.kurija-jankovic.com,1
www.ito.dev,1
abecedaljepote.hr,1
zimsko.com,1
www.kurbla.net,1
de.mfa.hr,1
www.kupanac.hr,1
crounum.hr,1
www.kupidrbpz.hr,1
www.kupinko.hr,1
www.ius.edu.ba,1
www.itsustavi.hr,1
www.kupikupi.eu,1
de.smpcnc.hr,1
www.iva-art-design.com,1
crotox2016.imi.hr,1
crosig.hr,1
zupa-crnica.net,1
www.iti-museum.com,1
www.itfactory.ba,1
www.kult.hr,1
www.kunazlatica.com,1
zid.org.me,1
www.labzabshop.com,1
www.laburistibih.ba,1
cromusic.crolinks.com,1
zupa-goa-trogir.hr,1
deejay.hr,1
www.istra-real-estate.com.hr,1
zupa-fazana.com,1
www.istra.hns.hr,1
dedl.hr,1
www.istra.net,1
croseavillas.hr,1
www.kvarner-imobilije.hr,1
www.istria-krsan.com,1
www.kutikula-frizerskaoprema.hr,1
www.iv.hr,1
crowddreaming.eu,1
de-film.com,1
www.kutak-raja.eu,1
www.kuslec.hr,1
www.itep.edu.ba,1
www.kulijatrans.hr,1
www.kultura.hr,1
www.izodal.hr,1
crvenikriz-ploce.hr,1
www.jadroplov.hr,1
www.izvordobrocinstva.com,1
zgc.hr,1
abwmacedonia.weebly.com,1
www.laser-ing.ba,1
croatiatrip.net,1
www.laroche-posay.rs,1
zgi.eu,1
2smart.hr,1
crvenivragovi.blogger.ba,1
zgipsman.hr,1
croaticum.ffzg.unizg.hr,1
crvenikrizzupanja.hr,1
zgkonji.hr,1
www.laptoplifepro.com,1
zumzumauto.blogspot.com,1
www.ivansaric.hr,1
dckobz.hr,1
2sosna.ru,1
zupa-klanjec.com,1
www.izvaxjo.se,1
dekora-dom.hr,1
www.kum-split.hr,1
debra.ba,1
crostar.org,1
www.kulturaprehrane.hr,1
www.ivanbozdar.com,1
www.istudiodesign.net,1
crossminton.com.hr,1
deastil.com,1
www.isusovci-split.hr,1
www.isuz-curi.info,1
www.kuzinavanje.com,1
www.it-akademija.com,1
www.kuzd.hr,1
www.italcro.hr,1
www.kulturflux.com.hr,1
www.italikacink.hr,1
www.ivanalivada.com,1
www.kulturnjaci2016.org,1
www.kulturosfera.hr,1
crowdfundingvision.com,1
crosst.hr,1
www.italunion.hr,1
www.ivabele.com,1
www.itami.com.hr,1
www.twaku.com,1
www.twister.hr,1
www.twxautocroatia.com,1
rabfilmfestival.com,1
hr.harmonica-official.eu,1
hr.gov-civil-setubal.pt,1
radio105.hr,1
radio92.eu,1
radioaktivniotpad.org,1
radioberane.me,1
radiocrash.net,1
hr.gogogomotor.com,1
racesmanager.com,1
rabljena.autohrvatska.hr,1
questoftales.com,1
pssrs.net,1
pvzg.hr,1
hr.johnnygioeli.net,1
hr.jmyanyang.com,1
qavet.hr,1
qed2017.croz.net,1
hr.jf-santamariadetavira.pt,1
qtech.hr,1
quad-istra.com,1
quadro.com.hr,1
qualitas.hr,1
hr.harun-yahya.net,1
hr.hearingaidssupplier.com,1
hr.hebbedingetjes.eu,1
hr.hghphuket.com,1
hr.luedingsteel.com,1
pt.airbnb.com,1
ptice.biom.hr,1
hr.kan-therm.com,1
pvc-troplex.hr,1
pvnovine.com,1
pvz-otok-krk.hr,1
hr.indienikole.com,1
racunarstvo.vsmti.hr,1
racuni.online,1
racunovodstvoterra.hr,1
rad-tesanj.ba,1
hr.imp-ta.com,1
radiestezija-bioenergija.com,1
radijatori.hr,1
hr.imed.guru,1
radio-cakovec.hr,1
hr.ihowto.tips,1
hr.hondrogel.com,1
hr.hisvoicetoday.org,1
radio-stanice-uzivo.com,1
quasarr.com,1
queenofheaven.org,1
hr.jf-caxias.pt,1
privreda-petrinja.hr,1
privredni-vjesnik.hr,1
hr.nomidol.eu,1
prkc.hr,1
hr.nk-opatija.com,1
prnjavorski.com,1
proadas.eu,1
proagent.hr,1
hr.new-shorthaircuts.com,1
proauto.hr,1
probalans.ba,1
probe.hr,1
probuducnost.ba,1
proces.info,1
procitajto.wordpress.com,1
procjenitelji.org,1
hr.neverobot.com,1
prodaja-bicikla.com,1
prodajnicentar-malisic.com,1
privacy.gsk.com,1
hr.okkarent.info,1
proving.ba,1
hr.nudecam.online,1
hr.officiallachargers.com,1
hr.inditics.com,1
privlacica.hr,1
quotes.thefamouspeople.com,1
hr.itsmygame.org,1
hr.iqos.com,1
hr.intoxic.eu,1
r-tileretailflooring.hr,1
r.blogger.ba,1
ra-agro.hr,1
hr.intermag2018.com,1
ra.hrvati-amac.com,1
rab-arba.com,1
rabalux.hr,1
rabarchaeologicaltraces.com,1
proxima-dpm.hr,1
proweb.hr,1
prijavim.se,1
privacy.aljazeera.net,1
privacy.microsoft.com,1
privatna.net,1
privatne.3dfinancije.hr,1
privatnepozajmicenovca.eu,1
hr.oglasio.eu,1
hr.lunatix-online.com,1
psm.hr,1
prijedlog1istraznogpovjerenstva.wordpress.com,1
popularni.info,1
pomozi.crvenikriz-novska.hr,1
hr.video-chat.cn,1
ponoshrvatske.hr,1
popij.me,1
porezi.net,1
hr.venzeotex.com,1
popodneuvrticu.djecjivrtickesten.hr,1
hr.usembassy.gov,1
poppyshappyplace.hr,1
hr.unedose.fr,1
populus.hr,1
hr.lymart.com,1
popup.6seconds.org,1
hr.udc-hub.com,1
hr.tuffgirlsmagazine.com,1
porec-immobilien.hr,1
porecopenair.com,1
prijatelji-zivotinja.org,1
prijava.nocknjige.me,1
podo.klasje.hr,1
pu-pupoljak.hr,1
pucko-otvoreno-uciliste-drnis.hr,1
pomorski-prirucnici.com,1
hr.video-chat.love,1
pomocukuci-mz.eu,1
pomoc.meridianbet.me,1
hr.titan-gel-official.site,1
portalzamlade.info,1
portamundi.hr,1
portanova.hr,1
pos-display.hr,1
hr.thewillandthewallet.org,1
posadisvojhlad.ba,1
posao.crna.gora.me,1
posao.jysk.hr,1
posao.moemax.hr,1
posaouturizmu.hr,1
hr.thevideochatrandom.com,1
porno-kniga.ru,1
porin.org,1
porezno-savjetovanje.tax,1
pontes-salutis.com,1
hr.visionanchor.net,1
poljoprivredakonjic.ba,1
pollakcvijece.com,1
polocro28.irmo.hr,1
poly-rek.hr,1
hr.lotterypros.com,1
pudlica.com,1
pufler.net,1
pu-pupoljak.com.hr,1
pu-metvica-novska.hr,1
hr.melvita.com,1
hr.melayukini.net,1
prudi.hr,1
hr.meetings.com,1
hr.mediathinkonline.com,1
prviput.hr,1
prvispust.com,1
prvitreptac.hr,1
prviweb.eu,1
prvolicejednine.com,1
prvomjesto.com,1
ps6konferencija.law.hr,1
psc-rent.hr,1
hr.marlene-pohle.de,1
psgz.hr,1
hr.manytoon.me,1
psihologija.unizd.hr,1
hr.macau-poker.com,1
hr.m.sayfamous.com,1
psihoterapija.com.hr,1
prowoman.at,1
hr.lowdepositcasino.com,1
pula-online.com,1
putunutarnjemoci.wordpress.com,1
pulacitytour.com,1
hr.lojrafationline.com,1
pulchellus.hr,1
punksandskins.com,1
hr.lggbchina.com,1
pupa-kodljubice.hr,1
hr.letmeknow.ch,1
puratehnik.me,1
pusti-otok.com,1
hr.lapelpinmaker.com,1
put-tradicionalne-hrane.com,1
hr.klseating.com,1
putkarijere.hr,1
hr.key-locksmith.com,1
putopisi.blog,1
putovanja.bezgranica.hr,1
putovanja.in,1
putovanje.com.hr,1
hr.kelushare.com,1
hr.katypsychservices.com,1
putujucascena.blogspot.com,1
prisluskivanje.net,1
prijedlogza.net,1
pajurindental.com,1
osmrtnice-ksb.ba,1
oskreka.com.ba,1
oslikavanje-vozila.com,1
humboldt-club.hr,1
humas.hr,1
humanrightsfestival.org,1
osmh.edu.ba,1
osmijeh.hr,1
osmino.com,1
osmjehpleternica.hr,1
osmjzagorka-zag.com,1
osmrtnice.jutarnji.hr,1
otocki.hr,1
osmrtnice.slobodnadalmacija.hr,1
osmsiloboda.hr,1
humanitarnazakladazadjecuhrvatske.hr,1
osnivanje-firme.com,1
humancenteredbrand.com,1
osnsarajlic.edu.ba,1
humana-genetika.org,1
osobnioglasi385.com,1
osonakas.edu.ba,1
ous.us,1
oskovaci.ba,1
oskaonik.ba,1
humko.hr,1
osk.socijalni-dijalog.hr,1
hudobravolja.hr,1
hudit.hr,1
otoklopud.blogspot.com,1
otokvir.eu,1
otpadne-vode.com.hr,1
otpisani.siteboard.eu,1
otpor.media,1
otporninakatastrofe.ba,1
hudhud.pro,1
otroskaobutevpika.si,1
otrovno.com,1
ots-du.hr,1
otvorenilikovnipogon.home.blog,1
huddd.hr,1
ou-pouka.hr,1
hum.hr,1
ososkova.ru,1
huoku.hr,1
osor-promet.hr,1
huml-competition.hr,1
humkom.hr,1
outdoors.hr,1
overdose.blogger.ba,1
hu.mvep.hr,1
parketi-sabljo.com,1
hspdsljeme.hr,1
pan-radio.com,1
pamigoshop.hr,1
pametnica.harfa.hr,1
padmazagreb.com,1
oxy.hr,1
oz.goo.hr,1
hu.m.wikipedia.org,1
ozana.hr,1
ozbnasice.hr,1
htz1.croatia.hr,1
ozon.pou.hr,1
ozvs.me,1
p-crc.org,1
p-mobile.hr,1
pace.ba,1
padel.hr,1
html.wwwiew.com,1
ht.hr,1
htkzagreb.hr,1
paintball-klub-bunker.com,1
parkinson-hr.blogspot.com,1
parfemimilano.com,1
pandgspeakeasycafe.com,1
parfem.ba,1
panel.com.hr,1
paneliprojekt.hr,1
pania.ru,1
panmedik.com,1
pannonia-aero-technics.hr,1
panonskautrka.hr,1
panphonia.com,1
pansion-nn.com,1
pansion-turudic.com,1
papago-park.com,1
papar.hr,1
hssrm.hr,1
papillon-akupunktura.hr,1
pappagallo.hr,1
papyruscvijece.com,1
par-mar.com,1
paragon.ba,1
paralelni-blog.blogspot.com,1
paralelno.org,1
parapsihopatologija.com,1
parfe-dunja.blogspot.com,1
otocniproizvod.hr,1
otkupautomobila.eu,1
hr.posicionamientowebmx.com,1
promo-ri.hr,1
product-selection.grundfos.com,1
produktbastal.hr,1
profesor-baltazar.hr,1
promark-group.ba,1
prometna-skola-rijeka.hr,1
promili.hr,1
hr.my-experiences.com,1
proming-hch.hr,1
promins.hr,1
hr.motion-free-cream.site,1
promo.germaniasport.hr,1
hudu.hr,1
promo.unikomerc-uvoz.hr,1
promoprintnasice.hr,1
promova-nekretnine.com,1
pronautika.hr,1
propisi.ba,1
hr.mos.si,1
hr.money-amulet-official.site,1
prospera.hr,1
prosperikon.hr,1
prospero.hr,1
prodotti-appennini.hr,1
hr.onlinecoatings.org,1
prirodnoje.blogspot.com,1
prirodni-recepti.blogspot.com,1
hr.popular.jewelry,1
hr.planetagarden.com,1
prikolice.lesko.hr,1
prilika.group,1
hr.pixiz.com,1
primapharme.hr,1
primapharme.talentlyft.com,1
primarisosijek.wixsite.com,1
primavera.neretva-bike.com,1
primax.hr,1
primores.hr,1
hr.peopleperproject.com,1
primorsko-goranska-policija.gov.hr,1
primosten.hr,1
hr.pensionhotel.com,1
principessavencanice.com,1
hr.papillor.eu,1
priroda-psz.hr,1
prirodna-hrana.info,1
prirodna.com,1
prirodni-produkti.hr,1
hr.mob-one.com,1
prostata.hr,1
prostorno.kazup.hr,1
projects.vecernji.hr,1
projekt.diva-istra.eu,1
projekt.tenkisti.com,1
projektant.hr,1
projekti-europske-unije.com,1
projektilica.com,1
projektna-vizija.hr,1
hr.naijaside.com,1
hr.myxomop.net,1
prokrida.hr,1
podravina.org,1
podlupom.org,1
os-belica.skole.hr,1
osrb.hr,1
ostarrub.com,1
ostataksveta.com,1
osteopatia-kasumovic.hr,1
osteopatija.com.hr,1
ostmon.de,1
hugos.hr,1
oszepce.com,1
ot-rules.forumsr.net,1
projekt-lukic.com,1
projectactivebreak.com,1
prosvjeta.at,1
proksima.hr,1
hr.micinorm.eu,1
hr.meriam-sijagur.com,1
proton-elektronika.hr,1
providentia-iuris.eu,1
prolog.rs,1
proljetnaskola.mystrikingly.com,1
hr.mystikalonline.com,1
proizvodibbz.com,1
profesoricasifrica.com.hr,1
profileproject.eu,1
hr.neuroth.com,1
profitplus.ba,1
hr.nektarnatura.com,1
progradnja.hr,1
hr.nbworldfire.com,1
progrupa.hr,1
hr.nbchunji.com,1
proimmun-plus.hr,1
proins.si,1
prointer.ba,1
project-trade.hr,1
portalkombinat.me,1
portalfamososbr.com,1
portaldemagia.net,1
www.pixhr.com,1
www.photography-timeless.com,1
www.photozone.ba,1
bosnae.info,1
www.pietraproject.hr,1
www.pietroandpietro.com,1
www.pik-vrbovec.hr,1
akal.hr,1
bosfam.ba,1
akbosnjak.com,1
www.pilatesyoga.hr,1
www.zupa-nedelisce.hr,1
www.pk-primorje.hr,1
www.pinel-krk.hr,1
www.pinklife.hr,1
www.pinkoblivion.com,1
www.pinterest.ch,1
www.pipelife.ba,1
www.pismenost.eu,1
akitahaiku.com,1
www.pivac.hr,1
www.pivkap.si,1
www.playcom.hr,1
www.philips.rs,1
www.pilard-nekretnine.com,1
bookspot.club,1
www.pixsell.hr,1
www.pk-sisak.hr,1
bosanskaskolacirih.com,1
www.pksibenik.com,1
www.plac.com.hr,1
www.placa.hr,1
www.plam-plin.hr,1
www.plan-net-solar.hr,1
www.planetzoe.hr,1
akm.hr,1
www.pizzeria-strossmayer.hr,1
www.planinskimuzej.si,1
boost.hr,1
www.plaski.hr,1
www.plata.ba,1
www.plavakrila.hr,1
www.plavalaguna.com,1
www.plavi-andeo.hr,1
www.plavi-svijet.org,1
www.plavoneboistra.com,1
www.play-book-slots.com,1
www.pk-barok.hr,1
www.zupa-kraljice-svete-krunice.hr,1
bolnica-lipik.hr,1
www.pokerharder.com,1
www.plejada-zg.hr,1
www.plesniklubtina.hr,1
www.pletervatrometi.hr,1
www.plinara.hr,1
www.zupa-ivanmerz.hr,1
booklikes.com,1
booking.me,1
booker-tools.com,1
www.plodine.hr,1
www.plus.hr,1
www.plus500.com.hr,1
akta.hr,1
www.poduzetna.ba,1
www.podravka.ru,1
www.zupa-danilo.com,1
akterpublic.hr,1
www.podrumiandrija.com,1
boogaloo.hr,1
www.podstanar.hr,1
boo.mi2.hr,1
www.podturen-zupa.hr,1
www.poduke-split.com,1
www.zupa-fis.hr,1
aktivnazona.me,1
www.zuc-kzz.hr,1
bonobostudio.hr,1
www.zuc-bpz.hr,1
www.poezija.com.pl,1
bonitet.com,1
www.pogledbeznaocala.com,1
www.pogledi.rs,1
www.pogodak.hr,1
bomboneta.hr,1
www.zubobran.com,1
www.zubakgrupa.hr,1
www.pokerinside.com,1
www.poduzetnickicentar-aktiva.com,1
www.pokeronlineigra.com,1
bolskiparapet.info,1
www.pokreni-se.eu,1
bolnicapopovaca.hr,1
bolnica-srebrnjak.hr,1
www.pokretodmora.com,1
www.pokretom-do-zdravlja.info,1
www.pol.hr,1
www.polarix.hr,1
www.ztkpula.hr,1
akjoker.hr,1
borghese-tours.com,1
portalbar.me,1
bolerodrinks.rs,1
www.poliklinika-oko.ba,1
boljipropisi.hr,1
www.poliklinika-pablo.hr,1
www.poliklinika-ragus.com,1
www.poliklinika-rosso.hr,1
www.poliklinika-roth.hr,1
boljani.info,1
bokeljska-mornarica.hr,1
www.politika.co.rs,1
www.ztk-du.hr,1
bol.rs,1
bosnasrebrena.ba,1
www.poljo-prom.hr,1
www.poljoprivredna-inicijativa.com,1
www.polyclinic-glavic.com,1
www.pomgrad.com,1
boks.hr,1
www.zsuval.com,1
www.portopatija.hr,1
bocarski-klub-zrinjevac.hr,1
www.poliklinika-agram.ba,1
www.pour.hr,1
www.poliklinika-odraz.hr,1
www.poliklinika-leptir.hr,1
www.poliklinika-leder.hr,1
www.poliklinika-drdosen.hr,1
www.poreznanekretnine.com,1
www.zsugbelisce.hr,1
www.porod.net,1
www.porscheinterauto.hr,1
www.porscheleasing.com.hr,1
www.portal-crnagora.com,1
aktivni-umirovljenici-osijek.hr,1
www.portal-trogir.com,1
bohemian-kozmetika.hr,1
www.portalafc.hr,1
bogtevoli.wordpress.com,1
bogeljic.com,1
aktivnosti-za-starije.com,1
aktuari.ba,1
bodytunegroup.com,1
bodysculpt.hr,1
bodylab.hr,1
bojanbogdanovic.blogger.ba,1
www.pomsk.hr,1
www.porukice.info,1
www.poliklinikamarija.hr,1
bni-zagrebeast.com,1
www.zrc-sazu.si,1
www.pou-krizevci.hr,1
bobis.hr,1
www.posh.hr,1
www.poslodavacpartner.org,1
www.poslovna-knjiznica.com,1
www.zsok.hr,1
www.poslovna.hr,1
bobauskokovic.com,1
www.poslovni-edukator.hr,1
www.poslovni-sustavi.hr,1
www.posuski-gradac.com,1
bo.lovewomens.ru,1
www.zsgs.hr,1
www.poslovnikorisnik.hr,1
www.poslovniprostori.info,1
www.zsela.t-com.hr,1
akvila.me,1
www.postani-student.hr,1
www.postanipartizan.com,1
al-dina.blogger.ba,1
bnmusictv.com,1
www.poliklinika-arista.hr,1
www.policy.hu,1
www.posedak.com,1
www.posavskahrvatska.hr,1
bmg-cerovac.hr,1
www.poslovni-sistemi.hr,1
www.pou-omega.hr,1
www.pou-slatina.hr,1
www.pou-upa-vodnjan.com,1
bmd-stil.hr,1
www.zpu-psz.hr,1
blurayhr.eu,1
www.pouz.hr,1
www.potmedkrosnjamipohorje.si,1
www.povljana.hr,1
www.povrce.com,1
www.povsodjelepo.com,1
www.powerplay.ba,1
www.poxclin.hr,1
bluewaves.hr,1
bluesmart.hr,1
bluecoach.me,1
bluebutterfly.etw.hr,1
blue-gym.net,1
www.pou-as.com,1
www.zrinska-garda.hr,1
www.posavina.org,1
aktivis.hr,1
kongresrijeka2015.hdmblm.hr,1
www.commonwealthimmigration.com,1
poliklinika-lekic.hr,1
poligamija.blogger.ba,1
poliglot-ri.hr,1
poliklinika-apnea.hr,1
poliklinika-balog.hr,1
poliklinika-cosic.hr,1
hr.womenos.com,1
hr.winetwork.eu,1
poliklinika-jakic.hr,1
poliklinika-klapan.com,1
poliklinika-krhen.hr,1
poliklinika-maletic.hr,1
diple.org,1
hr.wesleywebsite.org,1
hr.weldomachining.com,1
poliklinika-medicjukic.hr,1
poliklinika-novoselec.hr,1
poliklinika-sabol.hr,1
poliklinika-sos.hr,1
poliklinika-zgrebec.hr,1
hr.webleon.net,1
poliklinikaholoart.com,1
poliklinikapintaric.hr,1
policies.tinder.com,1
polarapartments.com,1
prijateljidemencije.alzheimer.hr,1
posh.hr,1
pravdonosa.hr,1
pravilaw.rs,1
pravobranilastvors.net,1
pravoglasa.p-portal.net,1
pravonagrad.org,1
pravosudje.ba,1
prazen.hr,1
hr.realytech.com,1
pre.trablmejker.com,1
preclamcekolsacy.riticreicolsatareftulaholectti.info,1
preda-osijek.hr,1
predin.com,1
hr.rochestersmoviefest.com,1
hr.restaurants-hr.com,1
predskolazagreb.wuz.hr,1
pregled.com,1
pregled.com.hr,1
hr.relaisdelmonastero.eu,1
prehranasportasa.com,1
prekopruge.hr,1
positive.ie,1
poliklinikaribnjak.hr,1
poliklinikasrcesa.ba,1
poliklinikasunce.com,1
poklon-dobra-ideja.hr,1
pokopgis.azurewebsites.net,1
hr.yukon-goldcasino.com,1
pokret.net,1
hr.ytsbristle.com,1
hr.ymcaratrace.com,1
pokretostanka.com,1
hr.wartner.eu,1
politika-ekspres.net,1
hr.vox-pbx.com,1
politikasrezultatom.eu,1
pornoaudicija.com,1
pornokeve.com,1
pornozurke.net,1
portabile.hr,1
portaimmobilie-nekretnine.hr,1
hr.trefoil.tv,1
portal.opendiscoveryspace.eu,1
hr.transcom.com,1
portal.terra-organica.hr,1
hr.tourpack.hu,1
hr.topcash77.com,1
pokop.ba,1
pokerica.forumotion.com,1
hr.weather.town,1
poker-shoppen.se,1
polarpedia.eu,1
pokupi.hr,1
posavskastranka.org,1
pokretslobodnih.rs,1
podrzi.greenpeace.hr,1
hr6.varicobnd.com,1
hr2.dialine.net,1
poduzetnice.ba,1
hr2.decoratex.biz,1
poduzetnik.udruga-prsten.hr,1
hr1.silaneduardnd.com,1
hr1.detocysnd.com,1
hr1.alkozerond.com,1
hr.zongjutech.com,1
pogledubuducnost.com,1
pogrebno-habulin.hr,1
pogrebno-poduzece-mir.hr,1
poihdrama.unios.hr,1
hr.zdtruck.com,1
pojasiput.ba,1
pojezerje.hr,1
pravda.rs,1
pravas.hr,1
pravanacionalnihmanjina.hr,1
ppm.powerplaymanager.com,1
ppmhp.hr,1
pps.bilje.hr,1
ppzavidovici.getbybus.com,1
povezanismosigurni.hr,1
hr.solutions.kompass.com,1
hr.thetesto.com,1
pouvg.hr,1
posjeti.ba,1
hr.thesporticles.com,1
hr.theprosterolb.com,1
poslovnjak.net,1
poslovno-uciliste-nova-ideja.hr,1
posmrtna-pripomoc.hr,1
possector.hr,1
post-scriptum.hr,1
postar.ba,1
postea.hr,1
hr.surezenmed.com,1
posturalniblokovi.com,1
hr.supertip.net,1
posuski-gradac.com,1
ppmg.ba,1
ppm-alati.hr,1
posvijetu.com,1
ppinkubator-drenovci.hr,1
povezanahrvatska.eu,1
hr.softshell-clothing.com,1
hr.slowcow.com,1
povijest.unizd.hr,1
povratakwinery.com,1
povrce.com,1
povucizakulturu.hr,1
powerevents.sensa.hr,1
pozajmice-isti-dan.eu,1
pozdravizhrvatske.nsk.hr,1
hr.skincell-advanced.site,1
hr.site123.com,1
pozesko-slavonska-policija.gov.hr,1
pozitiv.ba,1
pozitivanzivot.com,1
hr.sgp4djitu.net,1
pp-lastovo.hr,1
hr.sgames.org,1
hr.sebarbanner.com,1
pp.yamaha-motor.hr,1
hr.sdusshor-amur.com,1
posveta-biskupi.hr,1
potkivanjekonja.com,1
prastitutki-spb.top,1
pretinac.vvg.hr,1
prev.zse.hr,1
prevedime.hr,1
preventivna.blogspot.com,1
prevoditelji.zajednicazsj.org,1
prezivjetiprekid.com,1
prhg.hr,1
pribanic-law.com,1
pribislavec.hr,1
hr.prostero-official.eu,1
pricesagranice.com,1
pricezadjecu.blogspot.com,1
hr.profurgol.com,1
prihoda.hr,1
prijatelj-split.blogspot.com,1
hr.potentelaser.com,1
premium-zagreb.hr,1
premium-image.hr,1
hr.rattaprofid.com,1
hr.rottweiler-delbracciale.com,1
prakticni-ribolov.hr,1
praktijkajna.nl,1
hr.psorilinofficial.com,1
presvega.blogspot.com,1
hr.super-seo-guru.com,1
pressum.sum.ba,1
potpredsjednikekon.gov.me,1
hr.sunset24.eu,1
potresi.info,1
hr.stealthsettings.com,1
potrosacx.com,1
pou-kutina.hr,1
pou-marinkovic.hr,1
poudr.hr,1
hr.srichinmoyraces.org,1
pr.blogger.ba,1
pr.moemax.hr,1
pr.xxxlesnina.hr,1
praeconius.net,1
prepelica.hr,1
preporod-gv.ba,1
preporod-srebrenik.ba,1
hr.rakoc.co.rs,1
presoflex.hr,1
presscentre.sony.hr,1
hr.qm-konzept.eu,1
pressum.eu,1
pajicpredrag.blogspot.com,1
pakplus.hr,1
annalinea.hr,1
savjetovaliste-vn.org,1
scholar.google.hr,1
scenaamadeo.hr,1
sh.wiktionary.org,1
scateo.eu,1
savjeti.novac.net,1
savjeti.sophia.hr,1
hnkcroatia.ch,1
savjetnik.ba,1
savjetnik.de,1
savjetnik.net,1
savjetovaliste.tvz.hr,1
school-master.net,1
savjetovalisteziraha.com,1
savjetovanje.bakar.hr,1
savremenaistorija.com,1
savrsena.com,1
saxum-biro.hr,1
saywhisurfirepofapardispneresra.co,1
saznajemozavas.com,1
saznajlako.com,1
sberbank.ba,1
sbf.hr,1
sec.anparo.hr,1
hkzr.hr,1
search4truth.eu,1
search.bisnode.hr,1
hlebinskislikari-kiparinaive.hr,1
sci.hr,1
scool.styria.hr,1
scooterkrabi.com,1
hld-zagreb.hr,1
scrubjaydiet.work,1
scsrdoci.com,1
sd-vinskipodrum.live.sistemi.hr,1
sda.ba,1
hladnival.hr,1
sdajajce.ba,1
hl-rockabillyfestival.com,1
sdatravnik.ba,1
sddosijek.com,1
sdi-girasole.hr,1
sdp-zadar.org,1
sdpkakanj.ba,1
hkzulm.de,1
se.mvep.hr,1
sea-eu.org,1
seadalic.blogspot.com,1
hnip.hr,1
hnd.hr,1
hmstouring.surogat.net,1
sevdalinka.info,1
sezam.hr,1
hkm-lu.de,1
sezonaudukatu.hr,1
sfdigital.hr,1
hkm-aargau.ch,1
sgc-aton.hr,1
sgforma.hr,1
sginzg.hr,1
sgm.hr,1
hkie.hr,1
sh.toonsphere.com,1
senzornasoba.ba,1
hko-ele.ferit.hr,1
senso.hr,1
seljaci.org,1
seef.ba,1
seeker.hr,1
seha-liga.com,1
seherhanuma.blogger.ba,1
seherzadadelic.wordpress.com,1
sei-bbenussi.hr,1
hkm-nuernberg.de,1
seti.ba,1
hm-promotion.com,1
setalo.hu,1
sbtv.hr,1
sc-hercegovinapromet.ba,1
hlse.hr,1
scapendesign.com,1
scarlet.hr,1
secanja.com,1
secure.ipex.eu,1
sedma-osnovna.edu.ba,1
seedpass.oikon.hr,1
serbia.husse.com,1
serbiaimpex.de,1
serenapro.hr,1
serijehaha.com,1
serve-consulting.hr,1
hkmduesseldorf.de,1
servis-aparata-pska.business.site,1
servis-jelic.com,1
servis-racunala-novi-zagreb.com.hr,1
servis.help,1
serviszaciscenje.remarcroatia.hr,1
hkm-wuppertal.de,1
schwarzweissinterijeri.hr,1
sch-19.ru,1
seksoteka.eu,1
hiltonhonors3.hilton.com,1
shop.ljekarna-bjelovar.hr,1
shop.mango.com,1
shop.metalika.hr,1
shop.miele.hr,1
shop.mirjanamikulec.com,1
hitportal.hr,1
shop.nebo.hr,1
shop.netcom.hr,1
shop.nikas.hr,1
hip.hr,1
sibensko-kninska-zupanija.hr,1
hgdcgkotor.wordpress.com,1
hill-croatia.hr,1
hif.hr,1
hidroregulacija.hr,1
sindikatprosvjete.me,1
hidroponija.com.hr,1
sinemanija.com,1
hidrokonzalt.hr,1
hidrobel.hr,1
hidran.digured.hr,1
sint-theresia.be,1
shop.ilocki-podrumi.hr,1
shop.grafi.com.hr,1
shop.fksloboda.ba,1
hitsound.hr,1
sibenka.hr,1
sibenska-kuzina.blogspot.com,1
sibenski.net,1
shop.times.hr,1
shop.stridon.hr,1
hkd-pomurje.si,1
shop.purecaps.net,1
sheeft.eu,1
hjpc.ba,1
shipshape-solutions.com,1
shireen.eu,1
shivshav.hr,1
shlakademija.ba,1
hiwarat-hurra.com,1
shop.alma-ras.com,1
hivebouldering.com,1
hittv.hr,1
shop.bartels-conjar.com,1
shop.berner.eu,1
shop.charlie-design.hr,1
shop.dbk.si,1
sip.hr,1
hidp.hr,1
siporeks.com,1
sigmakom.com,1
signumsped.com,1
signumtel.hr,1
sigurnakuca-medjimurje.hr,1
sii-pinocchio.hr,1
siizamotvoreno.com,1
silver-for-you.hr,1
highlike.org,1
hilaryonline.blogger.ba,1
highvibration.co,1
silverterapijskapomagaonica.wordpress.com,1
simap.ted.europa.eu,1
simarine.net,1
siminars.com,1
simon-safety.info,1
highonsteep.com,1
simtec.hr,1
simulacije.zrs.hr,1
simun-emanuel.hr,1
sinalco.com,1
hjsklase.hr,1
shadowcasters.blogspot.com,1
signoprom.hr,1
sigma-foto.hr,1
siposdoo.com,1
sif-n.com,1
hiddengamessteam.pw,1
sirana-ekogacka.hr,1
siras.hr,1
hibo.hr,1
sirovica.hr,1
sirovina.hr,1
sirovirecepti.com,1
sis-nis.com,1
sisackivodovod.hr,1
sisacko-moslavacka-policija.gov.hr,1
hgz.eindigo.net,1
hgss.ba,1
hgm.hr,1
sistemac-arhiva.srce.hr,1
hife.hr,1
hig.ba,1
sindikat-kantona.ba,1
hildegarda.hr,1
sicfeszt.ro,1
sichildsabtiorendkar.niipropkingbemetothefiloroluking.co,1
sicon.ba,1
sekovici.org,1
seksualna-tajnakomunikacija.com,1
palace.hr,1
specijalisticka-ordinacija-vuletic.hr,1
speleologija.hr,1
hdod.emed.hr,1
sparklemebeautyblog.blogspot.com,1
sparklesofitaly.com,1
sparksense.eu,1
spavalopag.com,1
spb.com.hr,1
spbdg.ru,1
specijal.gloriaglam.hr,1
specijalisticka-ginekoloska-ordinacija.hr,1
speculum.hr,1
spoonfulof.life,1
013info.rs,1
smarttourism.live,1
smartmirror.livmark.hr,1
hgd.hr,1
sklad-savjetovanje.hr,1
sklub.forumieren.org,1
heroes-nearby.net,1
sknl.hr,1
skoforlic.com,1
skokovi.hr,1
spalatinart.blogspot.com,1
hdp.hr,1
spahotelstudenac.com,1
space.trendolizer.com,1
sport-danas.com,1
sport-mare.hr,1
sport-pgz.hr,1
hdf-pharma.mef.hr,1
hded.com.hr,1
hde.hr,1
sport.pravo.hr,1
hdc-via-vita.hr,1
spine-ict.hr,1
hdnp.hr,1
speranza.hr,1
spaladiumarena.hr,1
sosweet.hr,1
sotori.eu,1
soulcraftzone.com,1
hdsl.hr,1
hdraa.com.hr,1
hdpptn.hr,1
soymilkdietplan.best,1
sozialinfo.noe.gv.at,1
sozialinfo.wien.at,1
heritagegopro.com,1
skola-fizika.webs.com,1
skola.budisvoj.eu,1
hgd-zrinski.hr,1
hfd-zrinski.weebly.com,1
sjajno.hr,1
sjecanjabezreda.blogger.ba,1
hey-siri.io,1
sjenina.eu,1
hever.eu,1
sjeverozapad.hr,1
heta.hr,1
herzegovinaoutdoor.com,1
sk-posavac.hr,1
skalac-instalacije.hr,1
herz-hr.com,1
skalinadazivota.com,1
skargardarna.se,1
skaric-lopar.com,1
skbrotnjo.com,1
herosplus.hr,1
skdprosvjeta.com,1
skdubrava.hr,1
ski-cerkno.com,1
ski-rijeka.hr,1
sitik.si,1
sitegur.com,1
skolabuducnosti.stemi.education,1
skippercroatiasail.com,1
skolasantic.com,1
skolastranihjezika.ziger.hr,1
hercegovina.ff.sum.ba,1
skole.sum.ba,1
hercegovina-geoarheo.blogspot.com,1
herbariumcroaticum.biol.pmf.hr,1
skolski-sport-zg.hr,1
herbalspa.ba,1
herbalis.ba,1
herbalika-eko.com,1
herbalijek.com,1
herbalife24.ba,1
skoric-opatija.com,1
skportal.inspirium.hr,1
skpu.hr,1
herbae.hr,1
skradin.eu,1
skradin.hr,1
sklonistedobrote.hr,1
herojisaneretve.blogger.ba,1
hedonica-rakije.com,1
spored.tv,1
spoledance.com.hr,1
sekunde.hr,1
soleus.com.hr,1
sofamm.ba,1
sofic.ba,1
soft-con.eu,1
softball-princ.hr,1
softver.edukaing.com,1
softver.wordpress.com,1
sokoli.hr,1
solarni-sustavi.com.hr,1
solartehnic.com,1
sole-commerce.com,1
solidarnaekopula.wordpress.com,1
spokaginoxasal.nipafmilucadecketerwalarafa.info,1
solidarnost-bosnia.com,1
solidarnost.hr,1
solin-info.com,1
sombor.info,1
somborportal.rs,1
sonne.nassfeld.at,1
sonoit.eu,1
sonoskills.hr,1
sonus-logopedija.eu,1
sophisticated-investor.com,1
soderica.in,1
socksforsiberia.org,1
socialimpact.youtube.com,1
sobe-valpovo.com,1
hkz-gp.de,1
selidbe.com.hr,1
hkz-goeppingen.de,1
sensecentar.org,1
selo.hr,1
selomisi.com,1
semenaxreviews.org,1
hkud-zeljeznicar.hr,1
hksr.hr,1
sempermagis.hr,1
semsoluzioni.com,1
senator.com.hr,1
sencila-medle.si,1
senior-servis.com.hr,1
senj-carnival.com,1
senko.hr,1
sistemac.srce.hr,1
sistemi.hr,1
hr.glassmat.eu,1
snowwhitesflakesblog.com,1
hdzbrckodistrikt.org,1
snp.co.me,1
snoreterminatorclip.com,1
smartmobilesolution.hr,1
snimanje.adu.hr,1
healthfromnature.hr,1
hdzvz.com,1
sophy.hr,1
sopio.us,1
hdz-imotski.com,1
hdz-bbz.com,1
spiritus-koncept.hr,1
spiritus.app,1
spkadulja.com,1
splendor-tekstil.hr,1
splendordomini.blogspot.com,1
split-fitness.club,1
hdlu-varazdin.hr,1
hdlu-osijek.hr,1
hdlb.org,1
split.sszsch.hr,1
split.svjetlost.hr,1
splitadventure.com,1
splitoutdooradventure.com,1
hdfd.hr,1
spock.fer.hr,1
healthglows.net,1
snagazene.org,1
snl.ba,1
snaganamjere.com,1
smarttraining.com.hr,1
smeg-hrvatska.com,1
smestaj.me,1
smh-3maj.com,1
smid.hr,1
smijesakzadom.com,1
smile-international.com,1
hedona.hr,1
smisao.org,1
hebe.hr,1
heartsandmindsforeu.eu,1
hearts.zone,1
smotra.ffrz.hr,1
smotra2022.scouts.hr,1
sms-poruke.in,1
smsdopisivanje.net,1
smsigkovacic.me,1
smun.ss-ivanec.hr,1
healthylinguisticdiet.com,1
sn.pgz.hr,1
healthlifeacademy.com,1
hippyshape.blogspot.com,1
sibenik.unizg.hr,1
hiropraktika-bolkovac.hr,1
pitajsmoki.hr,1
hvk.hr,1
os-tar.skole.hr,1
os-trilj.skole.hr,1
parleu2020.sabor.hr,1
parohiaorsova.ro,1
podizanjevibracije.com,1
piscesdates.website,1
pismoreklam.hr,1
pistaline.ucoz.net,1
hruskar-marine.hr,1
hrube.org,1
os-turnic-ri.skole.hr,1
pitanje.blogger.ba,1
hrt-saric.hr,1
hrss.hr,1
pivovara.hr,1
pizzeriakum.com,1
pjenusci.hr,1
pjesmazaesmu.blogger.ba,1
pjesmicezadjecu.com,1
pjgastrodiskont.com,1
pjp-eu.coe.int,1
os-svetifilipijakov.skole.hr,1
os-sveti-petar-orehovec.skole.hr,1
os-sveta-marija.skole.hr,1
hydrogen.hr,1
os-trsat-ri.skole.hr,1
hzpr.hr,1
ibn-sina.net,1
iblce.org,1
ibes.ba,1
os-pzoranic-stankovci.skole.hr,1
os-rajic.skole.hr,1
os-rkatalinic-jeretov-opatija.skole.hr,1
ibervest.hr,1
ibeauty.ba,1
iapoteka.ba,1
i-nastava.gov.hr,1
hzzo.hr,1
hztm.hr,1
os-skurinje-ri.skole.hr,1
os-trnjanska-zg.skole.hr,1
hzcargo.hr,1
os-sradica-caglin.skole.hr,1
hzags.hr,1
hyundai.auto-novakovic.hr,1
hydrogroup.ba,1
hrpro.hr,1
pk-arena.hr,1
pk-gorica.hr,1
ping-pong.hr,1
pinkmeup.ba,1
hrvati.com,1
pinkradio.com,1
pinkstart.nl,1
hrvati-freiburg.de,1
pins-skrad.hr,1
pintardesign.hr,1
pionir.hr,1
pionirskidom.com,1
piperson.org,1
pipi.forumcroatian.com,1
pipidiving.com,1
hrv.thaimedhealth.com,1
pirsljin.hr,1
planame.blogger.ba,1
hrnk-zmaj.hr,1
hrmud.hr,1
planet.ba,1
playtoy.tportal.hr,1
plazma.hr,1
plemstvo.hr,1
pinklec-karlovac.hr,1
pine.hr,1
hrpost.info,1
pinardsflorist.com,1
pk-pula.com,1
pkmirela.hr,1
hronikehelma.com,1
pkvarazdin.hr,1
pkvu.hr,1
place2go.org,1
placentor.hr,1
planadria.hr,1
pisemtipismo.muzej-pazin.hr,1
hrusko.org,1
pik-vrbovec.talentlyft.com,1
hrv.circuit30fit.com,1
hrvatska-mreza-domoljuba.org,1
piknika.hr,1
pilates-bodytehnika-zagreb.com.hr,1
pilatesyoga.hr,1
piletic.hr,1
pilgrim.hr,1
pilot.e-skole.hr,1
pima-mpu.de,1
pin-edukacija.org,1
os-turanj.weebly.com,1
osijek-infoweb.com,1
hirsch.hr,1
os-pehlin-ri.skole.hr,1
os-mareljkovic-cerna.skole.hr,1
os-mgubec.eu,1
icfo360.eu,1
icesonic.com,1
os-msorga-oprtalj.skole.hr,1
ic-lotos.org.ba,1
ibsivanec.weebly.com,1
ibro2011.org,1
ibring-cirkovic.hr,1
os-pecine-ri.skole.hr,1
os-phektorovica-starigrad.skole.hr,1
huped.hr,1
os-jabukovac.000webhostapp.com,1
os-injemersica-grubisnopolje.skole.hr,1
osijek.alliance-francaise.hr,1
idemutrst.com,1
igor.stojakovic.net,1
igor.kramarsic.com,1
os-braca-seljan-ka.skole.hr,1
os-brace-radica-pakrac.skole.hr,1
igor.hr,1
igomat.hr,1
icva-bh.org,1
os-ludina.skole.hr,1
id.player.fm,1
idagamulin.com,1
palatinshop.si,1
palavra.ba,1
palcic-zagreb.hr,1
palcici.hr,1
htc.ba,1
palicplebania.org.rs,1
huo.hr,1
huono.hr,1
parodontolosko-kirurski-centar.com,1
os-ivanjareka.hr,1
idejnorjesenje.ba,1
os-jkozarac-slavonski-samac.skole.hr,1
os-jkozarca-semeljci.skole.hr,1
idejica.com,1
ideaprojekt.hr,1
ideal-service.hr,1
ideagenerator.dk,1
idea4u.hr,1
ide3.hr,1
iddi-future.com,1
os-kzrinska-mecencani.skole.hr,1
igokea.rs,1
os-cazma.skole.hr,1
igoadria.com,1
os-vgrzalja-buzet.skole.hr,1
os-vinica.skole.hr,1
os-vklaic-garcin.skole.hr,1
os-vnazor-adzamovci.skole.hr,1
hvidra.belisce.eu,1
os-vnazor-kc.skole.hr,1
hvidra-sesvete.hr,1
hvidra-bjelovar.hr,1
hvhouse.eu,1
hvacshop.eu,1
huros.hr,1
osbijakovici.com,1
osbukovica.ba,1
oscausevic.edu.ba,1
oscon-mefos.com,1
oscrnici.com,1
oscvila1.edu.ba,1
osdjurdjevik.do.am,1
osfbih.org.ba,1
oshwiki.eu,1
osiguran.granem.ba,1
hupg-povijesnigradovi.com,1
os-viktorovac-sk.skole.hr,1
hvidranovska.hr,1
ignis.hr,1
os-veli-vrh-pu.skole.hr,1
os-dpejacevic-na.skole.hr,1
os-draganici.skole.hr,1
igalospa.com,1
ifm.hr,1
os-dugopolje.skole.hr,1
iep.com.hr,1
os-frapvuckovica-sinj.skole.hr,1
os-garesnica.skole.hr,1
idz.hr,1
idtwound.com,1
idris.hr,1
os-gviteza-zg.skole.hr,1
idividi.hr,1
os-igkovacic-staropetrovoselo.skole.hr,1
os-igkovacic-zdenci.skole.hr,1
os-igrandje-soblinec.skole.hr,1
os-igundulic-du.skole.hr,1
ibps.hpb.hr,1
ibna.rs,1
os-podrute-donje-makoisce.skole.hr,1
os-podturen.skole.hr,1
hrc.ba,1
plesnamreza.hr,1
plesnistudio.hr,1
photography.tutsplus.com,1
pff.hr,1
pfri.uniri.hr,1
pfst.unist.hr,1
hrvatskakuhinja.info,1
ph-detailing.hr,1
pharma.mef.hr,1
pharma.unizg.hr,1
pharmamaac.hr,1
pharmarosa.hr,1
phoneticom.se,1
physics.blogger.ba,1
plesnistudiolatino.com,1
physioplus.hr,1
phytocream.hr,1
piamia.hr,1
pianodoktor.hr,1
piar.hr,1
piel.hr,1
hrvatske-ceste.hr,1
petmagiq.com,1
petkomu5.hr,1
permakultura-dalmacija.hr,1
pfb.unbi.ba,1
pevonia.hr,1
pevex.hr,1
petshopdexter.hr,1
paulovnija.hr,1
pavic.ba,1
pavlebasic.me,1
pavlina.com.hr,1
pavlini.com.hr,1
pavobarisic.eu,1
pawsome-stuff.com,1
paykasakartsiparis.com,1
pazinstina.info,1
pbk.edu.ba,1
pbz.talentlyft.com,1
hsd.hr,1
pekom.hr,1
hrvatskigeneralskizbor.hr,1
peljesac-apartments.com,1
hrvatskifolklor.net,1
petra-kump.com,1
hrvatskauljudba.hr,1
petrabrzovic.com,1
hrvatskanumizmatika.net,1
petshop-no1.hr,1
pelot.si,1
penbih.ba,1
penisthickeningtablets24.eu,1
radiofenjer.com,1
shop.studenac.hr,1
shop.ventex.hr,1
shop.vidime.hr,1
hitnabbz.hr,1
shop.vkn.hr,1
shop.vulkal.hr,1
shop.zef.hr,1
shop.zk-office.com,1
hit.ffzg.unizg.hr,1
historymakerseurope.org,1
shopstar.hr,1
historija.info,1
showroom.ba,1
historicart.com.hr,1
shs-zgb.hr,1
shtorija.hr,1
shukokai-croatia.net,1
his.unizd.hr,1
si.titlovi.com,1
siadizajn.ba,1
his-hr.hr,1
hr.glavzdrav.info,1
hr.globaloceanagar.com,1
pennsylvania.realigro.com.hr,1
petiks.hr,1
peovica.hr,1
per-tu.hr,1
peran.smn.hr,1
hrvatski-zvucni-atlas.com,1
perfectbody-beautybar.com,1
perika.eu,1
peris.co,1
periskop.hr,1
pero-pernjak.eu,1
hrvatskenovine.at,1
persduncacafasme.pheledachugadendenaducnodaham.info,1
personaliziranelutkice.com,1
perspektiva.ba,1
perspektiva.hr,1
hrvatski-racunovodja.hr,1
pes-d-o-o.webnode.hr,1
pesja.hr,1
peski-art.mreza.hr,1
hrvatski-poslovni-imenik.com,1
petadimenzija.online,1
petarnikolic.com,1
hsgi.org,1
patrola021.com,1
patriot-hrvatska.com,1
platform.mk,1
planetzoe.hr,1
planhvar.com,1
planinarenje.hr,1
planinarimo.info,1
planiranjekuhinjasplit.youcanbook.me,1
hrks.hr,1
hrkljus.com,1
plantago.ba,1
hripa-kali.hr,1
hrhave.info,1
hrflix.com.hr,1
platinum.hr,1
player.fm,1
hrestomatijafragmenata.blogspot.com,1
plavi-andeo.hr,1
plavi-telefon.hr,1
plavipixel.hr,1
plavisvijet.com,1
plavitalas.blogger.ba,1
hrdown.info,1
play.co.rs,1
planetnogomet.eu,1
playersroom.hr,1
hrdm.com.hr,1
hrclubs.info,1
pletenina-dd.hr,1
plitvicegreenvalley.com,1
pljevlja.me,1
plodovimediterana.ba,1
hrastcentar.com,1
plora.ploce.hr,1
plostine.com,1
plt-app.com,1
plusfit.info,1
pmi-osijek.com,1
png-split.hr,1
po-inkubatorotok.hr,1
po.trade,1
pobis.hr,1
pobro.info,1
hrananakvadrat.com,1
podest.hr,1
podgorickaskupstina1918.wordpress.com,1
podi-sibenik.com,1
podignimoletvicuvisoko.eu,1
playpes.rs,1
play.google.com,1
playbox.hr,1
patria.ba,1
pdsusedgrad.hr,1
pecovjencanja.hr,1
pedala-laganini.hr,1
pedikerski-salon-bozena.hr,1
pedikerski-salon-fajfer.hr,1
peek.hr,1
pekica.com,1
pcela.hr,1
pc-pakrac.hr,1
pigmalion.rs,1
pc-mozaik.hr,1
hspd.hr,1
hspas.ba,1
partners.direct-booker.com,1
partnerstvo-izvor.blogspot.com,1
party.hr,1
pascal-obrt.hr,1
pascolima.hr,1
passionateanalyst.com,1
pastoorvanarskijkduin.nl,1
hsp1861.hr,1
patent-projekt.hr,1
pecati.ba,1
hrvatskodrustvoflautista.hr,1
playdecide.eu,1
pdobruc.hr,1
hrvatska-nastava-bavarska.de,1
pik-vrbovec.si,1
parsek.sfera.hr,1
hsb.hr,1
pcelari-bujstine.com,1
pcelari.ba,1
pcelarstvo-nahl.com,1
pcpetricevic.hr,1
pctogo.hr,1
pcvc.s3.novenaweb.info,1
pcz.hr,1
pd-knezgrad.hr,1
pd-pinklec.hr,1
hrworld.info,1
pd-svetirok.hr,1
pd-vrbovec.hr,1
pdfknjige.com,1
pdm.hr,1
pdmedvednica.hr,1
pdmoi.hr,1
pdnadvrhom.hr,1
www.poreklo.rs,1
www.zsuis-bpz.hr,1
bojanbalen.com,1
xn--cvjearnica-florami-m-elc.hr,1
xd-store.com,1
bs.redfeatherfarm.org,1
xat.wiki,1
bs.prospekt.estate,1
www.orlovo-polje.com,1
www.ort-med.com,1
bs.olepetfood.com,1
www.ortorea.hr,1
www.opuzen.hr,1
www.optiprint.ba,1
xn----7sbbmwdimhtcb5aabbrd6w.xn--p1ai,1
budor.hr,1
www.openpetition.de,1
www.openpetition.eu,1
www.opferhilfe-schweiz.ch,1
www.opg-gasparac.com,1
bs.swewe.net,1
www.opg-mareljic.hr,1
www.opgburza.com,1
www.opgvonic.hr,1
www.opinionstage.com,1
www.oplate-situm.com,1
bs.risinenergy.com,1
www.originalmagazin.com,1
xhosting.hr,1
bs.runya01.com,1
xs4uacademy.eu,1
budilepa.com,1
budi.inzenjer.org,1
xranks.com,1
www.opcina-pakostane.hr,1
www.opcina-posedarje.hr,1
www.opcina-postira.hr,1
bs.testerschina.com,1
www.open-europe-consulting.eu,1
agitrade.hr,1
www.orhideje.net,1
xguard.si,1
www.orbis.hr,1
www.orbitaprijevodi.com,1
www.orcus-plus.hr,1
bs.site123.com,1
xfophoto.com,1
www.orebic-peljesac.eu,1
bs.sepfurniture.com,1
www.orhideja.eu,1
xercgee.ga,1
www.opstinagusinje.me,1
www.optionrobot.com,1
www.optana22.hr,1
www.moruzgva.com,1
www.motoskupovi.com,1
cestitkezarodjendan.info,1
www.motul.com,1
www.motus-melior.hr,1
www.mountvacation.hr,1
www.movementherapy5r.com.hr,1
www.mozaikzd.hr,1
cestitke.in,1
www.mozdaniudar.hr,1
www.mosafil.hr,1
www.morski.hr,1
www.mozocare.com,1
cfe-mihrvati.hr,1
www.mondotravel.hr,1
www.moneyfromsweden.se,1
zaklada.ijf.hr,1
cgenerator.proventum.me,1
www.monokl.ba,1
www.monster-rbs.hr,1
www.monsterenergy.com,1
zaklada-viktorija.hr,1
www.motorex.ba,1
cestovno-trcanje.com,1
bs.sukoptfe.com,1
www.motor.com.hr,1
www.optika-optomed.hr,1
www.optikaonline.hr,1
www.optima.hr,1
agitrade.com,1
www.optimit.hr,1
xiiigimnazija.com,1
xiaomi.com.hr,1
www.optimus-stop.hr,1
www.nktrnje.com,1
www.nksvacic.com.hr,1
www.nksloga.com,1
zaklada-dadic.hr,1
cetvrtamo.com,1
www.moslawine.shop,1
www.most.hr,1
www.mostarpropertymanagement.com,1
www.motel-europa.com,1
www.mothersvillage.org,1
www.motivacija.hr,1
cetinje.travel,1
www.motoguzzi.com,1
budizam.org,1
budvanekretnine.me,1
zaklada-ucimzivjeti.org,1
www.os-ljbabic-jastrebarsko.skole.hr,1
www.os-vrbani-zg.skole.hr,1
www.zvjezdano-selo.hr,1
brzodoposla.com,1
www.visnjinahappyfoodkuhinja.com,1
brusnica.ba,1
bs.besuperhygiene.com,1
www.os-ripci.org,1
www.os-koprivnicki-ivanec.skole.hr,1
www.os-oroslavje.skole.hr,1
www.os-kzrinska-mecencani.skole.hr,1
bs.felixindustry.com,1
btwstudio.blogspot.com,1
www.os-mbegovica-vrlika.skole.hr,1
bs.fastenerscrews.com,1
www.os-mlovraka-petrinja.skole.hr,1
bs.countdowntothekingdom.com,1
bs.clsspoutomobile.com,1
www.os-novska.hr,1
bs.chemicalequationbalance.com,1
www.zzhm-vsz.com.hr,1
www.os-pzoranic-stankovci.skole.hr,1
www.os-petrijevci.skole.hr,1
www.os-vnazora-skabrnja.skole.hr,1
www.os-vnazor-vt.skole.hr,1
agromoto.hr,1
www.zvjezdica-mira.hr,1
www.zzts.hr,1
www.os-dtadijanovica-petrinja.skole.hr,1
bs.lawyers.cafe,1
bs.joineonlux.com,1
www.zzjz-kkz.hr,1
bs.forvo.com,1
bs.nswvalve.com,1
bs.ankh.tv,1
bs.bambeocnc.com,1
www.os-skakavac.hr,1
www.zvonekustici.com,1
www.os-skrad.skole.hr,1
bs.appleownz.com,1
bs.anshengfilterscreen.com,1
www.os-sveti-djurdj.skole.hr,1
www.os-sveti-matej-viskovo.skole.hr,1
agrolasta.hr,1
www.zvonacatering.hr,1
bs.albertolamaphotography.com,1
www.os-sesvetska-sela-zg.skole.hr,1
bs.aceaustin.org,1
www.os-plitvicka-jezera.skole.hr,1
agrobioheat.eu,1
www.zzhm-obz.hr,1
www.opcinabol.hr,1
bs.wikibooks.org,1
bs.wevino.store,1
agencijawe.ba,1
www.opcinaseget.hr,1
bs.toflyintheworld.com,1
www.opcine.hr,1
btcfitness.ba,1
btv.hr,1
bs.teehop.co.uk,1
buginmyhome.com,1
bujanovacke.co.rs,1
builttobrag.com,1
www.opca-privatna-gimnazija.hr,1
www.opcina-antunovac.hr,1
xx-com.com,1
www.opcina-bilice.hr,1
www.opcina-bizovac.hr,1
www.opcina-cista-provo.hr,1
buildyourbodytips.blogspot.com,1
builddailys.com,1
xviii.blogger.ba,1
bs.wikisource.org,1
xn--vicarska-4wb.realigro.com.hr,1
www.os-policnik.skole.hr,1
xn--www-bqlzf.worldcubeassociation.org,1
bs.cbm4yu.com,1
bs.casinobonuscenter.com,1
bs.broadcastbeat.com,1
agrobiotest.hr,1
bs.blog-oremonte.ru,1
www.oryx-sigurnavoznja.hr,1
www8.hp.com,1
bujicarijeci.com,1
bs.zdtruck.com,1
btc-croatia.blogspot.com,1
bswireless.hr,1
bstelecom.ba,1
www.opcina-skabrnja.hr,1
www.opcina-starigrad.hr,1
bsrs.rs,1
xoxosonja.com,1
bsibh.com,1
www.opcina-velika.hr,1
bservisi.hr,1
bs.ywchejiang.com,1
www.opcina-privlaka.hr,1
www.mont-kran.hr,1
www.montenegrina.net,1
www.porcijunkulovo.com,1
www.mojzubar.com,1
www.mojprijedor.com,1
zakljucana.eu,1
www.mojsmjestaj.hr,1
www.mojgastro.net,1
www.mojsvetbrzine.rs,1
zakladamilosrdniisus.hr,1
www.mojtrg.me,1
chan.hr,1
www.mojvrt.hr,1
chajnov.ru,1
www.mok-rijeka.hr,1
www.mlinmolaris.com,1
www.mok.hr,1
www.molerskeuslugenovisad.rs,1
chat.com.hr,1
adriacert.hr,1
adria.run,1
www.mojastrolog.tv,1
chiowebpgralepualsu.compcotyhaptelrgreatelucolornite.co,1
chilote.cl,1
chilly-fashion.blogspot.com,1
zaposlenamama.eu,1
adrialuxurysociety.com,1
www.mojprenatalnitest.ba,1
adriafly.com,1
chartaxxi.eu,1
www.mlu.hr,1
www.mm-informatika.com,1
www.mobilnekucicehrvatska.com,1
www.mm.co.ba,1
www.mmelektro.hr,1
www.mmh.hr,1
www.mmm-vukelic.hr,1
www.mnemosyne.hr,1
zarapharm.com,1
cib-commerce.hr,1
ciao-karmela.eu,1
www.mo-gy.si,1
adria-sprachenservice.de,1
www.mojacrnagora.com,1
chix.hr,1
zakladaho-cpc.hr,1
www.mojprostor.me,1
chat.ba,1
www.mojmarket.ba,1
www.mojmedtrum.com,1
www.mojnajboljiprijatelj.labud.hr,1
chiavalon.shop,1
www.mojapovijest.com,1
adriacalix.com,1
www.nestlebabyandme.hr,1
www.netdoktor.ch,1
www.netfilm.tv,1
www.netherlandscar.com,1
catering-gusti.com,1
www.neset-project.eu,1
www.netlab.ba,1
zagreb.com.hr,1
www.netsync.hr,1
catchingcancer.best,1
www.neurolog.com.hr,1
www.neverin.hr,1
www.nevio-camping.com,1
www.new-energie.de,1
www.newlifeturkey.com,1
zagreb-up.sdlsn.hr,1
zagreb.kia.hr,1
www.nepsi.eu,1
www.newroadbih.org,1
www.nekretnine-zagreb.hr,1
ccaa.hr,1
www.nebelung.de,1
www.netcomputers.hr,1
catrice.eu,1
chi-nese.com,1
www.nestec.hr,1
chess-server.net,1
cherryontop.eu,1
cheoratasubsfadee.piebeuastarenoxadetupaptothatmo.co,1
adriacamps.com,1
chemicalsinourlife.echa.europa.eu,1
cheese-langhendries.be,1
www.moje-dijete-solin.hr,1
check-creative-finish.eu,1
chathr.com,1
chatbot.com.hr,1
chat80.com,1
www.mojeznanje.eu,1
zamisli.ba,1
www.mojezrno.com,1
www.muzejprigorja.hr,1
www.muzejuloncu.com,1
carladalmas.com,1
catering-restoran-pecina.com,1
www.nespresso.hr,1
adriatikusgroup.com,1
adrinaut.com,1
adresar.net,1
www.mladost-ribolakastela.com,1
cewe.hr,1
centarzvanicnikanal.rsclub.info,1
www.multimatik.ba,1
zagrebtalks.com,1
www.musthave.ba,1
centrumbigfarm.pl,1
www.muzej-moslavine.hr,1
zagrebsecurityforum.com,1
www.muzej-senj.hr,1
centella.me,1
www.muzej-vukovar.hr,1
www.muzejapoksiomena.hr,1
zagrljaj.hr,1
zaro.hr,1
ceraneo.hr,1
www.mramoterm.hr,1
www.msjoker.rs,1
cesnjak.bio,1
adriapublic.hr,1
zajednoik.wordpress.com,1
www.mroption.com,1
www.mrsfoxy.com,1
cesljugar-rijeka.hr,1
www.ms-skola.ba,1
www.musix.com,1
www.musicpocket.org,1
www.musicar.rs,1
www.music-kupresak.com,1
www.montenegro.travel,1
www.monter-sm.hr,1
zaklada-policijske-solidarnosti.gov.hr,1
cfc-staging-v3.poplar.phl.io,1
adrianus.hr,1
www.montevideo-car-rental.com,1
www.monting.hr,1
www.montis-aurea.hr,1
www.moravske-toplice.com,1
cezar.hr,1
cestitke.com.hr,1
www.mportal.com.hr,1
www.moltonko.com,1
www.musicwithoutlimits.net,1
cenzura.ba,1
zagrebwinterfairytale.com,1
www.mupk10.gov.ba,1
www.mupsbk-ksb.gov.ba,1
www.murexin.hr,1
www.murter-apartmani.net,1
centsilohougusa.outammogputiparockstaninosviecont.co,1
cesi-zagreb.hr,1
cesarica.org,1
www.msdprivacy.com,1
www.modrikavez.eu,1
zaposljavanje-stranaca-i-izaslani-radnici.dashofer.hr,1
ciak-auto.hr,1
www.moj-planer.hr,1
adria.ign.com,1
www.moj-prvi-maraton.info,1
chordlicious.com,1
www.moja-celijakija.com.hr,1
choose-forex.com,1
www.moja-podrska.com,1
chococafe.eu,1
www.mojabih.live,1
chlorinebuil.blogger.ba,1
ciabuidismamared.rioperziochangrenvioplethessicanfatal.info,1
www.mobilni.info,1
www.mojacrnagora.rs,1
zarkovic.hr,1
cielimnahoubozycimortlogtiodapho.co,1
www.mkd.hr,1
cid-nova.hr,1
cicinails.net,1
www.mladi.gov.ba,1
adria.gg,1
adria-velebitica.hr,1
www.msjosipovac.hr,1
www.modernaradionica.hr,1
ceres.hr,1
cerovic.wordpress.com,1
www.mspi.hr,1
www.mss-zivinice.com,1
zagvozd.hr,1
www.mtb-inzenjering.hr,1
www.mts.si,1
www.mudrovcic-partneri.hr,1
cerkno-resort.si,1
www.mugz.hr,1
www.muh.hr,1
www.mondocrea.it,1
cha.hr,1
www.muzejsusjedstvatresnjevka.org,1
www.moj-busevec.hr,1
www.mobiteli.biz,1
www.mobitelmedia.hr,1
chudofix.blogspot.com,1
www.moderato.hr,1
www.moderna-dijagnostika.hr,1
chronoszenica.com,1
www.os-dsimunovica-hrvace.skole.hr,1
bs.locksmithobd2.com,1
www.os-drenje.skole.hr,1
atest-kontrola.hr,1
www.topallgroup.com,1
www.topdestinacije.com,1
www.topdiscountcodes.org,1
www.topicip.com,1
www.vruja.net,1
www.topproizvodi.eu,1
atlasprofilax-zagreb-leon-cebovski.business.site,1
www.vrtovi.hr,1
atlantis-kulenvakuf.com,1
www.vrtickotor.me,1
www.torenseindustry.com,1
www.vrtic.gorazde.ba,1
aniasdemoras.wordpress.com,1
anicastojanovic.com,1
www.vrticzabac.hr,1
www.totalapproach.nl,1
www.totalportal.hr,1
www.touchdisplays-tech.com,1
atelje-marina.com,1
www.vrticpalcic.hr,1
www.rio-rijeka.hr,1
aloavera-studio.com,1
atlaszone.org,1
www.top-travel.hr,1
www.topterme.hr,1
www.top-sport.hr,1
www.tpo.ba,1
atalian.hr,1
www.trafficestimate.com,1
www.tragaci.hr,1
www.tragovi-istine.com,1
www.traildino.com,1
www.traildino.nl,1
www.transformirajse.com,1
www.vrticbakar.hr,1
www.transparency.org,1
www.transporterfootwear.hr,1
www.transporti-pervan.com,1
www.travar-dresevic.com,1
www.travel-2-croatia.com,1
www.travelbih.com,1
www.travelmagazine.rs,1
www.travian.com,1
www.travnickivjesnik.ba,1
www.trazimsmjestaj.com,1
anikdot.ru,1
www.toyota-bunjo.ba,1
www.rimarkmedia.com,1
www.osc.ba,1
af.unsa.ba,1
www.odvjetnik-tomislavkovacic.com,1
www.obracun-placa.com,1
www.obrt-maruzin.hr,1
zabavnaekonomija.wordpress.com,1
www.obrtnicka-komora-rijeka.hr,1
cadoro.hr,1
www.obucari.hr,1
c-b.hr,1
bzmedeneruke.hr,1
www.odaberi-zg.hr,1
www.odaljepoti.com,1
bythesea.com.hr,1
www.odvjetnik-strniscak.hr,1
aesc.ba,1
byte.com.hr,1
zabacfoodoutlet.hr,1
aestus.hr,1
www.odrazi.org,1
www.odrzivizivot.net,1
www.odvjetnica-vracan.hr,1
www.odvjetnicki-ured-maracic.hr,1
www.odvjetnik-holjar.hr,1
www.odbojka.hr,1
www.odvjetnikkovacic.com,1
yusearch.com,1
buzetski-dani.com,1
yunited-balkan.info,1
www.offenbach.de,1
www.offero.hr,1
yugocar-adventure.com,1
www.offfestival.net,1
buz.hr,1
buy-with-ease.com,1
butterup.in,1
butimoto.hr,1
afcamnicadiho.gripmesenrapormicurragitosuto.info,1
yu-midi.org,1
buterin-posavec.hr,1
www.ogorje.net,1
www.ograde-josipovic.com,1
www.ogranak-mh-samobor.hr,1
www.ogs-pakrac.hr,1
www.ogs-rudolfamatza.hr,1
www.ogsko.hr,1
businessexpandsystem.com,1
www.ohra.hr,1
businesscafe.info,1
www.tpa-group.hr,1
atea.hr,1
www.os-dragalic.skole.hr,1
ankete.vigilare.org,1
www.vrt-priroda.com,1
www.turkeycar.com,1
www.vrsnjackapodrska.me,1
www.tutablu.hr,1
www.tutorijali.net,1
www.tuv.at,1
as-pl.com,1
www.tuzlainfo.ba,1
www.tv1000.com.hr,1
www.tvarenasport.hr,1
www.tvojih208.eu,1
atadria.hr,1
www.tvornica-smijeha.hr,1
asdetailing.ba,1
www.vrlovazno.com,1
www.tvornicadizajna.hr,1
www.tvornicaprica.xyz,1
animastudio.hr,1
astroriznica.com,1
www.tigarkarlovac.hr,1
www.tola.hr,1
www.tkprelog.hr,1
www.vrt.com.hr,1
www.turizam-kutina.hr,1
ask-zagreb.org,1
ask.libreoffice.org,1
www.vrhovski.com,1
www.tyroremotes.hr,1
www.tysso.com.tw,1
www.vrhkomunikacije.com,1
www.tz-drnis.hr,1
artsy.ba,1
www.tz-fuzine.hr,1
artnit.net,1
www.tz-karlobag.hr,1
www.tz-knin.hr,1
artlifespirit.com,1
www.tz-lipik.hr,1
www.tz-marija-bistrica.hr,1
www.tz-moscenicka.hr,1
annatours.hr,1
www.tz-novi-vinodolski.hr,1
anksioznost.info,1
www.vrlika.eu,1
www.turist-selce.hr,1
anka-jewelry.com,1
www.turisticka-naklada.hr,1
attox.net,1
www.tkterra.com,1
attexo.hr,1
www.tiki-toki.com,1
www.vujacic-company.me,1
www.tiliastudio.hr,1
www.tim-studio.hr,1
www.tim360.hr,1
www.vucna-sluzba-bozic.hr,1
www.vszn-je.si,1
www.timetoast.com,1
www.tixys.com,1
www.timoteo.xyz,1
www.tindir-informatika.hr,1
www.tirena.hr,1
www.tirendo.hr,1
www.tisakpaket.hr,1
www.vskv.hr,1
www.tiskarstvo.net,1
atvert.net,1
www.titan.com.hr,1
www.titantisak.hr,1
atletskaskola.com,1
www.top-shop.me,1
animafest.hr,1
www.tilea.ba,1
anglist.ffzg.unizg.hr,1
www.tloznanstvo.eu,1
www.tik.hr,1
www.tm-vozila.hr,1
atrium-blue.de,1
atrac.hr,1
www.vsikmp.hr,1
www.tokic.hr,1
www.toman.hr,1
www.tkalcic.com,1
www.tomica.net,1
www.tomipetfoods.com,1
atomium.hr,1
www.tomislavgrad.gov.ba,1
atneshop.com,1
www.tomljenovic.eu,1
www.tompojevci.info,1
www.vs-securus.hr,1
www.toncic.net,1
www.toner-outlet.com,1
www.tkd-susedgrad-sokol.hr,1
attractionsymbols.com,1
atleta.ba,1
www.timemachinemusic.org,1
www.odvjetnik-misko.hr,1
www.ok.hr,1
www.okosi.hr,1
camping-ugljan.com,1
www.objektivno.ba,1
www.oblianelli.com,1
www.nu-me.eu,1
cakepottea.pw,1
www.novinarnica.net,1
camelija-osiguranje.com,1
www.novinarnica.plus,1
www.novinarz.online,1
camps.scouts.hr,1
www.noviradiosombor.com,1
www.novitravnik.org,1
yourenglish.ie,1
www.novizivot.hr,1
cammeo.hr,1
camino.hr,1
www.novostidana.rs,1
www.nowfoods.hr,1
cakipoduka.com,1
camaracroata.org.ar,1
www.np-kornati.hr,1
call-explorer.be,1
www.ns-jastrebarsko.hr,1
zabih-tesanj.org,1
www.obiteljskoobogacivanje.com,1
zabluda.blogger.ba,1
www.obicnaprica.com,1
www.notaioportal.eu,1
cantabile.hr,1
cando.hr,1
caffemontenegro.me,1
aerobic-centar-step.com,1
zacorda.hr,1
www.nub.ba,1
www.numerology.mirofox.app,1
aegee-zagreb.com,1
www.numis.hr,1
cakedobrogkuvanja.com,1
www.nustar.hr,1
www.nutricentar.com,1
zacini-busic.hr,1
zabum.hr,1
www.nuxe.hr,1
www.ntv.ba,1
zabok-ribolov.com,1
www.o2hosting.com,1
www.oaza21.hr,1
cak.hr,1
www.nsf-journal.hr,1
calivitazdravlje.com,1
zada.ba,1
www.zzjzbpz.hr,1
www.os-jklovica-zg.skole.hr,1
bs.gfunplay.com,1
www.os-jure-kastelana.hr,1
bs.iwasateenagechartfreak.com,1
bs.jbhhealth.com,1
bs.gbl-europe.com,1
bs.metamob.ro,1
www.os-abauera-vu.skole.hr,1
www2.pressclip.hr,1
bs.npackmachine.com,1
bs.nicefiller.com,1
www.os-banova-jaruga.skole.hr,1
www.os-barilovic.skole.hr,1
agmar.org,1
www2.heineken.com,1
bs.morphclothing.com,1
ago-dnz.hr,1
agoncasopis.com,1
bs.jingweimould.com,1
www.os-djure-prejca-desinic.skole.hr,1
www1.zagreb.hr,1
agristar.hr,1
agrishort.eu,1
www.nspm.rs,1
www.os-jjstrossmayera-zg.skole.hr,1
cal.laudato.hr,1
www.nsrhep.hr,1
xxl-thickening.eu,1
bukmeker.com,1
www.oocities.org,1
www.zzjzkzz.hr,1
www.zzousk.ba,1
www.zzo.ba,1
www.zzns-varazdin.hr,1
agragold.com,1
www.os-ibmazuranic-orahovica.skole.hr,1
bs.honneurtech.com,1
www.os-igkovacic-petrinjagora.skole.hr,1
agriculture.ec.europa.eu,1
bs.haerentanimo.net,1
bs.gigajewe.com,1
www.os-jdalmatinca-si.skole.hr,1
www.zzpudnz.hr,1
agrigenetics.hr,1
www.os-jdobrile-rovinj.skole.hr,1
www.os-jhabdelica-velikagorica.skole.hr,1
www.notabene-gnld.eu,1
www.nos.hr,1
www.norvel.hr,1
www.omh.hr,1
www.okreninaljeto.com,1
yonseilibrary.best,1
aferalucic.telegram.hr,1
bus.supeus.hr,1
your.bizzon.com,1
bus.rent,1
burza-nekretnina.com,1
youngmeninitiative.net,1
www.okusihrvatske.com,1
youngcrew.hr,1
www.okusiimirisijuga.com,1
youbang.me,1
afirmator.org,1
burza-bjelovar.hr,1
www.oldtimerclub-sisak.hr,1
www.oldtimeri.hr,1
www.oldtimerklubmedjimurje.hr,1
yoganiketan.ru,1
www.olimpijci.hr,1
yoga-zagreb.hr,1
www.olivari-travel.com,1
www.ombudsperson-frankfurt.de,1
www.onlineuciliste.hr,1
www.olsthoorn.eu,1
www.onlinerecepti.com.ba,1
www.onewholelove.com,1
www.omis-michy.com,1
www.omis.hr,1
yltosretiformi.kekandustlisormavoburlitodeerow.co,1
bundesliganews.blogger.ba,1
www.omniaspect.hr,1
www.omniplus.com,1
bundek.hr,1
www.onedigitalbox.com,1
afmpkr.org.rs,1
www.oneplus.com,1
yc-jadro.hr,1
buro247.hr,1
www.onkologija.net,1
www.online-croatia.hr,1
www.online-oklade.com,1
aforizam.blogspot.com,1
www.onlineajnc.com,1
yasaka.hr,1
yachtsupplycroatia.com,1
www.onlinekonzultacije.svkatarina.hr,1
yoga-za-mene.business.site,1
www.om-hbt.hu,1
cargolakk.com,1
caper.hr,1
adventube.ro,1
www.notary-parramatta.com.au,1
candybalism.com,1
www.nogometni-magazin.com,1
www.nkvinica.hr,1
www.nkzagreb041.hr,1
www.nl-jobs.com,1
www.nlb-rs.ba,1
www.nlostanak.com,1
www.nlp.ba,1
adventisti-osijek.com,1
www.nobellijek.me,1
www.nobilis-osijek.com,1
www.nogometm2c.com,1
www.nogometni.net,1
zadobardan.com,1
www.nogometulopti.com,1
www.nomago.hr,1
www.noninazdravakuhinja.com,1
www.nord-ing.hr,1
www.nordom.hr,1
canyoumakeit.redbull.com,1
www.novidomgrude.com,1
aerotehna.hr,1
www.novidani.hr,1
cafe.limundo.com,1
www.obnoviljubav.com,1
www.novanoa.hr,1
www.novaczasutra.hr,1
www.novageneracija.org,1
www.novak-inzenjering.hr,1
zadarwinefestival.com,1
zadarsnova.hr,1
www.novalja-bok.com,1
www.novalja-iva.com,1
www.novalja.cool,1
www.novalja.hr,1
www.novaljapag.net,1
www.novarepublika.cz,1
career.hedera-estate.com,1
carbestmarawowlacontpeerbainsoflisti.co,1
www.novastrucnost-novabuducnost.galbanum.hr,1
capm.hr,1
www.novebojeznanja.hr,1
www.novi-osmijeh.hr,1
adze.ba,1
www.nebeski-dar.hr,1
cbd-slovenija.si,1
cbc.rs,1
biodinamickodrustvoduga.weebly.com,1
bjelovar.omeka.net,1
www.ra-tintl.hr,1
alibeg.ba,1
www.zgtim.hr,1
bizzwithme.com,1
www.zgt.hr,1
www.radez.hr,1
bizhack.eu,1
www.zez.coop,1
biskupija.hr,1
www.ravecon.hr,1
alkascript.hr,1
www.rapidus-tar.hr,1
allatra-hrvatska.org,1
www.rasadnikpavlovic.com,1
www.rasejanje.info,1
biomania.hr,1
www.rastko.rs,1
www.zenskikutak.info,1
www.rastoder.si,1
www.rat-u-gradu.alat.hr,1
www.zenskica.com,1
www.ra-kazup.hr,1
www.qvapehouse.com,1
bius.hr,1
www.qushin.com,1
bistro-deno.hr,1
www.radioljubic.com,1
www.radiomarija.ba,1
www.radiomarija.hr,1
www.zfbh.ba,1
www.radiomegaton.hr,1
bistrica.hr,1
bitrix24.bloom.ba,1
alibi-fest.com,1
bison.ba,1
www.quantum-ict.com,1
www.pvk-marsonia.hr,1
www.pvkjadran.com,1
www.pvt2009.org,1
www.pvzg.hr,1
bk-muraavantura.com,1
www.zhm-smz.hr,1
www.zgz.hr,1
www.qfact.org,1
www.zgvjesnik.net,1
www.qmmatrix.com,1
bioinspekt.hr,1
www.raluzhou.com,1
www.razmjenavjestina.org,1
www.rakov-potok.hr,1
www.zes-split.hr,1
biotime.ba,1
www.radnicki-pokret.org,1
www.radosic.com,1
biosinhron.com,1
www.zensound.co.uk,1
www.raiffeisenstambena.hr,1
www.rainbow.hr,1
biorock.hr,1
al-quran.info,1
www.pp-medvednica.hr,1
www.zovak.hr,1
www.pdgraficar.hr,1
ais.hr,1
boutiquelingua.com,1
www.pcnen.com,1
www.pcshop.hr,1
www.pcz-varazdinski-cvijet.hr,1
www.pd-online.info,1
www.pd-promina.hr,1
www.pd-zanatlija.hr,1
biotope-aquarium.info,1
biotrgovina-herceg.hr,1
biogaia.ba,1
birajmozdravije.com,1
bioera.hr,1
www.rc-zagreb-medvedgrad.hr,1
bioekosistem.hr,1
alldigitalweek.eu,1
www.rcirz.org,1
www.rczenica.ba,1
www.reacher780.com,1
www.reactcitizen.eu,1
www.rama.co.ba,1
www.rakovica.com,1
www.radioplus.ba,1
biraj.online,1
biskupija-bk.hr,1
www.radiopuls.lu,1
bisgrad.hr,1
biroteka.hr,1
biroprint.hr,1
allahovarobinjainsaallah.blogger.ba,1
birodom.hr,1
www.radioteka.org,1
birkenstock.hr,1
bitbyte.hr,1
www.radiocurak.com,1
www.renault-trucks.hr,1
www.zeleni-osijek.hr,1
www.refill.hr,1
www.reful-yachting.com,1
www.regata-jabuka.com,1
alliseeismagiccom.wordpress.com,1
www.reggae.hr,1
www.zemlja.rs,1
biljoteka.ba,1
www.realitica.com,1
www.ribnik.hr,1
www.rezolucija.hr,1
www.rezultati.com,1
www.radio-bnm.hr,1
www.rfd-zagreb.hr,1
alluresarajevo.salon,1
www.rhemabooks.org,1
www.ri-lux.hr,1
www.ri.linux.hr,1
www.ri051.com,1
bilijon.com,1
www.rica.hr,1
www.zeleni-signal.hr,1
bilicvitak.hr,1
alligatordiet.website,1
bimaco.net,1
bimini-museum.org,1
bimzeed.eu,1
billing.shopcentar.hr,1
www.renault4serbia.com,1
www.renaultforumserbia.com,1
billans.ba,1
www.registarhrvataizvanhrvatske.hr,1
billy-pos.com,1
www.renoviranje.hr,1
www.reciklaza-misic.hr,1
biobaza.eu,1
allegromedia.net,1
allhours.com,1
bio-plus.hr,1
www.zenica.ba,1
www.zenenaprekretnici.org,1
binocularproduction.com,1
bingo77croatia.com,1
allianthe.com,1
binaryoptionsindicators.com,1
www.recositech.com,1
biltenjavnenabave.hr,1
bina-istra.com,1
www.rifin.com,1
almahor.hr,1
www.rijaset.rs,1
www.zelenkrov.hr,1
www.restoran-dp.com,1
www.restoran-staralugarnica.hr,1
www.resursnicentarpg.me,1
www.retemax.com,1
www.retocentar.hr,1
www.revija-iskanja.si,1
www.realty-croatia.com,1
www.realiscentar.hr,1
bk-rotor.hr,1
www.zg-projekt.hr,1
bitplus.hr,1
alimenta.life,1
www.radio-uniek.nl,1
bitifit.eu,1
www.zgizbori.hr,1
www.radio.hrt.hr,1
www.radio8.ba,1
www.zgaljardic.net,1
www.radiobihac.com,1
www.radiobijelopolje.me,1
biteitquick.com,1
www.restoran-dioniz.hr,1
www.zelenozlato.org,1
www.rijecki-film.com,1
allseeds-planta.com,1
www.zelenanabava.hr,1
almondo.com,1
www.rijekacitycard.hr,1
bilic-savjetovanje.hr,1
bilemordor.blogspot.com,1
www.rezerviraj.hr,1
www.rewardhero.com,1
www.rentaboat-novi.com,1
www.reserved.com,1
www.rentaparty.hr,1
www.rentevent.hr,1
www.rentoholic.com,1
www.reomagrupa.hr,1
www.zelplin.hr,1
www.reply-tool.hr,1
www.reproduktivna-pravda.hr,1
www.reptiles-zoo.fr,1
biljkoborci.com,1
www.republikasrpska.net,1
www.zelkom.hr,1
www.revolut.com,1
www.zupa-svkrizzacretje.hr,1
ais.usvisa-info.com,1
ajq.nerdsoul.it,1
www.ospofalici.edu.ba,1
www.osjecki-taxi.hr,1
brodoarmatura.com,1
www.oslobadjanje.com,1
www.osmium.hr,1
www.osteobiflex.com.hr,1
www.osmmbsa.edu.ba,1
www.osmmdsa.edu.ba,1
www.zus.hr,1
brodbot.hr,1
www.osor-promet.hr,1
brod-projekt.hr,1
www.pcela.hr,1
brna.my1.ru,1
www.ostajemuigri.hr,1
www.osteasacademy.com,1
www.ozonashop.com,1
www.paar.hr,1
www.parnad.com,1
www.paragraf.ba,1
aiic-utpuh.hr,1
www.pannonian-health.eu,1
www.zupakamensko.com,1
agrotehnika.sport-danas.com,1
www.zutestranice.com,1
www.osijek360.com,1
brodsko-kolo.com,1
breznica.karmel.hr,1
www.otok-vir.info,1
breskezupa.com,1
www.ostravnik.com,1
www.otokzdravlja.hr,1
bresilience.eu,1
brenner-grill.hr,1
www.otv.hr,1
brela.com.hr,1
www.ourlovelystories.com,1
www.outletpannelli.it,1
breathelife2030.org,1
www.overseas.hr,1
www.owlsandco.com.hr,1
agrotimm.hr,1
www.ostermann.hr,1
www.ozujskopubmaksi.com,1
www.oslobodioci.com,1
broker.hr,1
brodus.hr,1
agrotehnika-hrvatska.hr,1
brasseraj.com,1
brankaprimorac.com,1
www.pansion-silba.com,1
aicompile.com.hr,1
www.zupapotocani.ch,1
www.pagtours.eu,1
www.paintball-sljeme.com,1
www.pajdas-zlatar.hr,1
bravo.hr,1
www.pan-prom.hr,1
www.paklog.si,1
www.pakostane.hr,1
bravo-bih.com,1
www.palicplebania.org.rs,1
www.pallcareact.org.au,1
braun.manymanuals.de,1
bratunac.ba,1
www.pametnitelefoni.rs,1
aidos.hr,1
bratstreasure.com,1
www.pharmamed.com,1
www.pharos-media.hr,1
bloomweddingscroatia.com,1
www.portal-connect.com,1
www.popust.hr,1
www.pagotent.com,1
brcanski-forum.com,1
www.pansionmarjan.com,1
www.pag-tourist-service.hr,1
www.papirpodcast.com,1
www.papirus-nekretnine.hr,1
brankahollingsworth.com,1
brand.hr,1
www.pandin-brlog.hr,1
www.parametar.hr,1
www.paranit.eu,1
aikidorijeka.hr,1
www.parentbank.eu,1
brand.a1.group,1
www.parfemi.hr,1
www.parfumerija-lana.hr,1
www.parketcentar.hr,1
www.parkorsula.du-hr.net,1
branche.hr,1
www.pangeoprojekt.hr,1
www.zupanja.hr,1
www.padina.ba,1
www.pak.hr,1
ai2future.com,1
www.zupasesvetskikraljevec.com,1
brick.hr,1
www.otok-hvar.com,1
brif.rs,1
www.paysafecard.com,1
bplive.me,1
www.pazinski-kolegij.hr,1
www.pazinup.com,1
airocide.hr,1
brainfitness.hr,1
br4-arhiva.carobna-frula.com,1
www.pbzcard-premium.hr,1
www.pbzcard-travel.hr,1
bportal.icu,1
airtox.hr,1
www.pc-automati.hr,1
bosskiniswim.com,1
www.zupa-sveti-kriz-du.hr,1
braknadvakontinenta.com,1
www.petraradin.com,1
www.personalexpress.de,1
www.perspektive.com.hr,1
www.zupa-samarica.hr,1
www.perutnina.hr,1
www.zupa-prozor.com,1
bosnictabain-lawfirm.hr,1
brainobraineurope.com,1
brainobrainserbia.rs,1
bosnianmagic.blogspot.com,1
www.pavlecic.eu,1
www.pdlipa.hr,1
bosting.eu,1
www.pdopatija.hr,1
www.pdplis.hr,1
www.pdskakavac.ba,1
ajremix.com,1
ajrin.com,1
www.zupa-svetoga-antuna-bj.hr,1
www.pdvaktualno.hr,1
ak-miramare.hr,1
bozicipartneri.eu,1
www.pc1.hr,1
www.pdzeljeznicargospic.hr,1
www.pazin-sport.hr,1
www.partykuca.com,1
www.pastor-mostar.com,1
ailizhang.com,1
brak-jaiti.blogspot.com,1
www.pattex.com.hr,1
air-pannonia.hr,1
www.paulmitchell.hr,1
www.petabrzina.com,1
bosnianbonus.eu,1
brigojedac.hr,1
ak-pozega.hr,1
www.peljesacinfo.com,1
www.penelope-vjencanice.hr,1
www.perrino.hr,1
www.pension-sanlorenzo.com,1
www.pensionsmyndigheten.se,1
www.penta-zagreb.hr,1
www.peptu.com,1
www.pereglin.com,1
boss-jarani.de,1
www.perfectus-revizija.hr,1
www.pernod-ricard-croatia.com,1
bosnjak.biz,1
www.perrin.hr,1
www.zupacitluk.info,1
www.partnerstvo-razvoj.net,1
www.pharmashop.hr,1
agroturizam-brac.com,1
www.osvrt.me,1
briliant.hr,1
www.otkupzlata.biz,1
brijacnica.com,1
www.pelago.hr,1
www.pegaz-rijeka.hr,1
bosnian.chilifireworks.com,1
www.peekabook.hr,1
www.petricevic-kirurgija.com.hr,1
www.zupa-senkovec.hr,1
bosniaherzegovina.un.org,1
www.pewag.com,1
www.pex.rgn.hr,1
www.pfando.de,1
www.pfeifer-tti.hr,1
www.pfri.hr,1
bosnawa.com,1
akademika.ba,1
bosnasrebrenaarhiv.ba,1
www.pharmacy.com.hr,1
bosnjackagim.edu.ba,1
akademijatrcanja.hr,1
bossfitofficial.com,1
www.pellowah-hr.com,1
www.pecina.hr,1
bossband.com.hr,1
www.pecsihorvatszinhaz.hu,1
www.pedala-laganini.hr,1
www.pedala.hr,1
www.renault.ba,1
allmasy.com,1
www.nek.si,1
adriaticexplorer.eu,1
www.natabanu.com,1
celebic.com,1
www.naterapijismajom.hr,1
ceestructhealth.eu,1
www.national.hr,1
cedior.org,1
cedar-agro.hr,1
ceas-mana.ro,1
cdk.hr,1
cemi.org.me,1
zagrebacka-stvarnost.hr,1
www.mvp.gov.ba,1
www.naturalliance.eu,1
www.naturavit.net,1
ccw.ecovo.com,1
zagreb.yee.org.tr,1
cce.hr,1
www.nautical-bracelets.com,1
www.nauticki-centar.hr,1
www.nautico.hr,1
www.nasiusvetu.com,1
www.nasice.hr,1
www.nasuncanojstrani.hr,1
celiacfacts-onlinecourses.eu,1
www.natura-magica.hr,1
www.nautilus-bay.com,1
zagrebinspekt.hr,1
www.myblackcat.eu,1
centarsoulart.com,1
www.myfreefarm.com.hr,1
zagrebhawks.hr,1
www.myfreezoo.com.hr,1
www.myheritage.com.hr,1
www.myporec.com,1
www.n2sed.hr,1
centarmodernihznanja.com,1
centarkliker.com,1
www.myright.ba,1
www.mysalahmat.com,1
centargea.com,1
www.mytravel.hr,1
www.mzmionica1.com,1
www.mzv.cz,1
www.n-aos.com,1
centardubrava.hr,1
centar-motor.com,1
centar-mm.com,1
www.naklice.hr,1
centar-lug.hr,1
centar-mare.hr,1
www.osiguranje.hr,1
blog.bicikli.hr,1
www.promoevent.hr,1
www.promologistika.hr,1
www.promopoint.hr,1
www.zkl.hr,1
www.promostart.hr,1
www.promosvijet.hr,1
www.pronega.si,1
www.proofreadingservices.com,1
blog.bambini.hr,1
www.propisi.net,1
www.propono.hr,1
www.zivotnopartnerstvo.com,1
www.proposta.hr,1
www.prostoria.eu,1
www.proteasport.hr,1
blog.aktualne.cz,1
www.protestantibh.com,1
www.protrade-int.com,1
www.proventpharma.hr,1
blmojgrad.com,1
www.prominenthair.hr,1
www.rikran.hr,1
www.namalenombrijegu.hr,1
agronomsko.hr,1
www.namestitev.si,1
www.namjestaj-intermod.hr,1
zagrebcentar.topoteka.net,1
www.namoci.si,1
zagrebbootcamp.wixsite.com,1
adriatica-nekretnine.hr,1
www.napoleonrostilji.hr,1
www.napovednik.com,1
www.narhalsan.se,1
ceni.hr,1
www.narod.ba,1
adriaticcoaching.com,1
zagrebacki-speleoloski-savez.hr,1
www.narodnaskupstinars.net,1
adriaticdent.eu,1
centar-endokrinologije.com,1
centar-duga.com,1
www.nasbiro.com,1
zagrebacki-kutak.hr,1
www.nasemore.com,1
www.zveza-dlbs.si,1
www.myacebook.net,1
www.mvmpaks2.hu,1
billlentis.com,1
www.nk-sokol.hr,1
www.njuska.hr,1
www.njuska.rs,1
zagartcoll.hazu.hr,1
www.nk-hajduk1932.hr,1
carstvoigracaka.ba,1
www.nk-mladost-zabok.hr,1
www.nirapress.com,1
zadranka.hr,1
www.nk-rudar.hr,1
cars4rent.me,1
www.nk-tresnjevka.hr,1
zagrebguitarfest.com,1
www.nk-vrapce.hr,1
carolijabalona.com,1
carobna-frula.com,1
carmacfoto.blog,1
carlovi.ch,1
www.nisaba-hr.com,1
www.nipex.ba,1
ads-infinitum.co.uk,1
casinoigre-online.com,1
catamaran-line.hr,1
casalinguae.at,1
casamiahk.makro.bar,1
www.niveleta-92.com,1
www.nivago.hr,1
www.nekaostanemedjunama.com,1
zagreb.roomescape.hr,1
www.nekretnine-na-moru.com,1
www.nekretnine-rijeka.com,1
cbbh.ba,1
www.nepomuk.hr,1
www.nekretninehrvatska.hr,1
www.nelly.com.hr,1
www.nemis.hr,1
www.nemovitosti-chorvatsko.biz,1
cazas.org,1
www.nenadvelickovic.ba,1
www.neolit.hr,1
www.neostar.com,1
www.nepal-putovanja.com,1
www.nepkoroshr.com,1
www.newmuslimguide.com,1
catbih.ba,1
www.ncp-zg.hr,1
zadruga.novi.ba,1
www.nitor-grupa.hr,1
www.newzealandcar.com,1
catalog.hr,1
casula-nekretnine.hr,1
centar.get4u.hr,1
centar.ba,1
adriatic-mikulic.hr,1
www.nados.ba,1
centar-tuzla.com,1
www.naftalan.hr,1
www.nagradedokumetar.net,1
centar-solar.eu,1
centardomovinskograta.hr,1
centar-rudolf-steiner.com,1
www.najbolji-stomatolog.com,1
www.najbolji.hr,1
adriatica-boats.com,1
www.najboljiproizvodi.com,1
www.najboljirecepti.eu,1
www.najdiprevoz.si,1
zagrebclimbing.com,1
centar-rir.com,1
centar-origo.hr,1
www.nabavna-akademija.com.hr,1
www.n3capitalpartners.com,1
zagrebcity.eu,1
centar.ffzg.unizg.hr,1
zagrebexpo.com.hr,1
www.nfl-fans-serbia.com,1
centar.open.hr,1
www.nfon.com,1
zagorskajvp.hr,1
casper-rent.com,1
casopisinterfon.rs,1
caskanja.net,1
casinobonus.rs,1
www.ninasempire.com,1
www.nihadhasanovic.com,1
www.nihatcicek.com,1
www.nika-konstrukcije.hr,1
zagorka.hr,1
www.nikelcosmetics.com,1
www.nikolatavelic.com,1
www.nikon.hr,1
www.nill-produkcija.hr,1
www.nin.hr,1
www.nina-dom.hr,1
www.ncs.hr,1
www.navigator-bi.hr,1
centarznr.hr,1
zagrebdesignweek.com,1
www.zivogosce.hr,1
blog.bolt.eu,1
blog.bones.hr,1
www.zmh.com.hr,1
blog.zapadstan.hr,1
blog.zagrebnet.mgz.hr,1
www.prevoditelj.com,1
blog.racuni.hr,1
www.proel-automatizacija.com,1
www.privrednamreza.com,1
albarosa.hr,1
blog.ki.ber.kom.uni.st,1
albers-tontrans.nl,1
www.prirodom-do-zdravlja.net,1
www.zmc.hr,1
www.proljetni.run,1
blog.itkonekt.com,1
blog.inteligencija.com,1
www.privacyfirst.nl,1
www.privrednakomora.me,1
www.prizba.net,1
www.printmedia.hr,1
blog.ingeniumweb.hr,1
www.pro-ping.hr,1
www.pro-silva.hr,1
www.proagro-studio.hr,1
blogaritam.com,1
blogbosonog.wordpress.com,1
www.pravo.com.hr,1
www.zoranmilanovic.hr,1
blog.sendgb.com,1
www.pregledaj.net,1
alabrale.blogger.ba,1
www.prfr.hr,1
blogeri.hr,1
www.pp-vransko-jezero.hr,1
blogiraj.wordpress.com,1
www.ppdivut.ba,1
www.pplr-otokcres.info,1
www.pps-galekovic.hr,1
www.praca.ba,1
www.pracenjemobitela.com,1
www.prague-airport-shuttle.cz,1
www.prague-weather.co.uk,1
blogfeednews.com,1
www.praguehotel.org.uk,1
www.prch.me,1
www.praktikumsustavi.hr,1
www.prangl.hr,1
al.cultural-opposition.eu,1
www.pravaustarosti.com,1
www.proaktiv.hr,1
aledory.com,1
www.probau.eu,1
www.zo-osijek.hr,1
alanivkovic.com,1
www.znanjejeutebi.com,1
blog.medianno.com,1
www.putopis.info,1
bkbih.ba,1
bk.onduline.com,1
www.remax-centar.hr,1
www.rehabilitacija-vrlika.hr,1
www.rehau.com,1
www.reklamauceskoj.cz,1
www.zenadian.com,1
www.rekonekcija.me,1
www.rekreacija.ba,1
billprenasdesokit.snelgantaginowsprodarsulacatuara.co,1
www.relaxadria.com,1
billmut.icu,1
www.remaris.com,1
www.remex.ba,1
www.registar-zastupanje.hr,1
www.remisens.com,1
www.remontenegro.me,1
www.znt-vz.com,1
blog.mgk.hr,1
www.prochrom-comp.si,1
www.zoatours.hr,1
www.proconventa.com,1
www.produzionidalbasso.com,1
blog.lezaljka.com,1
www.printaj.ba,1
www.priboj-majevica.com,1
www.zodijak.rs,1
blog.rabaho.com,1
www.prijedordanas.com,1
www.prijedorgrad.org,1
www.prijevodi-lvv.com,1
www.prijevodi-online.net,1
www.zona-zadar.hr,1
blog.phoenixcontact.com,1
www.prijevodi-vialingua.hr,1
www.prijevodi.com.hr,1
www.prijevodiadacta.com,1
www.prima-filtertehnika.si,1
www.print-centar-krapina.hr,1
www.zod.hr,1
www.primat-informatika.hr,1
www.primat-realestatecroatia.com,1
www.previsic.com,1
www.prevedi.hr,1
www.pressserbia.com,1
www.prowatertec.com,1
alfaband.net,1
www.punksandskins.com,1
www.zipkavarazdin.hr,1
www.zinkamilanov-competition.com,1
www.puc3lj.eu,1
www.pucajodposla.eu,1
bkz.se,1
www.zik-mo.ba,1
www.pulaistriaguide.com,1
www.pulasport.hr,1
www.pulsonline.rs,1
bkr.hr,1
www.purchasechina.com,1
black-lipsticks.blogspot.com,1
www.zig.com.hr,1
bkpula.hr,1
www.ziegler.hr,1
www.purple-mangosteen.com,1
www.zid.org.me,1
www.pusic.hr,1
www.pusti-otok.com,1
www.zivjeti-slobodno.com,1
aleksicdragana.com,1
www.putokazdoboljegsutra.hr,1
aleksaudio.com,1
www.prohoreca.ba,1
www.profilgips-trgovina.hr,1
www.profilpas.com,1
www.profitapp.me,1
www.profitlista.com,1
www.zlatnazora.hr,1
www.progettomartina.it,1
www.programi.uredzadroge.hr,1
aleksandarperovic.wordpress.com,1
aleksandra-mindoljevic-drakulic.info,1
www.progressprofiles.com,1
blog.firmoteka.hr,1
blog.brbljaona.com,1
www.project-kup.org,1
www.project-trade.hr,1
blog.europa92.hr,1
www.projektkrs.com,1
www.zlatna-vala.hr,1
www.zlatarna-dodic.hr,1
www.projektotpad.eu,1
blog.dssmith.com,1
www.putdouspjeha.hr,1
algaefresh.naturesfinest.hr,1
www.pressglass.com,1
blanco.kovinoplast.ba,1
aleksandararezina.blogspot.com,1
blog.gmk.hr,1
www.zloprase.com,1
www.preporod.info,1
blog.unrulymedia.com,1
blog.swisspower.co,1
www.prelepapoezija.com,1
blog.svkatarina.hr,1
www.zoo-osijek.hr,1
www.premantura.com.hr,1
www.premium-nekretnine.hr,1
www.premiummed.hr,1
www.premiumxl.com.hr,1
www.zonalife.hr,1
aladinbooking.com,1
www.predsjednik.me,1
www.preporodvisoko.ba,1
www.preporukavesti.com,1
www.president-agency.com,1
www.preslikaci.net,1
www.pressclipping.hr,1
www.zirs-uciliste.hr,1
bleiburg.jimdofree.com,1
www.publicnow.com,1
blenda.hr,1
www.zirs-promet.hr,1
www.prpic-dental.hr,1
www.psiholog-rebeka-bulat.hr,1
blinker.xnet.ba,1
www.prsut-vostane.hr,1
www.prva-alternativa.si,1
blink.hr,1
alfaradio.hr,1
www.ps-mems.hr,1
blindo.ba,1
www.psihocentrala.com,1
www.psihokibernetika-esena.info,1
www.ziv-tica.hr,1
www.psiholog-rijeka-neli-abramic.hr,1
blackbarth.com,1
www.psiholosko-savetovaliste.com,1
www.zisha.hr,1
www.zirs.hr,1
www.psorijaza.hr,1
www.psp.rs,1
blendologia.eu,1
zzzzzzz.blogger.ba,1
